repo,user_id,year,office,organization_role
synthetic_micro_repo_001,synthetic_user_0484,2020,Basic Energy Sciences,GRADUATE
synthetic_micro_repo_001,synthetic_user_0493,2020,Basic Energy Sciences,GRADUATE
synthetic_micro_repo_001,synthetic_user_0505,2020,Basic Energy Sciences,OTHER
synthetic_micro_repo_001,synthetic_user_0806,2020,Basic Energy Sciences,FACULTY
synthetic_micro_repo_002,synthetic_user_0123,2020,Basic Energy Sciences,SCIENTST
synthetic_micro_repo_002,synthetic_user_0780,2020,Basic Energy Sciences,FACULTY
synthetic_micro_repo_002,synthetic_user_1138,2020,Basic Energy Sciences,GRADUATE
synthetic_micro_repo_002,synthetic_user_1169,2020,Basic Energy Sciences,UNDRGRAD
synthetic_micro_repo_003,synthetic_user_0149,2020,Basic Energy Sciences,POSTDOC
synthetic_micro_repo_003,synthetic_user_0496,2020,Basic Energy Sciences,POSTDOC
synthetic_micro_repo_003,synthetic_user_0644,2020,Basic Energy Sciences,GRADUATE
synthetic_micro_repo_004,synthetic_user_0052,2020,Basic Energy Sciences,POSTDOC
synthetic_micro_repo_004,synthetic_user_0644,2020,Basic Energy Sciences,GRADUATE
synthetic_micro_repo_009,synthetic_user_0024,2020,High Energy Physics,FACULTY
synthetic_micro_repo_009,synthetic_user_0467,2020,High Energy Physics,GRADUATE
synthetic_micro_repo_009,synthetic_user_0997,2020,High Energy Physics,PROSTAFF
synthetic_micro_repo_009,synthetic_user_1001,2020,High Energy Physics,SCIENTST
synthetic_micro_repo_010,synthetic_user_0344,2020,High Energy Physics,GRADUATE
synthetic_micro_repo_010,synthetic_user_1132,2020,High Energy Physics,PROSTAFF
synthetic_micro_repo_011,synthetic_user_0058,2020,High Energy Physics,GRADUATE
synthetic_micro_repo_011,synthetic_user_0228,2020,High Energy Physics,OTHER
synthetic_micro_repo_011,synthetic_user_0993,2020,High Energy Physics,POSTDOC
synthetic_micro_repo_011,synthetic_user_1102,2020,High Energy Physics,POSTDOC
synthetic_micro_repo_012,synthetic_user_0014,2020,High Energy Physics,SCIENTST
synthetic_micro_repo_012,synthetic_user_0048,2020,High Energy Physics,SCIENTST
synthetic_micro_repo_012,synthetic_user_0124,2020,High Energy Physics,OTHER
synthetic_micro_repo_012,synthetic_user_0878,2020,High Energy Physics,SCIENTST
synthetic_micro_repo_013,synthetic_user_0604,2020,High Energy Physics,UNDRGRAD
synthetic_micro_repo_013,synthetic_user_0980,2020,High Energy Physics,GRADUATE
synthetic_micro_repo_017,synthetic_user_0948,2020,NERSC Directors Reserve,PROSTAFF
synthetic_micro_repo_017,synthetic_user_1136,2020,NERSC Directors Reserve,POSTDOC
synthetic_micro_repo_018,synthetic_user_0266,2020,NERSC Directors Reserve,SCIENTST
synthetic_micro_repo_018,synthetic_user_0340,2020,NERSC Directors Reserve,UNDRGRAD
synthetic_micro_repo_018,synthetic_user_0981,2020,NERSC Directors Reserve,FACULTY
synthetic_micro_repo_018,synthetic_user_1183,2020,NERSC Directors Reserve,POSTDOC
synthetic_micro_repo_019,synthetic_user_0136,2020,NERSC Directors Reserve,UNDRGRAD
synthetic_micro_repo_019,synthetic_user_0141,2020,NERSC Directors Reserve,UNDRGRAD
synthetic_micro_repo_019,synthetic_user_0745,2020,NERSC Directors Reserve,GRADUATE
synthetic_micro_repo_019,synthetic_user_1148,2020,NERSC Directors Reserve,GRADUATE
synthetic_micro_repo_020,synthetic_user_0663,2020,NERSC Directors Reserve,PROSTAFF
synthetic_micro_repo_020,synthetic_user_1023,2020,NERSC Directors Reserve,SCIENTST
synthetic_micro_repo_020,synthetic_user_1172,2020,NERSC Directors Reserve,SCIENTST
synthetic_micro_repo_021,synthetic_user_0234,2020,NERSC Directors Reserve,POSTDOC
synthetic_micro_repo_021,synthetic_user_0773,2020,NERSC Directors Reserve,SCIENTST
synthetic_micro_repo_025,synthetic_user_0363,2020,Biological and Environmental Research,GRADUATE
synthetic_micro_repo_025,synthetic_user_0884,2020,Biological and Environmental Research,POSTDOC
synthetic_micro_repo_026,synthetic_user_0584,2020,Biological and Environmental Research,SCIENTST
synthetic_micro_repo_026,synthetic_user_0608,2020,Biological and Environmental Research,FACULTY
synthetic_micro_repo_026,synthetic_user_1063,2020,Biological and Environmental Research,GRADUATE
synthetic_micro_repo_027,synthetic_user_0507,2020,Biological and Environmental Research,POSTDOC
synthetic_micro_repo_027,synthetic_user_0837,2020,Biological and Environmental Research,UNDRGRAD
synthetic_micro_repo_028,synthetic_user_0260,2020,Biological and Environmental Research,POSTDOC
synthetic_micro_repo_028,synthetic_user_0420,2020,Biological and Environmental Research,FACULTY
synthetic_micro_repo_029,synthetic_user_0155,2020,Biological and Environmental Research,NONE
synthetic_micro_repo_029,synthetic_user_0518,2020,Biological and Environmental Research,GRADUATE
synthetic_micro_repo_029,synthetic_user_0648,2020,Biological and Environmental Research,FACULTY
synthetic_micro_repo_029,synthetic_user_0921,2020,Biological and Environmental Research,UNDRGRAD
synthetic_micro_repo_031,synthetic_user_0686,2020,Advanced Scientific Computing Research,POSTDOC
synthetic_micro_repo_031,synthetic_user_0753,2020,Advanced Scientific Computing Research,GRADUATE
synthetic_micro_repo_031,synthetic_user_0830,2020,Advanced Scientific Computing Research,UNDRGRAD
synthetic_micro_repo_031,synthetic_user_1160,2020,Advanced Scientific Computing Research,SCIENTST
synthetic_micro_repo_032,synthetic_user_0081,2020,Advanced Scientific Computing Research,SCIENTST
synthetic_micro_repo_032,synthetic_user_0157,2020,Advanced Scientific Computing Research,UNDRGRAD
synthetic_micro_repo_032,synthetic_user_0782,2020,Advanced Scientific Computing Research,GRADUATE
synthetic_micro_repo_032,synthetic_user_0788,2020,Advanced Scientific Computing Research,POSTDOC
synthetic_micro_repo_033,synthetic_user_0570,2020,Advanced Scientific Computing Research,SCIENTST
synthetic_micro_repo_033,synthetic_user_0723,2020,Advanced Scientific Computing Research,POSTDOC
synthetic_micro_repo_033,synthetic_user_0986,2020,Advanced Scientific Computing Research,POSTDOC
synthetic_micro_repo_034,synthetic_user_0126,2020,Advanced Scientific Computing Research,SCIENTST
synthetic_micro_repo_034,synthetic_user_0272,2020,Advanced Scientific Computing Research,GRADUATE
synthetic_micro_repo_034,synthetic_user_0747,2020,Advanced Scientific Computing Research,GRADUATE
synthetic_micro_repo_038,synthetic_user_0514,2020,Fusion Energy Sciences,UNDRGRAD
synthetic_micro_repo_038,synthetic_user_0794,2020,Fusion Energy Sciences,SCIENTST
synthetic_micro_repo_038,synthetic_user_0909,2020,Fusion Energy Sciences,FACULTY
synthetic_micro_repo_038,synthetic_user_1084,2020,Fusion Energy Sciences,SCIENTST
synthetic_micro_repo_039,synthetic_user_0777,2020,Fusion Energy Sciences,SCIENTST
synthetic_micro_repo_039,synthetic_user_0967,2020,Fusion Energy Sciences,SCIENTST
synthetic_micro_repo_040,synthetic_user_0019,2020,Fusion Energy Sciences,POSTDOC
synthetic_micro_repo_040,synthetic_user_0895,2020,Fusion Energy Sciences,SCIENTST
synthetic_micro_repo_041,synthetic_user_0043,2020,Fusion Energy Sciences,NONE
synthetic_micro_repo_041,synthetic_user_0172,2020,Fusion Energy Sciences,PROSTAFF
synthetic_micro_repo_042,synthetic_user_0449,2020,Fusion Energy Sciences,POSTDOC
synthetic_micro_repo_042,synthetic_user_0539,2020,Fusion Energy Sciences,FACULTY
synthetic_micro_repo_042,synthetic_user_0941,2020,Fusion Energy Sciences,GRADUATE
synthetic_micro_repo_043,synthetic_user_0211,2020,Fusion Energy Sciences,FACULTY
synthetic_micro_repo_043,synthetic_user_0505,2020,Fusion Energy Sciences,OTHER
synthetic_micro_repo_048,synthetic_user_0125,2020,Nuclear Physics,POSTDOC
synthetic_micro_repo_048,synthetic_user_0418,2020,Nuclear Physics,OTHER
synthetic_micro_repo_049,synthetic_user_0883,2020,Nuclear Physics,GRADUATE
synthetic_micro_repo_049,synthetic_user_0939,2020,Nuclear Physics,FACULTY
synthetic_micro_repo_049,synthetic_user_1045,2020,Nuclear Physics,UNDRGRAD
synthetic_micro_repo_054,synthetic_user_0351,2020,ASCR Leadership Computing Challenge,FACULTY
synthetic_micro_repo_054,synthetic_user_0374,2020,ASCR Leadership Computing Challenge,POSTDOC
synthetic_micro_repo_054,synthetic_user_1030,2020,ASCR Leadership Computing Challenge,POSTDOC
synthetic_micro_repo_054,synthetic_user_1049,2020,ASCR Leadership Computing Challenge,UNDRGRAD
synthetic_micro_repo_055,synthetic_user_0190,2020,ASCR Leadership Computing Challenge,POSTDOC
synthetic_micro_repo_055,synthetic_user_0605,2020,ASCR Leadership Computing Challenge,SCIENTST
synthetic_micro_repo_055,synthetic_user_1026,2020,ASCR Leadership Computing Challenge,UNDRGRAD
synthetic_micro_repo_055,synthetic_user_1038,2020,ASCR Leadership Computing Challenge,POSTDOC
synthetic_micro_repo_056,synthetic_user_0111,2020,ASCR Leadership Computing Challenge,PROSTAFF
synthetic_micro_repo_056,synthetic_user_0134,2020,ASCR Leadership Computing Challenge,POSTDOC
synthetic_micro_repo_056,synthetic_user_1103,2020,ASCR Leadership Computing Challenge,OTHER
synthetic_micro_repo_057,synthetic_user_0171,2020,ASCR Leadership Computing Challenge,UNDRGRAD
synthetic_micro_repo_057,synthetic_user_0627,2020,ASCR Leadership Computing Challenge,PROSTAFF
synthetic_repo_001,synthetic_user_0016,2020,Basic Energy Sciences,UNDRGRAD
synthetic_repo_001,synthetic_user_0205,2020,Basic Energy Sciences,SCIENTST
synthetic_repo_001,synthetic_user_0438,2020,Basic Energy Sciences,UNDRGRAD
synthetic_repo_001,synthetic_user_0451,2020,Basic Energy Sciences,OTHER
synthetic_repo_001,synthetic_user_0672,2020,Basic Energy Sciences,PROSTAFF
synthetic_repo_001,synthetic_user_1018,2020,Basic Energy Sciences,GRADUATE
synthetic_repo_001,synthetic_user_1147,2020,Basic Energy Sciences,SCIENTST
synthetic_repo_004,synthetic_user_0015,2020,Basic Energy Sciences,GRADUATE
synthetic_repo_004,synthetic_user_0160,2020,Basic Energy Sciences,SCIENTST
synthetic_repo_004,synthetic_user_0337,2020,Basic Energy Sciences,SCIENTST
synthetic_repo_004,synthetic_user_0621,2020,Basic Energy Sciences,POSTDOC
synthetic_repo_004,synthetic_user_0640,2020,Basic Energy Sciences,NONE
synthetic_repo_004,synthetic_user_0783,2020,Basic Energy Sciences,SCIENTST
synthetic_repo_004,synthetic_user_0810,2020,Basic Energy Sciences,GRADUATE
synthetic_repo_004,synthetic_user_1018,2020,Basic Energy Sciences,GRADUATE
synthetic_repo_004,synthetic_user_1051,2020,Basic Energy Sciences,PROSTAFF
synthetic_repo_004,synthetic_user_1059,2020,Basic Energy Sciences,SCIENTST
synthetic_repo_005,synthetic_user_0015,2020,Basic Energy Sciences,GRADUATE
synthetic_repo_005,synthetic_user_0328,2020,Basic Energy Sciences,PROSTAFF
synthetic_repo_005,synthetic_user_0398,2020,Basic Energy Sciences,OTHER
synthetic_repo_005,synthetic_user_0438,2020,Basic Energy Sciences,UNDRGRAD
synthetic_repo_005,synthetic_user_0520,2020,Basic Energy Sciences,POSTDOC
synthetic_repo_005,synthetic_user_0781,2020,Basic Energy Sciences,PROSTAFF
synthetic_repo_005,synthetic_user_0784,2020,Basic Energy Sciences,SCIENTST
synthetic_repo_005,synthetic_user_1032,2020,Basic Energy Sciences,GRADUATE
synthetic_repo_005,synthetic_user_1044,2020,Basic Energy Sciences,PROSTAFF
synthetic_repo_005,synthetic_user_1059,2020,Basic Energy Sciences,SCIENTST
synthetic_repo_005,synthetic_user_1166,2020,Basic Energy Sciences,GRADUATE
synthetic_repo_005,synthetic_user_1186,2020,Basic Energy Sciences,FACULTY
synthetic_repo_006,synthetic_user_0205,2020,Basic Energy Sciences,SCIENTST
synthetic_repo_006,synthetic_user_0213,2020,Basic Energy Sciences,GRADUATE
synthetic_repo_006,synthetic_user_0379,2020,Basic Energy Sciences,FACULTY
synthetic_repo_006,synthetic_user_0404,2020,Basic Energy Sciences,UNDRGRAD
synthetic_repo_006,synthetic_user_0408,2020,Basic Energy Sciences,UNDRGRAD
synthetic_repo_006,synthetic_user_0437,2020,Basic Energy Sciences,UNDRGRAD
synthetic_repo_006,synthetic_user_0640,2020,Basic Energy Sciences,NONE
synthetic_repo_006,synthetic_user_0822,2020,Basic Energy Sciences,FACULTY
synthetic_repo_006,synthetic_user_0920,2020,Basic Energy Sciences,PROSTAFF
synthetic_repo_006,synthetic_user_0922,2020,Basic Energy Sciences,POSTDOC
synthetic_repo_006,synthetic_user_1016,2020,Basic Energy Sciences,FACULTY
synthetic_repo_006,synthetic_user_1032,2020,Basic Energy Sciences,GRADUATE
synthetic_repo_006,synthetic_user_1051,2020,Basic Energy Sciences,PROSTAFF
synthetic_repo_006,synthetic_user_1147,2020,Basic Energy Sciences,SCIENTST
synthetic_repo_009,synthetic_user_0011,2020,Basic Energy Sciences,NONE
synthetic_repo_009,synthetic_user_0015,2020,Basic Energy Sciences,GRADUATE
synthetic_repo_009,synthetic_user_0016,2020,Basic Energy Sciences,UNDRGRAD
synthetic_repo_009,synthetic_user_0032,2020,Basic Energy Sciences,GRADUATE
synthetic_repo_009,synthetic_user_0035,2020,Basic Energy Sciences,UNDRGRAD
synthetic_repo_009,synthetic_user_0121,2020,Basic Energy Sciences,SCIENTST
synthetic_repo_009,synthetic_user_0148,2020,Basic Energy Sciences,FACULTY
synthetic_repo_009,synthetic_user_0160,2020,Basic Energy Sciences,SCIENTST
synthetic_repo_009,synthetic_user_0205,2020,Basic Energy Sciences,SCIENTST
synthetic_repo_009,synthetic_user_0280,2020,Basic Energy Sciences,FACULTY
synthetic_repo_009,synthetic_user_0285,2020,Basic Energy Sciences,PROSTAFF
synthetic_repo_009,synthetic_user_0321,2020,Basic Energy Sciences,SCIENTST
synthetic_repo_009,synthetic_user_0328,2020,Basic Energy Sciences,PROSTAFF
synthetic_repo_009,synthetic_user_0401,2020,Basic Energy Sciences,OTHER
synthetic_repo_009,synthetic_user_0404,2020,Basic Energy Sciences,UNDRGRAD
synthetic_repo_009,synthetic_user_0437,2020,Basic Energy Sciences,UNDRGRAD
synthetic_repo_009,synthetic_user_0438,2020,Basic Energy Sciences,UNDRGRAD
synthetic_repo_009,synthetic_user_0448,2020,Basic Energy Sciences,OTHER
synthetic_repo_009,synthetic_user_0456,2020,Basic Energy Sciences,PROSTAFF
synthetic_repo_009,synthetic_user_0480,2020,Basic Energy Sciences,FACULTY
synthetic_repo_009,synthetic_user_0520,2020,Basic Energy Sciences,POSTDOC
synthetic_repo_009,synthetic_user_0590,2020,Basic Energy Sciences,PROSTAFF
synthetic_repo_009,synthetic_user_0640,2020,Basic Energy Sciences,NONE
synthetic_repo_009,synthetic_user_0671,2020,Basic Energy Sciences,FACULTY
synthetic_repo_009,synthetic_user_0672,2020,Basic Energy Sciences,PROSTAFF
synthetic_repo_009,synthetic_user_0673,2020,Basic Energy Sciences,GRADUATE
synthetic_repo_009,synthetic_user_0784,2020,Basic Energy Sciences,SCIENTST
synthetic_repo_009,synthetic_user_0810,2020,Basic Energy Sciences,GRADUATE
synthetic_repo_009,synthetic_user_0862,2020,Basic Energy Sciences,GRADUATE
synthetic_repo_009,synthetic_user_0864,2020,Basic Energy Sciences,POSTDOC
synthetic_repo_009,synthetic_user_0920,2020,Basic Energy Sciences,PROSTAFF
synthetic_repo_009,synthetic_user_0959,2020,Basic Energy Sciences,PROSTAFF
synthetic_repo_009,synthetic_user_1015,2020,Basic Energy Sciences,GRADUATE
synthetic_repo_009,synthetic_user_1018,2020,Basic Energy Sciences,GRADUATE
synthetic_repo_009,synthetic_user_1032,2020,Basic Energy Sciences,GRADUATE
synthetic_repo_009,synthetic_user_1051,2020,Basic Energy Sciences,PROSTAFF
synthetic_repo_009,synthetic_user_1059,2020,Basic Energy Sciences,SCIENTST
synthetic_repo_009,synthetic_user_1119,2020,Basic Energy Sciences,PROSTAFF
synthetic_repo_009,synthetic_user_1131,2020,Basic Energy Sciences,OTHER
synthetic_repo_009,synthetic_user_1147,2020,Basic Energy Sciences,SCIENTST
synthetic_repo_009,synthetic_user_1179,2020,Basic Energy Sciences,SCIENTST
synthetic_repo_011,synthetic_user_0457,2020,High Energy Physics,FACULTY
synthetic_repo_011,synthetic_user_0665,2020,High Energy Physics,GRADUATE
synthetic_repo_011,synthetic_user_0785,2020,High Energy Physics,GRADUATE
synthetic_repo_011,synthetic_user_0915,2020,High Energy Physics,POSTDOC
synthetic_repo_014,synthetic_user_0067,2020,High Energy Physics,POSTDOC
synthetic_repo_014,synthetic_user_0101,2020,High Energy Physics,PROSTAFF
synthetic_repo_014,synthetic_user_0347,2020,High Energy Physics,GRADUATE
synthetic_repo_014,synthetic_user_0442,2020,High Energy Physics,GRADUATE
synthetic_repo_014,synthetic_user_0450,2020,High Energy Physics,FACULTY
synthetic_repo_014,synthetic_user_0457,2020,High Energy Physics,FACULTY
synthetic_repo_014,synthetic_user_0889,2020,High Energy Physics,SCIENTST
synthetic_repo_014,synthetic_user_0928,2020,High Energy Physics,POSTDOC
synthetic_repo_014,synthetic_user_0962,2020,High Energy Physics,FACULTY
synthetic_repo_014,synthetic_user_1096,2020,High Energy Physics,GRADUATE
synthetic_repo_014,synthetic_user_1171,2020,High Energy Physics,SCIENTST
synthetic_repo_015,synthetic_user_0167,2020,High Energy Physics,NONE
synthetic_repo_015,synthetic_user_0203,2020,High Energy Physics,SCIENTST
synthetic_repo_015,synthetic_user_0255,2020,High Energy Physics,SCIENTST
synthetic_repo_015,synthetic_user_0347,2020,High Energy Physics,GRADUATE
synthetic_repo_015,synthetic_user_0429,2020,High Energy Physics,SCIENTST
synthetic_repo_015,synthetic_user_0445,2020,High Energy Physics,GRADUATE
synthetic_repo_015,synthetic_user_0450,2020,High Energy Physics,FACULTY
synthetic_repo_015,synthetic_user_0452,2020,High Energy Physics,POSTDOC
synthetic_repo_015,synthetic_user_0529,2020,High Energy Physics,POSTDOC
synthetic_repo_015,synthetic_user_0602,2020,High Energy Physics,SCIENTST
synthetic_repo_015,synthetic_user_0649,2020,High Energy Physics,FACULTY
synthetic_repo_015,synthetic_user_0713,2020,High Energy Physics,OTHER
synthetic_repo_015,synthetic_user_0715,2020,High Energy Physics,UNDRGRAD
synthetic_repo_015,synthetic_user_0933,2020,High Energy Physics,GRADUATE
synthetic_repo_015,synthetic_user_0983,2020,High Energy Physics,GRADUATE
synthetic_repo_015,synthetic_user_1039,2020,High Energy Physics,POSTDOC
synthetic_repo_016,synthetic_user_0034,2020,High Energy Physics,POSTDOC
synthetic_repo_016,synthetic_user_0067,2020,High Energy Physics,POSTDOC
synthetic_repo_016,synthetic_user_0176,2020,High Energy Physics,OTHER
synthetic_repo_016,synthetic_user_0308,2020,High Energy Physics,GRADUATE
synthetic_repo_016,synthetic_user_0341,2020,High Energy Physics,PROSTAFF
synthetic_repo_016,synthetic_user_0422,2020,High Energy Physics,GRADUATE
synthetic_repo_016,synthetic_user_0450,2020,High Energy Physics,FACULTY
synthetic_repo_016,synthetic_user_0635,2020,High Energy Physics,PROSTAFF
synthetic_repo_016,synthetic_user_0642,2020,High Energy Physics,SCIENTST
synthetic_repo_016,synthetic_user_0785,2020,High Energy Physics,GRADUATE
synthetic_repo_016,synthetic_user_0872,2020,High Energy Physics,POSTDOC
synthetic_repo_016,synthetic_user_0912,2020,High Energy Physics,OTHER
synthetic_repo_016,synthetic_user_0915,2020,High Energy Physics,POSTDOC
synthetic_repo_016,synthetic_user_1039,2020,High Energy Physics,POSTDOC
synthetic_repo_019,synthetic_user_0034,2020,High Energy Physics,POSTDOC
synthetic_repo_019,synthetic_user_0128,2020,High Energy Physics,PROSTAFF
synthetic_repo_019,synthetic_user_0133,2020,High Energy Physics,UNDRGRAD
synthetic_repo_019,synthetic_user_0154,2020,High Energy Physics,SCIENTST
synthetic_repo_019,synthetic_user_0167,2020,High Energy Physics,NONE
synthetic_repo_019,synthetic_user_0255,2020,High Energy Physics,SCIENTST
synthetic_repo_019,synthetic_user_0308,2020,High Energy Physics,GRADUATE
synthetic_repo_019,synthetic_user_0325,2020,High Energy Physics,SCIENTST
synthetic_repo_019,synthetic_user_0341,2020,High Energy Physics,PROSTAFF
synthetic_repo_019,synthetic_user_0347,2020,High Energy Physics,GRADUATE
synthetic_repo_019,synthetic_user_0380,2020,High Energy Physics,POSTDOC
synthetic_repo_019,synthetic_user_0450,2020,High Energy Physics,FACULTY
synthetic_repo_019,synthetic_user_0457,2020,High Energy Physics,FACULTY
synthetic_repo_019,synthetic_user_0488,2020,High Energy Physics,FACULTY
synthetic_repo_019,synthetic_user_0529,2020,High Energy Physics,POSTDOC
synthetic_repo_019,synthetic_user_0602,2020,High Energy Physics,SCIENTST
synthetic_repo_019,synthetic_user_0635,2020,High Energy Physics,PROSTAFF
synthetic_repo_019,synthetic_user_0642,2020,High Energy Physics,SCIENTST
synthetic_repo_019,synthetic_user_0683,2020,High Energy Physics,POSTDOC
synthetic_repo_019,synthetic_user_0713,2020,High Energy Physics,OTHER
synthetic_repo_019,synthetic_user_0715,2020,High Energy Physics,UNDRGRAD
synthetic_repo_019,synthetic_user_0760,2020,High Energy Physics,OTHER
synthetic_repo_019,synthetic_user_0801,2020,High Energy Physics,GRADUATE
synthetic_repo_019,synthetic_user_0872,2020,High Energy Physics,POSTDOC
synthetic_repo_019,synthetic_user_0889,2020,High Energy Physics,SCIENTST
synthetic_repo_019,synthetic_user_0915,2020,High Energy Physics,POSTDOC
synthetic_repo_019,synthetic_user_0953,2020,High Energy Physics,SCIENTST
synthetic_repo_019,synthetic_user_0983,2020,High Energy Physics,GRADUATE
synthetic_repo_019,synthetic_user_1024,2020,High Energy Physics,OTHER
synthetic_repo_019,synthetic_user_1039,2020,High Energy Physics,POSTDOC
synthetic_repo_019,synthetic_user_1114,2020,High Energy Physics,POSTDOC
synthetic_repo_019,synthetic_user_1145,2020,High Energy Physics,POSTDOC
synthetic_repo_019,synthetic_user_1161,2020,High Energy Physics,PROSTAFF
synthetic_repo_021,synthetic_user_0115,2020,NERSC Directors Reserve,GRADUATE
synthetic_repo_021,synthetic_user_0263,2020,NERSC Directors Reserve,GRADUATE
synthetic_repo_021,synthetic_user_0554,2020,NERSC Directors Reserve,POSTDOC
synthetic_repo_021,synthetic_user_0763,2020,NERSC Directors Reserve,POSTDOC
synthetic_repo_021,synthetic_user_1106,2020,NERSC Directors Reserve,FACULTY
synthetic_repo_024,synthetic_user_0188,2020,NERSC Directors Reserve,GRADUATE
synthetic_repo_024,synthetic_user_0252,2020,NERSC Directors Reserve,SCIENTST
synthetic_repo_024,synthetic_user_0307,2020,NERSC Directors Reserve,SCIENTST
synthetic_repo_024,synthetic_user_0334,2020,NERSC Directors Reserve,POSTDOC
synthetic_repo_024,synthetic_user_0513,2020,NERSC Directors Reserve,FACULTY
synthetic_repo_024,synthetic_user_0626,2020,NERSC Directors Reserve,FACULTY
synthetic_repo_024,synthetic_user_1021,2020,NERSC Directors Reserve,FACULTY
synthetic_repo_024,synthetic_user_1070,2020,NERSC Directors Reserve,SCIENTST
synthetic_repo_024,synthetic_user_1111,2020,NERSC Directors Reserve,GRADUATE
synthetic_repo_025,synthetic_user_0095,2020,NERSC Directors Reserve,GRADUATE
synthetic_repo_025,synthetic_user_0118,2020,NERSC Directors Reserve,PROSTAFF
synthetic_repo_025,synthetic_user_0161,2020,NERSC Directors Reserve,POSTDOC
synthetic_repo_025,synthetic_user_0248,2020,NERSC Directors Reserve,GRADUATE
synthetic_repo_025,synthetic_user_0263,2020,NERSC Directors Reserve,GRADUATE
synthetic_repo_025,synthetic_user_0307,2020,NERSC Directors Reserve,SCIENTST
synthetic_repo_025,synthetic_user_0334,2020,NERSC Directors Reserve,POSTDOC
synthetic_repo_025,synthetic_user_0346,2020,NERSC Directors Reserve,GRADUATE
synthetic_repo_025,synthetic_user_0353,2020,NERSC Directors Reserve,NONE
synthetic_repo_025,synthetic_user_0554,2020,NERSC Directors Reserve,POSTDOC
synthetic_repo_025,synthetic_user_0582,2020,NERSC Directors Reserve,SCIENTST
synthetic_repo_025,synthetic_user_0761,2020,NERSC Directors Reserve,POSTDOC
synthetic_repo_025,synthetic_user_0763,2020,NERSC Directors Reserve,POSTDOC
synthetic_repo_025,synthetic_user_0803,2020,NERSC Directors Reserve,SCIENTST
synthetic_repo_025,synthetic_user_1078,2020,NERSC Directors Reserve,OTHER
synthetic_repo_025,synthetic_user_1155,2020,NERSC Directors Reserve,PROSTAFF
synthetic_repo_026,synthetic_user_0278,2020,NERSC Directors Reserve,OTHER
synthetic_repo_026,synthetic_user_0333,2020,NERSC Directors Reserve,SCIENTST
synthetic_repo_026,synthetic_user_0353,2020,NERSC Directors Reserve,NONE
synthetic_repo_026,synthetic_user_0447,2020,NERSC Directors Reserve,POSTDOC
synthetic_repo_026,synthetic_user_0483,2020,NERSC Directors Reserve,SCIENTST
synthetic_repo_026,synthetic_user_0554,2020,NERSC Directors Reserve,POSTDOC
synthetic_repo_026,synthetic_user_0583,2020,NERSC Directors Reserve,UNDRGRAD
synthetic_repo_026,synthetic_user_0676,2020,NERSC Directors Reserve,POSTDOC
synthetic_repo_026,synthetic_user_0763,2020,NERSC Directors Reserve,POSTDOC
synthetic_repo_026,synthetic_user_0803,2020,NERSC Directors Reserve,SCIENTST
synthetic_repo_026,synthetic_user_0926,2020,NERSC Directors Reserve,UNDRGRAD
synthetic_repo_026,synthetic_user_0935,2020,NERSC Directors Reserve,POSTDOC
synthetic_repo_026,synthetic_user_0942,2020,NERSC Directors Reserve,POSTDOC
synthetic_repo_026,synthetic_user_1155,2020,NERSC Directors Reserve,PROSTAFF
synthetic_repo_026,synthetic_user_1176,2020,NERSC Directors Reserve,SCIENTST
synthetic_repo_029,synthetic_user_0095,2020,NERSC Directors Reserve,GRADUATE
synthetic_repo_029,synthetic_user_0115,2020,NERSC Directors Reserve,GRADUATE
synthetic_repo_029,synthetic_user_0118,2020,NERSC Directors Reserve,PROSTAFF
synthetic_repo_029,synthetic_user_0185,2020,NERSC Directors Reserve,UNDRGRAD
synthetic_repo_029,synthetic_user_0207,2020,NERSC Directors Reserve,PROSTAFF
synthetic_repo_029,synthetic_user_0232,2020,NERSC Directors Reserve,PROSTAFF
synthetic_repo_029,synthetic_user_0248,2020,NERSC Directors Reserve,GRADUATE
synthetic_repo_029,synthetic_user_0263,2020,NERSC Directors Reserve,GRADUATE
synthetic_repo_029,synthetic_user_0278,2020,NERSC Directors Reserve,OTHER
synthetic_repo_029,synthetic_user_0307,2020,NERSC Directors Reserve,SCIENTST
synthetic_repo_029,synthetic_user_0334,2020,NERSC Directors Reserve,POSTDOC
synthetic_repo_029,synthetic_user_0346,2020,NERSC Directors Reserve,GRADUATE
synthetic_repo_029,synthetic_user_0350,2020,NERSC Directors Reserve,FACULTY
synthetic_repo_029,synthetic_user_0353,2020,NERSC Directors Reserve,NONE
synthetic_repo_029,synthetic_user_0387,2020,NERSC Directors Reserve,POSTDOC
synthetic_repo_029,synthetic_user_0400,2020,NERSC Directors Reserve,PROSTAFF
synthetic_repo_029,synthetic_user_0465,2020,NERSC Directors Reserve,GRADUATE
synthetic_repo_029,synthetic_user_0479,2020,NERSC Directors Reserve,OTHER
synthetic_repo_029,synthetic_user_0513,2020,NERSC Directors Reserve,FACULTY
synthetic_repo_029,synthetic_user_0554,2020,NERSC Directors Reserve,POSTDOC
synthetic_repo_029,synthetic_user_0563,2020,NERSC Directors Reserve,POSTDOC
synthetic_repo_029,synthetic_user_0575,2020,NERSC Directors Reserve,PROSTAFF
synthetic_repo_029,synthetic_user_0581,2020,NERSC Directors Reserve,POSTDOC
synthetic_repo_029,synthetic_user_0583,2020,NERSC Directors Reserve,UNDRGRAD
synthetic_repo_029,synthetic_user_0650,2020,NERSC Directors Reserve,POSTDOC
synthetic_repo_029,synthetic_user_0668,2020,NERSC Directors Reserve,UNDRGRAD
synthetic_repo_029,synthetic_user_0729,2020,NERSC Directors Reserve,UNDRGRAD
synthetic_repo_029,synthetic_user_0763,2020,NERSC Directors Reserve,POSTDOC
synthetic_repo_029,synthetic_user_0768,2020,NERSC Directors Reserve,POSTDOC
synthetic_repo_029,synthetic_user_0803,2020,NERSC Directors Reserve,SCIENTST
synthetic_repo_029,synthetic_user_0826,2020,NERSC Directors Reserve,POSTDOC
synthetic_repo_029,synthetic_user_0841,2020,NERSC Directors Reserve,SCIENTST
synthetic_repo_029,synthetic_user_0865,2020,NERSC Directors Reserve,PROSTAFF
synthetic_repo_029,synthetic_user_0882,2020,NERSC Directors Reserve,PROSTAFF
synthetic_repo_029,synthetic_user_0885,2020,NERSC Directors Reserve,FACULTY
synthetic_repo_029,synthetic_user_0942,2020,NERSC Directors Reserve,POSTDOC
synthetic_repo_029,synthetic_user_0944,2020,NERSC Directors Reserve,PROSTAFF
synthetic_repo_029,synthetic_user_0950,2020,NERSC Directors Reserve,POSTDOC
synthetic_repo_029,synthetic_user_1021,2020,NERSC Directors Reserve,FACULTY
synthetic_repo_029,synthetic_user_1069,2020,NERSC Directors Reserve,UNDRGRAD
synthetic_repo_029,synthetic_user_1070,2020,NERSC Directors Reserve,SCIENTST
synthetic_repo_029,synthetic_user_1078,2020,NERSC Directors Reserve,OTHER
synthetic_repo_029,synthetic_user_1106,2020,NERSC Directors Reserve,FACULTY
synthetic_repo_029,synthetic_user_1155,2020,NERSC Directors Reserve,PROSTAFF
synthetic_repo_031,synthetic_user_0044,2020,Biological and Environmental Research,FACULTY
synthetic_repo_031,synthetic_user_0062,2020,Biological and Environmental Research,UNDRGRAD
synthetic_repo_031,synthetic_user_0674,2020,Biological and Environmental Research,SCIENTST
synthetic_repo_031,synthetic_user_0799,2020,Biological and Environmental Research,PROSTAFF
synthetic_repo_034,synthetic_user_0085,2020,Biological and Environmental Research,GRADUATE
synthetic_repo_034,synthetic_user_0101,2020,Biological and Environmental Research,PROSTAFF
synthetic_repo_034,synthetic_user_0243,2020,Biological and Environmental Research,POSTDOC
synthetic_repo_034,synthetic_user_0378,2020,Biological and Environmental Research,POSTDOC
synthetic_repo_034,synthetic_user_0623,2020,Biological and Environmental Research,POSTDOC
synthetic_repo_034,synthetic_user_0765,2020,Biological and Environmental Research,POSTDOC
synthetic_repo_034,synthetic_user_0808,2020,Biological and Environmental Research,POSTDOC
synthetic_repo_034,synthetic_user_0812,2020,Biological and Environmental Research,SCIENTST
synthetic_repo_034,synthetic_user_0825,2020,Biological and Environmental Research,PROSTAFF
synthetic_repo_034,synthetic_user_1113,2020,Biological and Environmental Research,SCIENTST
synthetic_repo_035,synthetic_user_0036,2020,Biological and Environmental Research,POSTDOC
synthetic_repo_035,synthetic_user_0085,2020,Biological and Environmental Research,GRADUATE
synthetic_repo_035,synthetic_user_0184,2020,Biological and Environmental Research,PROSTAFF
synthetic_repo_035,synthetic_user_0223,2020,Biological and Environmental Research,GRADUATE
synthetic_repo_035,synthetic_user_0243,2020,Biological and Environmental Research,POSTDOC
synthetic_repo_035,synthetic_user_0556,2020,Biological and Environmental Research,POSTDOC
synthetic_repo_035,synthetic_user_0700,2020,Biological and Environmental Research,PROSTAFF
synthetic_repo_035,synthetic_user_0716,2020,Biological and Environmental Research,PROSTAFF
synthetic_repo_035,synthetic_user_0757,2020,Biological and Environmental Research,SCIENTST
synthetic_repo_035,synthetic_user_0848,2020,Biological and Environmental Research,UNDRGRAD
synthetic_repo_035,synthetic_user_0901,2020,Biological and Environmental Research,GRADUATE
synthetic_repo_035,synthetic_user_0931,2020,Biological and Environmental Research,FACULTY
synthetic_repo_036,synthetic_user_0012,2020,Biological and Environmental Research,GRADUATE
synthetic_repo_036,synthetic_user_0092,2020,Biological and Environmental Research,NONE
synthetic_repo_036,synthetic_user_0094,2020,Biological and Environmental Research,GRADUATE
synthetic_repo_036,synthetic_user_0156,2020,Biological and Environmental Research,PROSTAFF
synthetic_repo_036,synthetic_user_0184,2020,Biological and Environmental Research,PROSTAFF
synthetic_repo_036,synthetic_user_0195,2020,Biological and Environmental Research,POSTDOC
synthetic_repo_036,synthetic_user_0300,2020,Biological and Environmental Research,GRADUATE
synthetic_repo_036,synthetic_user_0310,2020,Biological and Environmental Research,GRADUATE
synthetic_repo_036,synthetic_user_0378,2020,Biological and Environmental Research,POSTDOC
synthetic_repo_036,synthetic_user_0623,2020,Biological and Environmental Research,POSTDOC
synthetic_repo_036,synthetic_user_0765,2020,Biological and Environmental Research,POSTDOC
synthetic_repo_036,synthetic_user_0848,2020,Biological and Environmental Research,UNDRGRAD
synthetic_repo_036,synthetic_user_0901,2020,Biological and Environmental Research,GRADUATE
synthetic_repo_036,synthetic_user_0910,2020,Biological and Environmental Research,PROSTAFF
synthetic_repo_036,synthetic_user_0931,2020,Biological and Environmental Research,FACULTY
synthetic_repo_036,synthetic_user_1113,2020,Biological and Environmental Research,SCIENTST
synthetic_repo_039,synthetic_user_0036,2020,Biological and Environmental Research,POSTDOC
synthetic_repo_039,synthetic_user_0062,2020,Biological and Environmental Research,UNDRGRAD
synthetic_repo_039,synthetic_user_0089,2020,Biological and Environmental Research,POSTDOC
synthetic_repo_039,synthetic_user_0094,2020,Biological and Environmental Research,GRADUATE
synthetic_repo_039,synthetic_user_0099,2020,Biological and Environmental Research,GRADUATE
synthetic_repo_039,synthetic_user_0105,2020,Biological and Environmental Research,PROSTAFF
synthetic_repo_039,synthetic_user_0110,2020,Biological and Environmental Research,UNDRGRAD
synthetic_repo_039,synthetic_user_0173,2020,Biological and Environmental Research,PROSTAFF
synthetic_repo_039,synthetic_user_0223,2020,Biological and Environmental Research,GRADUATE
synthetic_repo_039,synthetic_user_0243,2020,Biological and Environmental Research,POSTDOC
synthetic_repo_039,synthetic_user_0310,2020,Biological and Environmental Research,GRADUATE
synthetic_repo_039,synthetic_user_0378,2020,Biological and Environmental Research,POSTDOC
synthetic_repo_039,synthetic_user_0476,2020,Biological and Environmental Research,GRADUATE
synthetic_repo_039,synthetic_user_0674,2020,Biological and Environmental Research,SCIENTST
synthetic_repo_039,synthetic_user_0700,2020,Biological and Environmental Research,PROSTAFF
synthetic_repo_039,synthetic_user_0799,2020,Biological and Environmental Research,PROSTAFF
synthetic_repo_039,synthetic_user_0848,2020,Biological and Environmental Research,UNDRGRAD
synthetic_repo_039,synthetic_user_0871,2020,Biological and Environmental Research,FACULTY
synthetic_repo_039,synthetic_user_0893,2020,Biological and Environmental Research,GRADUATE
synthetic_repo_039,synthetic_user_0901,2020,Biological and Environmental Research,GRADUATE
synthetic_repo_039,synthetic_user_0910,2020,Biological and Environmental Research,PROSTAFF
synthetic_repo_039,synthetic_user_0911,2020,Biological and Environmental Research,SCIENTST
synthetic_repo_039,synthetic_user_0923,2020,Biological and Environmental Research,FACULTY
synthetic_repo_039,synthetic_user_0931,2020,Biological and Environmental Research,FACULTY
synthetic_repo_039,synthetic_user_0956,2020,Biological and Environmental Research,PROSTAFF
synthetic_repo_039,synthetic_user_0987,2020,Biological and Environmental Research,GRADUATE
synthetic_repo_039,synthetic_user_1113,2020,Biological and Environmental Research,SCIENTST
synthetic_repo_039,synthetic_user_1164,2020,Biological and Environmental Research,SCIENTST
synthetic_repo_041,synthetic_user_0240,2020,Advanced Scientific Computing Research,SCIENTST
synthetic_repo_041,synthetic_user_0297,2020,Advanced Scientific Computing Research,GRADUATE
synthetic_repo_041,synthetic_user_0486,2020,Advanced Scientific Computing Research,FACULTY
synthetic_repo_041,synthetic_user_0625,2020,Advanced Scientific Computing Research,UNDRGRAD
synthetic_repo_041,synthetic_user_0645,2020,Advanced Scientific Computing Research,GRADUATE
synthetic_repo_044,synthetic_user_0007,2020,Advanced Scientific Computing Research,SCIENTST
synthetic_repo_044,synthetic_user_0076,2020,Advanced Scientific Computing Research,GRADUATE
synthetic_repo_044,synthetic_user_0102,2020,Advanced Scientific Computing Research,FACULTY
synthetic_repo_044,synthetic_user_0197,2020,Advanced Scientific Computing Research,SCIENTST
synthetic_repo_044,synthetic_user_0238,2020,Advanced Scientific Computing Research,FACULTY
synthetic_repo_044,synthetic_user_0286,2020,Advanced Scientific Computing Research,FACULTY
synthetic_repo_044,synthetic_user_0288,2020,Advanced Scientific Computing Research,POSTDOC
synthetic_repo_044,synthetic_user_0680,2020,Advanced Scientific Computing Research,GRADUATE
synthetic_repo_044,synthetic_user_0694,2020,Advanced Scientific Computing Research,GRADUATE
synthetic_repo_044,synthetic_user_0821,2020,Advanced Scientific Computing Research,POSTDOC
synthetic_repo_045,synthetic_user_0008,2020,Advanced Scientific Computing Research,SCIENTST
synthetic_repo_045,synthetic_user_0057,2020,Advanced Scientific Computing Research,POSTDOC
synthetic_repo_045,synthetic_user_0240,2020,Advanced Scientific Computing Research,SCIENTST
synthetic_repo_045,synthetic_user_0288,2020,Advanced Scientific Computing Research,POSTDOC
synthetic_repo_045,synthetic_user_0376,2020,Advanced Scientific Computing Research,SCIENTST
synthetic_repo_045,synthetic_user_0402,2020,Advanced Scientific Computing Research,GRADUATE
synthetic_repo_045,synthetic_user_0680,2020,Advanced Scientific Computing Research,GRADUATE
synthetic_repo_045,synthetic_user_0708,2020,Advanced Scientific Computing Research,POSTDOC
synthetic_repo_045,synthetic_user_0766,2020,Advanced Scientific Computing Research,OTHER
synthetic_repo_045,synthetic_user_0918,2020,Advanced Scientific Computing Research,POSTDOC
synthetic_repo_045,synthetic_user_0930,2020,Advanced Scientific Computing Research,POSTDOC
synthetic_repo_045,synthetic_user_1104,2020,Advanced Scientific Computing Research,SCIENTST
synthetic_repo_045,synthetic_user_1185,2020,Advanced Scientific Computing Research,FACULTY
synthetic_repo_046,synthetic_user_0115,2020,Advanced Scientific Computing Research,GRADUATE
synthetic_repo_046,synthetic_user_0245,2020,Advanced Scientific Computing Research,POSTDOC
synthetic_repo_046,synthetic_user_0262,2020,Advanced Scientific Computing Research,PROSTAFF
synthetic_repo_046,synthetic_user_0288,2020,Advanced Scientific Computing Research,POSTDOC
synthetic_repo_046,synthetic_user_0306,2020,Advanced Scientific Computing Research,SCIENTST
synthetic_repo_046,synthetic_user_0338,2020,Advanced Scientific Computing Research,UNDRGRAD
synthetic_repo_046,synthetic_user_0402,2020,Advanced Scientific Computing Research,GRADUATE
synthetic_repo_046,synthetic_user_0415,2020,Advanced Scientific Computing Research,GRADUATE
synthetic_repo_046,synthetic_user_0504,2020,Advanced Scientific Computing Research,SCIENTST
synthetic_repo_046,synthetic_user_0645,2020,Advanced Scientific Computing Research,GRADUATE
synthetic_repo_046,synthetic_user_0662,2020,Advanced Scientific Computing Research,UNDRGRAD
synthetic_repo_046,synthetic_user_0680,2020,Advanced Scientific Computing Research,GRADUATE
synthetic_repo_046,synthetic_user_0708,2020,Advanced Scientific Computing Research,POSTDOC
synthetic_repo_046,synthetic_user_0755,2020,Advanced Scientific Computing Research,GRADUATE
synthetic_repo_046,synthetic_user_0778,2020,Advanced Scientific Computing Research,POSTDOC
synthetic_repo_046,synthetic_user_0886,2020,Advanced Scientific Computing Research,SCIENTST
synthetic_repo_046,synthetic_user_0979,2020,Advanced Scientific Computing Research,GRADUATE
synthetic_repo_046,synthetic_user_1126,2020,Advanced Scientific Computing Research,POSTDOC
synthetic_repo_049,synthetic_user_0006,2020,Advanced Scientific Computing Research,GRADUATE
synthetic_repo_049,synthetic_user_0057,2020,Advanced Scientific Computing Research,POSTDOC
synthetic_repo_049,synthetic_user_0096,2020,Advanced Scientific Computing Research,SCIENTST
synthetic_repo_049,synthetic_user_0098,2020,Advanced Scientific Computing Research,SCIENTST
synthetic_repo_049,synthetic_user_0102,2020,Advanced Scientific Computing Research,FACULTY
synthetic_repo_049,synthetic_user_0150,2020,Advanced Scientific Computing Research,GRADUATE
synthetic_repo_049,synthetic_user_0197,2020,Advanced Scientific Computing Research,SCIENTST
synthetic_repo_049,synthetic_user_0201,2020,Advanced Scientific Computing Research,POSTDOC
synthetic_repo_049,synthetic_user_0221,2020,Advanced Scientific Computing Research,GRADUATE
synthetic_repo_049,synthetic_user_0239,2020,Advanced Scientific Computing Research,FACULTY
synthetic_repo_049,synthetic_user_0240,2020,Advanced Scientific Computing Research,SCIENTST
synthetic_repo_049,synthetic_user_0241,2020,Advanced Scientific Computing Research,GRADUATE
synthetic_repo_049,synthetic_user_0245,2020,Advanced Scientific Computing Research,POSTDOC
synthetic_repo_049,synthetic_user_0276,2020,Advanced Scientific Computing Research,UNDRGRAD
synthetic_repo_049,synthetic_user_0306,2020,Advanced Scientific Computing Research,SCIENTST
synthetic_repo_049,synthetic_user_0336,2020,Advanced Scientific Computing Research,POSTDOC
synthetic_repo_049,synthetic_user_0350,2020,Advanced Scientific Computing Research,FACULTY
synthetic_repo_049,synthetic_user_0370,2020,Advanced Scientific Computing Research,FACULTY
synthetic_repo_049,synthetic_user_0402,2020,Advanced Scientific Computing Research,GRADUATE
synthetic_repo_049,synthetic_user_0553,2020,Advanced Scientific Computing Research,POSTDOC
synthetic_repo_049,synthetic_user_0624,2020,Advanced Scientific Computing Research,SCIENTST
synthetic_repo_049,synthetic_user_0625,2020,Advanced Scientific Computing Research,UNDRGRAD
synthetic_repo_049,synthetic_user_0680,2020,Advanced Scientific Computing Research,GRADUATE
synthetic_repo_049,synthetic_user_0694,2020,Advanced Scientific Computing Research,GRADUATE
synthetic_repo_049,synthetic_user_0701,2020,Advanced Scientific Computing Research,GRADUATE
synthetic_repo_049,synthetic_user_0739,2020,Advanced Scientific Computing Research,NONE
synthetic_repo_049,synthetic_user_0766,2020,Advanced Scientific Computing Research,OTHER
synthetic_repo_049,synthetic_user_0778,2020,Advanced Scientific Computing Research,POSTDOC
synthetic_repo_049,synthetic_user_0821,2020,Advanced Scientific Computing Research,POSTDOC
synthetic_repo_049,synthetic_user_0880,2020,Advanced Scientific Computing Research,GRADUATE
synthetic_repo_049,synthetic_user_0886,2020,Advanced Scientific Computing Research,SCIENTST
synthetic_repo_049,synthetic_user_0894,2020,Advanced Scientific Computing Research,POSTDOC
synthetic_repo_049,synthetic_user_0979,2020,Advanced Scientific Computing Research,GRADUATE
synthetic_repo_049,synthetic_user_1042,2020,Advanced Scientific Computing Research,SCIENTST
synthetic_repo_049,synthetic_user_1104,2020,Advanced Scientific Computing Research,SCIENTST
synthetic_repo_049,synthetic_user_1125,2020,Advanced Scientific Computing Research,SCIENTST
synthetic_repo_051,synthetic_user_0341,2020,Fusion Energy Sciences,PROSTAFF
synthetic_repo_051,synthetic_user_0542,2020,Fusion Energy Sciences,SCIENTST
synthetic_repo_051,synthetic_user_0543,2020,Fusion Energy Sciences,SCIENTST
synthetic_repo_051,synthetic_user_0572,2020,Fusion Energy Sciences,GRADUATE
synthetic_repo_051,synthetic_user_0628,2020,Fusion Energy Sciences,OTHER
synthetic_repo_051,synthetic_user_1014,2020,Fusion Energy Sciences,SCIENTST
synthetic_repo_054,synthetic_user_0164,2020,Fusion Energy Sciences,NONE
synthetic_repo_054,synthetic_user_0202,2020,Fusion Energy Sciences,POSTDOC
synthetic_repo_054,synthetic_user_0302,2020,Fusion Energy Sciences,OTHER
synthetic_repo_054,synthetic_user_0552,2020,Fusion Energy Sciences,UNDRGRAD
synthetic_repo_054,synthetic_user_0566,2020,Fusion Energy Sciences,UNDRGRAD
synthetic_repo_054,synthetic_user_0579,2020,Fusion Energy Sciences,UNDRGRAD
synthetic_repo_054,synthetic_user_0632,2020,Fusion Energy Sciences,PROSTAFF
synthetic_repo_054,synthetic_user_0639,2020,Fusion Energy Sciences,GRADUATE
synthetic_repo_054,synthetic_user_0698,2020,Fusion Energy Sciences,SCIENTST
synthetic_repo_054,synthetic_user_1037,2020,Fusion Energy Sciences,GRADUATE
synthetic_repo_054,synthetic_user_1065,2020,Fusion Energy Sciences,FACULTY
synthetic_repo_054,synthetic_user_1175,2020,Fusion Energy Sciences,GRADUATE
synthetic_repo_055,synthetic_user_0129,2020,Fusion Energy Sciences,SCIENTST
synthetic_repo_055,synthetic_user_0164,2020,Fusion Energy Sciences,NONE
synthetic_repo_055,synthetic_user_0249,2020,Fusion Energy Sciences,PROSTAFF
synthetic_repo_055,synthetic_user_0639,2020,Fusion Energy Sciences,GRADUATE
synthetic_repo_055,synthetic_user_0750,2020,Fusion Energy Sciences,SCIENTST
synthetic_repo_055,synthetic_user_0819,2020,Fusion Energy Sciences,FACULTY
synthetic_repo_055,synthetic_user_0869,2020,Fusion Energy Sciences,GRADUATE
synthetic_repo_055,synthetic_user_1037,2020,Fusion Energy Sciences,GRADUATE
synthetic_repo_055,synthetic_user_1080,2020,Fusion Energy Sciences,FACULTY
synthetic_repo_055,synthetic_user_1152,2020,Fusion Energy Sciences,GRADUATE
synthetic_repo_055,synthetic_user_1157,2020,Fusion Energy Sciences,GRADUATE
synthetic_repo_055,synthetic_user_1162,2020,Fusion Energy Sciences,SCIENTST
synthetic_repo_056,synthetic_user_0165,2020,Fusion Energy Sciences,GRADUATE
synthetic_repo_056,synthetic_user_0227,2020,Fusion Energy Sciences,NONE
synthetic_repo_056,synthetic_user_0295,2020,Fusion Energy Sciences,GRADUATE
synthetic_repo_056,synthetic_user_0411,2020,Fusion Energy Sciences,GRADUATE
synthetic_repo_056,synthetic_user_0552,2020,Fusion Energy Sciences,UNDRGRAD
synthetic_repo_056,synthetic_user_0586,2020,Fusion Energy Sciences,FACULTY
synthetic_repo_056,synthetic_user_0630,2020,Fusion Energy Sciences,SCIENTST
synthetic_repo_056,synthetic_user_0664,2020,Fusion Energy Sciences,FACULTY
synthetic_repo_056,synthetic_user_0819,2020,Fusion Energy Sciences,FACULTY
synthetic_repo_056,synthetic_user_0853,2020,Fusion Energy Sciences,NONE
synthetic_repo_056,synthetic_user_0869,2020,Fusion Energy Sciences,GRADUATE
synthetic_repo_056,synthetic_user_0969,2020,Fusion Energy Sciences,POSTDOC
synthetic_repo_056,synthetic_user_1014,2020,Fusion Energy Sciences,SCIENTST
synthetic_repo_056,synthetic_user_1037,2020,Fusion Energy Sciences,GRADUATE
synthetic_repo_056,synthetic_user_1080,2020,Fusion Energy Sciences,FACULTY
synthetic_repo_056,synthetic_user_1157,2020,Fusion Energy Sciences,GRADUATE
synthetic_repo_056,synthetic_user_1175,2020,Fusion Energy Sciences,GRADUATE
synthetic_repo_059,synthetic_user_0039,2020,Fusion Energy Sciences,SCIENTST
synthetic_repo_059,synthetic_user_0093,2020,Fusion Energy Sciences,GRADUATE
synthetic_repo_059,synthetic_user_0164,2020,Fusion Energy Sciences,NONE
synthetic_repo_059,synthetic_user_0202,2020,Fusion Energy Sciences,POSTDOC
synthetic_repo_059,synthetic_user_0227,2020,Fusion Energy Sciences,NONE
synthetic_repo_059,synthetic_user_0249,2020,Fusion Energy Sciences,PROSTAFF
synthetic_repo_059,synthetic_user_0289,2020,Fusion Energy Sciences,SCIENTST
synthetic_repo_059,synthetic_user_0291,2020,Fusion Energy Sciences,FACULTY
synthetic_repo_059,synthetic_user_0468,2020,Fusion Energy Sciences,NONE
synthetic_repo_059,synthetic_user_0516,2020,Fusion Energy Sciences,FACULTY
synthetic_repo_059,synthetic_user_0542,2020,Fusion Energy Sciences,SCIENTST
synthetic_repo_059,synthetic_user_0552,2020,Fusion Energy Sciences,UNDRGRAD
synthetic_repo_059,synthetic_user_0566,2020,Fusion Energy Sciences,UNDRGRAD
synthetic_repo_059,synthetic_user_0579,2020,Fusion Energy Sciences,UNDRGRAD
synthetic_repo_059,synthetic_user_0630,2020,Fusion Energy Sciences,SCIENTST
synthetic_repo_059,synthetic_user_0632,2020,Fusion Energy Sciences,PROSTAFF
synthetic_repo_059,synthetic_user_0639,2020,Fusion Energy Sciences,GRADUATE
synthetic_repo_059,synthetic_user_0647,2020,Fusion Energy Sciences,SCIENTST
synthetic_repo_059,synthetic_user_0698,2020,Fusion Energy Sciences,SCIENTST
synthetic_repo_059,synthetic_user_0805,2020,Fusion Energy Sciences,FACULTY
synthetic_repo_059,synthetic_user_0851,2020,Fusion Energy Sciences,GRADUATE
synthetic_repo_059,synthetic_user_0853,2020,Fusion Energy Sciences,NONE
synthetic_repo_059,synthetic_user_0869,2020,Fusion Energy Sciences,GRADUATE
synthetic_repo_059,synthetic_user_0946,2020,Fusion Energy Sciences,FACULTY
synthetic_repo_059,synthetic_user_1014,2020,Fusion Energy Sciences,SCIENTST
synthetic_repo_059,synthetic_user_1037,2020,Fusion Energy Sciences,GRADUATE
synthetic_repo_059,synthetic_user_1067,2020,Fusion Energy Sciences,SCIENTST
synthetic_repo_059,synthetic_user_1079,2020,Fusion Energy Sciences,FACULTY
synthetic_repo_059,synthetic_user_1080,2020,Fusion Energy Sciences,FACULTY
synthetic_repo_059,synthetic_user_1157,2020,Fusion Energy Sciences,GRADUATE
synthetic_repo_059,synthetic_user_1175,2020,Fusion Energy Sciences,GRADUATE
synthetic_repo_061,synthetic_user_0527,2020,Nuclear Physics,PROSTAFF
synthetic_repo_061,synthetic_user_0596,2020,Nuclear Physics,POSTDOC
synthetic_repo_061,synthetic_user_0756,2020,Nuclear Physics,PROSTAFF
synthetic_repo_061,synthetic_user_0861,2020,Nuclear Physics,UNDRGRAD
synthetic_repo_064,synthetic_user_0053,2020,Nuclear Physics,FACULTY
synthetic_repo_064,synthetic_user_0320,2020,Nuclear Physics,PROSTAFF
synthetic_repo_064,synthetic_user_0576,2020,Nuclear Physics,PROSTAFF
synthetic_repo_064,synthetic_user_0720,2020,Nuclear Physics,PROSTAFF
synthetic_repo_064,synthetic_user_0802,2020,Nuclear Physics,POSTDOC
synthetic_repo_064,synthetic_user_0811,2020,Nuclear Physics,SCIENTST
synthetic_repo_064,synthetic_user_0861,2020,Nuclear Physics,UNDRGRAD
synthetic_repo_064,synthetic_user_0929,2020,Nuclear Physics,GRADUATE
synthetic_repo_064,synthetic_user_1170,2020,Nuclear Physics,PROSTAFF
synthetic_repo_064,synthetic_user_1177,2020,Nuclear Physics,PROSTAFF
synthetic_repo_065,synthetic_user_0051,2020,Nuclear Physics,POSTDOC
synthetic_repo_065,synthetic_user_0054,2020,Nuclear Physics,PROSTAFF
synthetic_repo_065,synthetic_user_0208,2020,Nuclear Physics,GRADUATE
synthetic_repo_065,synthetic_user_0339,2020,Nuclear Physics,SCIENTST
synthetic_repo_065,synthetic_user_0720,2020,Nuclear Physics,PROSTAFF
synthetic_repo_065,synthetic_user_0779,2020,Nuclear Physics,PROSTAFF
synthetic_repo_065,synthetic_user_0817,2020,Nuclear Physics,PROSTAFF
synthetic_repo_065,synthetic_user_0861,2020,Nuclear Physics,UNDRGRAD
synthetic_repo_065,synthetic_user_0900,2020,Nuclear Physics,FACULTY
synthetic_repo_065,synthetic_user_0940,2020,Nuclear Physics,POSTDOC
synthetic_repo_065,synthetic_user_0988,2020,Nuclear Physics,SCIENTST
synthetic_repo_065,synthetic_user_1027,2020,Nuclear Physics,FACULTY
synthetic_repo_065,synthetic_user_1139,2020,Nuclear Physics,PROSTAFF
synthetic_repo_065,synthetic_user_1177,2020,Nuclear Physics,PROSTAFF
synthetic_repo_066,synthetic_user_0054,2020,Nuclear Physics,PROSTAFF
synthetic_repo_066,synthetic_user_0181,2020,Nuclear Physics,POSTDOC
synthetic_repo_066,synthetic_user_0320,2020,Nuclear Physics,PROSTAFF
synthetic_repo_066,synthetic_user_0527,2020,Nuclear Physics,PROSTAFF
synthetic_repo_066,synthetic_user_0564,2020,Nuclear Physics,SCIENTST
synthetic_repo_066,synthetic_user_0710,2020,Nuclear Physics,SCIENTST
synthetic_repo_066,synthetic_user_0712,2020,Nuclear Physics,SCIENTST
synthetic_repo_066,synthetic_user_0771,2020,Nuclear Physics,PROSTAFF
synthetic_repo_066,synthetic_user_0798,2020,Nuclear Physics,OTHER
synthetic_repo_066,synthetic_user_0802,2020,Nuclear Physics,POSTDOC
synthetic_repo_066,synthetic_user_0817,2020,Nuclear Physics,PROSTAFF
synthetic_repo_066,synthetic_user_0876,2020,Nuclear Physics,GRADUATE
synthetic_repo_066,synthetic_user_0900,2020,Nuclear Physics,FACULTY
synthetic_repo_066,synthetic_user_0929,2020,Nuclear Physics,GRADUATE
synthetic_repo_066,synthetic_user_0957,2020,Nuclear Physics,SCIENTST
synthetic_repo_066,synthetic_user_0988,2020,Nuclear Physics,SCIENTST
synthetic_repo_066,synthetic_user_0989,2020,Nuclear Physics,OTHER
synthetic_repo_069,synthetic_user_0033,2020,Nuclear Physics,SCIENTST
synthetic_repo_069,synthetic_user_0053,2020,Nuclear Physics,FACULTY
synthetic_repo_069,synthetic_user_0054,2020,Nuclear Physics,PROSTAFF
synthetic_repo_069,synthetic_user_0069,2020,Nuclear Physics,FACULTY
synthetic_repo_069,synthetic_user_0137,2020,Nuclear Physics,FACULTY
synthetic_repo_069,synthetic_user_0208,2020,Nuclear Physics,GRADUATE
synthetic_repo_069,synthetic_user_0219,2020,Nuclear Physics,FACULTY
synthetic_repo_069,synthetic_user_0222,2020,Nuclear Physics,UNDRGRAD
synthetic_repo_069,synthetic_user_0292,2020,Nuclear Physics,PROSTAFF
synthetic_repo_069,synthetic_user_0320,2020,Nuclear Physics,PROSTAFF
synthetic_repo_069,synthetic_user_0339,2020,Nuclear Physics,SCIENTST
synthetic_repo_069,synthetic_user_0383,2020,Nuclear Physics,POSTDOC
synthetic_repo_069,synthetic_user_0524,2020,Nuclear Physics,POSTDOC
synthetic_repo_069,synthetic_user_0527,2020,Nuclear Physics,PROSTAFF
synthetic_repo_069,synthetic_user_0576,2020,Nuclear Physics,PROSTAFF
synthetic_repo_069,synthetic_user_0596,2020,Nuclear Physics,POSTDOC
synthetic_repo_069,synthetic_user_0623,2020,Nuclear Physics,POSTDOC
synthetic_repo_069,synthetic_user_0660,2020,Nuclear Physics,PROSTAFF
synthetic_repo_069,synthetic_user_0706,2020,Nuclear Physics,SCIENTST
synthetic_repo_069,synthetic_user_0710,2020,Nuclear Physics,SCIENTST
synthetic_repo_069,synthetic_user_0720,2020,Nuclear Physics,PROSTAFF
synthetic_repo_069,synthetic_user_0738,2020,Nuclear Physics,GRADUATE
synthetic_repo_069,synthetic_user_0779,2020,Nuclear Physics,PROSTAFF
synthetic_repo_069,synthetic_user_0789,2020,Nuclear Physics,SCIENTST
synthetic_repo_069,synthetic_user_0802,2020,Nuclear Physics,POSTDOC
synthetic_repo_069,synthetic_user_0817,2020,Nuclear Physics,PROSTAFF
synthetic_repo_069,synthetic_user_0818,2020,Nuclear Physics,SCIENTST
synthetic_repo_069,synthetic_user_0856,2020,Nuclear Physics,GRADUATE
synthetic_repo_069,synthetic_user_0861,2020,Nuclear Physics,UNDRGRAD
synthetic_repo_069,synthetic_user_0876,2020,Nuclear Physics,GRADUATE
synthetic_repo_069,synthetic_user_0900,2020,Nuclear Physics,FACULTY
synthetic_repo_069,synthetic_user_0902,2020,Nuclear Physics,POSTDOC
synthetic_repo_069,synthetic_user_0929,2020,Nuclear Physics,GRADUATE
synthetic_repo_069,synthetic_user_0940,2020,Nuclear Physics,POSTDOC
synthetic_repo_069,synthetic_user_0951,2020,Nuclear Physics,GRADUATE
synthetic_repo_069,synthetic_user_0964,2020,Nuclear Physics,FACULTY
synthetic_repo_069,synthetic_user_0976,2020,Nuclear Physics,OTHER
synthetic_repo_069,synthetic_user_0988,2020,Nuclear Physics,SCIENTST
synthetic_repo_069,synthetic_user_0989,2020,Nuclear Physics,OTHER
synthetic_repo_069,synthetic_user_1027,2020,Nuclear Physics,FACULTY
synthetic_repo_069,synthetic_user_1094,2020,Nuclear Physics,UNDRGRAD
synthetic_repo_069,synthetic_user_1130,2020,Nuclear Physics,PROSTAFF
synthetic_repo_069,synthetic_user_1146,2020,Nuclear Physics,UNDRGRAD
synthetic_repo_069,synthetic_user_1168,2020,Nuclear Physics,POSTDOC
synthetic_repo_069,synthetic_user_1177,2020,Nuclear Physics,PROSTAFF
synthetic_repo_071,synthetic_user_0267,2020,ASCR Leadership Computing Challenge,SCIENTST
synthetic_repo_071,synthetic_user_0304,2020,ASCR Leadership Computing Challenge,FACULTY
synthetic_repo_071,synthetic_user_0394,2020,ASCR Leadership Computing Challenge,POSTDOC
synthetic_repo_071,synthetic_user_0456,2020,ASCR Leadership Computing Challenge,PROSTAFF
synthetic_repo_071,synthetic_user_0693,2020,ASCR Leadership Computing Challenge,POSTDOC
synthetic_repo_074,synthetic_user_0218,2020,ASCR Leadership Computing Challenge,FACULTY
synthetic_repo_074,synthetic_user_0267,2020,ASCR Leadership Computing Challenge,SCIENTST
synthetic_repo_074,synthetic_user_0368,2020,ASCR Leadership Computing Challenge,PROSTAFF
synthetic_repo_074,synthetic_user_0509,2020,ASCR Leadership Computing Challenge,OTHER
synthetic_repo_074,synthetic_user_0560,2020,ASCR Leadership Computing Challenge,PROSTAFF
synthetic_repo_074,synthetic_user_0637,2020,ASCR Leadership Computing Challenge,GRADUATE
synthetic_repo_074,synthetic_user_0725,2020,ASCR Leadership Computing Challenge,SCIENTST
synthetic_repo_074,synthetic_user_0832,2020,ASCR Leadership Computing Challenge,PROSTAFF
synthetic_repo_074,synthetic_user_1051,2020,ASCR Leadership Computing Challenge,PROSTAFF
synthetic_repo_074,synthetic_user_1139,2020,ASCR Leadership Computing Challenge,PROSTAFF
synthetic_repo_074,synthetic_user_1182,2020,ASCR Leadership Computing Challenge,POSTDOC
synthetic_repo_075,synthetic_user_0037,2020,ASCR Leadership Computing Challenge,PROSTAFF
synthetic_repo_075,synthetic_user_0074,2020,ASCR Leadership Computing Challenge,GRADUATE
synthetic_repo_075,synthetic_user_0108,2020,ASCR Leadership Computing Challenge,SCIENTST
synthetic_repo_075,synthetic_user_0113,2020,ASCR Leadership Computing Challenge,FACULTY
synthetic_repo_075,synthetic_user_0114,2020,ASCR Leadership Computing Challenge,POSTDOC
synthetic_repo_075,synthetic_user_0129,2020,ASCR Leadership Computing Challenge,SCIENTST
synthetic_repo_075,synthetic_user_0287,2020,ASCR Leadership Computing Challenge,OTHER
synthetic_repo_075,synthetic_user_0394,2020,ASCR Leadership Computing Challenge,POSTDOC
synthetic_repo_075,synthetic_user_0456,2020,ASCR Leadership Computing Challenge,PROSTAFF
synthetic_repo_075,synthetic_user_0566,2020,ASCR Leadership Computing Challenge,UNDRGRAD
synthetic_repo_075,synthetic_user_0744,2020,ASCR Leadership Computing Challenge,UNDRGRAD
synthetic_repo_075,synthetic_user_1154,2020,ASCR Leadership Computing Challenge,SCIENTST
synthetic_repo_076,synthetic_user_0108,2020,ASCR Leadership Computing Challenge,SCIENTST
synthetic_repo_076,synthetic_user_0114,2020,ASCR Leadership Computing Challenge,POSTDOC
synthetic_repo_076,synthetic_user_0218,2020,ASCR Leadership Computing Challenge,FACULTY
synthetic_repo_076,synthetic_user_0267,2020,ASCR Leadership Computing Challenge,SCIENTST
synthetic_repo_076,synthetic_user_0312,2020,ASCR Leadership Computing Challenge,FACULTY
synthetic_repo_076,synthetic_user_0368,2020,ASCR Leadership Computing Challenge,PROSTAFF
synthetic_repo_076,synthetic_user_0498,2020,ASCR Leadership Computing Challenge,POSTDOC
synthetic_repo_076,synthetic_user_0515,2020,ASCR Leadership Computing Challenge,SCIENTST
synthetic_repo_076,synthetic_user_0560,2020,ASCR Leadership Computing Challenge,PROSTAFF
synthetic_repo_076,synthetic_user_0741,2020,ASCR Leadership Computing Challenge,GRADUATE
synthetic_repo_076,synthetic_user_0744,2020,ASCR Leadership Computing Challenge,UNDRGRAD
synthetic_repo_076,synthetic_user_1000,2020,ASCR Leadership Computing Challenge,POSTDOC
synthetic_repo_076,synthetic_user_1072,2020,ASCR Leadership Computing Challenge,SCIENTST
synthetic_repo_076,synthetic_user_1139,2020,ASCR Leadership Computing Challenge,PROSTAFF
synthetic_repo_076,synthetic_user_1182,2020,ASCR Leadership Computing Challenge,POSTDOC
synthetic_repo_079,synthetic_user_0063,2020,ASCR Leadership Computing Challenge,FACULTY
synthetic_repo_079,synthetic_user_0108,2020,ASCR Leadership Computing Challenge,SCIENTST
synthetic_repo_079,synthetic_user_0113,2020,ASCR Leadership Computing Challenge,FACULTY
synthetic_repo_079,synthetic_user_0114,2020,ASCR Leadership Computing Challenge,POSTDOC
synthetic_repo_079,synthetic_user_0175,2020,ASCR Leadership Computing Challenge,SCIENTST
synthetic_repo_079,synthetic_user_0218,2020,ASCR Leadership Computing Challenge,FACULTY
synthetic_repo_079,synthetic_user_0230,2020,ASCR Leadership Computing Challenge,UNDRGRAD
synthetic_repo_079,synthetic_user_0250,2020,ASCR Leadership Computing Challenge,GRADUATE
synthetic_repo_079,synthetic_user_0264,2020,ASCR Leadership Computing Challenge,SCIENTST
synthetic_repo_079,synthetic_user_0267,2020,ASCR Leadership Computing Challenge,SCIENTST
synthetic_repo_079,synthetic_user_0273,2020,ASCR Leadership Computing Challenge,FACULTY
synthetic_repo_079,synthetic_user_0287,2020,ASCR Leadership Computing Challenge,OTHER
synthetic_repo_079,synthetic_user_0312,2020,ASCR Leadership Computing Challenge,FACULTY
synthetic_repo_079,synthetic_user_0359,2020,ASCR Leadership Computing Challenge,PROSTAFF
synthetic_repo_079,synthetic_user_0360,2020,ASCR Leadership Computing Challenge,FACULTY
synthetic_repo_079,synthetic_user_0368,2020,ASCR Leadership Computing Challenge,PROSTAFF
synthetic_repo_079,synthetic_user_0394,2020,ASCR Leadership Computing Challenge,POSTDOC
synthetic_repo_079,synthetic_user_0455,2020,ASCR Leadership Computing Challenge,POSTDOC
synthetic_repo_079,synthetic_user_0481,2020,ASCR Leadership Computing Challenge,POSTDOC
synthetic_repo_079,synthetic_user_0498,2020,ASCR Leadership Computing Challenge,POSTDOC
synthetic_repo_079,synthetic_user_0508,2020,ASCR Leadership Computing Challenge,FACULTY
synthetic_repo_079,synthetic_user_0515,2020,ASCR Leadership Computing Challenge,SCIENTST
synthetic_repo_079,synthetic_user_0560,2020,ASCR Leadership Computing Challenge,PROSTAFF
synthetic_repo_079,synthetic_user_0568,2020,ASCR Leadership Computing Challenge,POSTDOC
synthetic_repo_079,synthetic_user_0597,2020,ASCR Leadership Computing Challenge,OTHER
synthetic_repo_079,synthetic_user_0601,2020,ASCR Leadership Computing Challenge,PROSTAFF
synthetic_repo_079,synthetic_user_0637,2020,ASCR Leadership Computing Challenge,GRADUATE
synthetic_repo_079,synthetic_user_0675,2020,ASCR Leadership Computing Challenge,SCIENTST
synthetic_repo_079,synthetic_user_0693,2020,ASCR Leadership Computing Challenge,POSTDOC
synthetic_repo_079,synthetic_user_0724,2020,ASCR Leadership Computing Challenge,UNDRGRAD
synthetic_repo_079,synthetic_user_0741,2020,ASCR Leadership Computing Challenge,GRADUATE
synthetic_repo_079,synthetic_user_0744,2020,ASCR Leadership Computing Challenge,UNDRGRAD
synthetic_repo_079,synthetic_user_0746,2020,ASCR Leadership Computing Challenge,FACULTY
synthetic_repo_079,synthetic_user_0832,2020,ASCR Leadership Computing Challenge,PROSTAFF
synthetic_repo_079,synthetic_user_0874,2020,ASCR Leadership Computing Challenge,NONE
synthetic_repo_079,synthetic_user_0875,2020,ASCR Leadership Computing Challenge,POSTDOC
synthetic_repo_079,synthetic_user_0955,2020,ASCR Leadership Computing Challenge,FACULTY
synthetic_repo_079,synthetic_user_1000,2020,ASCR Leadership Computing Challenge,POSTDOC
synthetic_repo_079,synthetic_user_1025,2020,ASCR Leadership Computing Challenge,OTHER
synthetic_repo_079,synthetic_user_1031,2020,ASCR Leadership Computing Challenge,SCIENTST
synthetic_repo_079,synthetic_user_1051,2020,ASCR Leadership Computing Challenge,PROSTAFF
synthetic_repo_079,synthetic_user_1054,2020,ASCR Leadership Computing Challenge,FACULTY
synthetic_repo_079,synthetic_user_1140,2020,ASCR Leadership Computing Challenge,OTHER
synthetic_repo_079,synthetic_user_1149,2020,ASCR Leadership Computing Challenge,POSTDOC
synthetic_repo_079,synthetic_user_1174,2020,ASCR Leadership Computing Challenge,SCIENTST
synthetic_repo_079,synthetic_user_1182,2020,ASCR Leadership Computing Challenge,POSTDOC
synthetic_singleton_repo_01,synthetic_user_1193,2020,Basic Energy Sciences,SCIENTST
synthetic_singleton_repo_08,synthetic_user_1200,2020,ASCR Leadership Computing Challenge,PROSTAFF
synthetic_micro_repo_005,synthetic_user_0436,2021,Basic Energy Sciences,FACULTY
synthetic_micro_repo_005,synthetic_user_1141,2021,Basic Energy Sciences,UNDRGRAD
synthetic_micro_repo_014,synthetic_user_0060,2021,High Energy Physics,PROSTAFF
synthetic_micro_repo_014,synthetic_user_0317,2021,High Energy Physics,SCIENTST
synthetic_micro_repo_015,synthetic_user_0058,2021,High Energy Physics,GRADUATE
synthetic_micro_repo_015,synthetic_user_0371,2021,High Energy Physics,FACULTY
synthetic_micro_repo_022,synthetic_user_0485,2021,NERSC Directors Reserve,POSTDOC
synthetic_micro_repo_022,synthetic_user_0791,2021,NERSC Directors Reserve,POSTDOC
synthetic_micro_repo_022,synthetic_user_0943,2021,NERSC Directors Reserve,PROSTAFF
synthetic_micro_repo_030,synthetic_user_0518,2021,Biological and Environmental Research,GRADUATE
synthetic_micro_repo_030,synthetic_user_0548,2021,Biological and Environmental Research,FACULTY
synthetic_micro_repo_035,synthetic_user_0180,2021,Advanced Scientific Computing Research,POSTDOC
synthetic_micro_repo_035,synthetic_user_0636,2021,Advanced Scientific Computing Research,SCIENTST
synthetic_micro_repo_044,synthetic_user_0514,2021,Fusion Energy Sciences,UNDRGRAD
synthetic_micro_repo_044,synthetic_user_0961,2021,Fusion Energy Sciences,FACULTY
synthetic_micro_repo_050,synthetic_user_0796,2021,Nuclear Physics,PROSTAFF
synthetic_micro_repo_050,synthetic_user_1173,2021,Nuclear Physics,FACULTY
synthetic_micro_repo_051,synthetic_user_0580,2021,Nuclear Physics,UNDRGRAD
synthetic_micro_repo_051,synthetic_user_1045,2021,Nuclear Physics,UNDRGRAD
synthetic_micro_repo_058,synthetic_user_0171,2021,ASCR Leadership Computing Challenge,UNDRGRAD
synthetic_micro_repo_058,synthetic_user_0366,2021,ASCR Leadership Computing Challenge,GRADUATE
synthetic_repo_001,synthetic_user_0016,2021,Basic Energy Sciences,UNDRGRAD
synthetic_repo_001,synthetic_user_0205,2021,Basic Energy Sciences,SCIENTST
synthetic_repo_001,synthetic_user_0672,2021,Basic Energy Sciences,PROSTAFF
synthetic_repo_001,synthetic_user_1018,2021,Basic Energy Sciences,GRADUATE
synthetic_repo_001,synthetic_user_1131,2021,Basic Energy Sciences,OTHER
synthetic_repo_002,synthetic_user_0438,2021,Basic Energy Sciences,UNDRGRAD
synthetic_repo_002,synthetic_user_0451,2021,Basic Energy Sciences,OTHER
synthetic_repo_002,synthetic_user_0463,2021,Basic Energy Sciences,GRADUATE
synthetic_repo_002,synthetic_user_0764,2021,Basic Energy Sciences,POSTDOC
synthetic_repo_002,synthetic_user_0810,2021,Basic Energy Sciences,GRADUATE
synthetic_repo_002,synthetic_user_1016,2021,Basic Energy Sciences,FACULTY
synthetic_repo_002,synthetic_user_1017,2021,Basic Energy Sciences,FACULTY
synthetic_repo_002,synthetic_user_1018,2021,Basic Energy Sciences,GRADUATE
synthetic_repo_002,synthetic_user_1032,2021,Basic Energy Sciences,GRADUATE
synthetic_repo_004,synthetic_user_0015,2021,Basic Energy Sciences,GRADUATE
synthetic_repo_004,synthetic_user_0059,2021,Basic Energy Sciences,PROSTAFF
synthetic_repo_004,synthetic_user_0160,2021,Basic Energy Sciences,SCIENTST
synthetic_repo_004,synthetic_user_0280,2021,Basic Energy Sciences,FACULTY
synthetic_repo_004,synthetic_user_0337,2021,Basic Energy Sciences,SCIENTST
synthetic_repo_004,synthetic_user_0621,2021,Basic Energy Sciences,POSTDOC
synthetic_repo_004,synthetic_user_0640,2021,Basic Energy Sciences,NONE
synthetic_repo_004,synthetic_user_0783,2021,Basic Energy Sciences,SCIENTST
synthetic_repo_004,synthetic_user_0810,2021,Basic Energy Sciences,GRADUATE
synthetic_repo_004,synthetic_user_0864,2021,Basic Energy Sciences,POSTDOC
synthetic_repo_004,synthetic_user_1147,2021,Basic Energy Sciences,SCIENTST
synthetic_repo_005,synthetic_user_0016,2021,Basic Energy Sciences,UNDRGRAD
synthetic_repo_005,synthetic_user_0148,2021,Basic Energy Sciences,FACULTY
synthetic_repo_005,synthetic_user_0438,2021,Basic Energy Sciences,UNDRGRAD
synthetic_repo_005,synthetic_user_0463,2021,Basic Energy Sciences,GRADUATE
synthetic_repo_005,synthetic_user_0520,2021,Basic Energy Sciences,POSTDOC
synthetic_repo_005,synthetic_user_0781,2021,Basic Energy Sciences,PROSTAFF
synthetic_repo_005,synthetic_user_0784,2021,Basic Energy Sciences,SCIENTST
synthetic_repo_005,synthetic_user_0905,2021,Basic Energy Sciences,GRADUATE
synthetic_repo_005,synthetic_user_0920,2021,Basic Energy Sciences,PROSTAFF
synthetic_repo_005,synthetic_user_0922,2021,Basic Energy Sciences,POSTDOC
synthetic_repo_005,synthetic_user_1032,2021,Basic Energy Sciences,GRADUATE
synthetic_repo_005,synthetic_user_1044,2021,Basic Energy Sciences,PROSTAFF
synthetic_repo_005,synthetic_user_1051,2021,Basic Energy Sciences,PROSTAFF
synthetic_repo_005,synthetic_user_1059,2021,Basic Energy Sciences,SCIENTST
synthetic_repo_006,synthetic_user_0067,2021,Basic Energy Sciences,POSTDOC
synthetic_repo_006,synthetic_user_0205,2021,Basic Energy Sciences,SCIENTST
synthetic_repo_006,synthetic_user_0213,2021,Basic Energy Sciences,GRADUATE
synthetic_repo_006,synthetic_user_0379,2021,Basic Energy Sciences,FACULTY
synthetic_repo_006,synthetic_user_0404,2021,Basic Energy Sciences,UNDRGRAD
synthetic_repo_006,synthetic_user_0437,2021,Basic Energy Sciences,UNDRGRAD
synthetic_repo_006,synthetic_user_0438,2021,Basic Energy Sciences,UNDRGRAD
synthetic_repo_006,synthetic_user_0520,2021,Basic Energy Sciences,POSTDOC
synthetic_repo_006,synthetic_user_0640,2021,Basic Energy Sciences,NONE
synthetic_repo_006,synthetic_user_0822,2021,Basic Energy Sciences,FACULTY
synthetic_repo_006,synthetic_user_0864,2021,Basic Energy Sciences,POSTDOC
synthetic_repo_006,synthetic_user_0920,2021,Basic Energy Sciences,PROSTAFF
synthetic_repo_006,synthetic_user_0922,2021,Basic Energy Sciences,POSTDOC
synthetic_repo_006,synthetic_user_1016,2021,Basic Energy Sciences,FACULTY
synthetic_repo_006,synthetic_user_1017,2021,Basic Energy Sciences,FACULTY
synthetic_repo_006,synthetic_user_1018,2021,Basic Energy Sciences,GRADUATE
synthetic_repo_006,synthetic_user_1032,2021,Basic Energy Sciences,GRADUATE
synthetic_repo_006,synthetic_user_1128,2021,Basic Energy Sciences,SCIENTST
synthetic_repo_006,synthetic_user_1147,2021,Basic Energy Sciences,SCIENTST
synthetic_repo_006,synthetic_user_1178,2021,Basic Energy Sciences,FACULTY
synthetic_repo_007,synthetic_user_0011,2021,Basic Energy Sciences,NONE
synthetic_repo_007,synthetic_user_0061,2021,Basic Energy Sciences,GRADUATE
synthetic_repo_007,synthetic_user_0148,2021,Basic Energy Sciences,FACULTY
synthetic_repo_007,synthetic_user_0213,2021,Basic Energy Sciences,GRADUATE
synthetic_repo_007,synthetic_user_0322,2021,Basic Energy Sciences,GRADUATE
synthetic_repo_007,synthetic_user_0451,2021,Basic Energy Sciences,OTHER
synthetic_repo_007,synthetic_user_0544,2021,Basic Energy Sciences,OTHER
synthetic_repo_007,synthetic_user_0590,2021,Basic Energy Sciences,PROSTAFF
synthetic_repo_007,synthetic_user_0621,2021,Basic Energy Sciences,POSTDOC
synthetic_repo_007,synthetic_user_0640,2021,Basic Energy Sciences,NONE
synthetic_repo_007,synthetic_user_0810,2021,Basic Energy Sciences,GRADUATE
synthetic_repo_007,synthetic_user_0820,2021,Basic Energy Sciences,PROSTAFF
synthetic_repo_007,synthetic_user_0864,2021,Basic Energy Sciences,POSTDOC
synthetic_repo_007,synthetic_user_0905,2021,Basic Energy Sciences,GRADUATE
synthetic_repo_007,synthetic_user_1051,2021,Basic Energy Sciences,PROSTAFF
synthetic_repo_007,synthetic_user_1147,2021,Basic Energy Sciences,SCIENTST
synthetic_repo_007,synthetic_user_1178,2021,Basic Energy Sciences,FACULTY
synthetic_repo_007,synthetic_user_1179,2021,Basic Energy Sciences,SCIENTST
synthetic_repo_007,synthetic_user_1186,2021,Basic Energy Sciences,FACULTY
synthetic_repo_009,synthetic_user_0015,2021,Basic Energy Sciences,GRADUATE
synthetic_repo_009,synthetic_user_0016,2021,Basic Energy Sciences,UNDRGRAD
synthetic_repo_009,synthetic_user_0032,2021,Basic Energy Sciences,GRADUATE
synthetic_repo_009,synthetic_user_0035,2021,Basic Energy Sciences,UNDRGRAD
synthetic_repo_009,synthetic_user_0104,2021,Basic Energy Sciences,GRADUATE
synthetic_repo_009,synthetic_user_0121,2021,Basic Energy Sciences,SCIENTST
synthetic_repo_009,synthetic_user_0148,2021,Basic Energy Sciences,FACULTY
synthetic_repo_009,synthetic_user_0160,2021,Basic Energy Sciences,SCIENTST
synthetic_repo_009,synthetic_user_0205,2021,Basic Energy Sciences,SCIENTST
synthetic_repo_009,synthetic_user_0280,2021,Basic Energy Sciences,FACULTY
synthetic_repo_009,synthetic_user_0285,2021,Basic Energy Sciences,PROSTAFF
synthetic_repo_009,synthetic_user_0321,2021,Basic Energy Sciences,SCIENTST
synthetic_repo_009,synthetic_user_0401,2021,Basic Energy Sciences,OTHER
synthetic_repo_009,synthetic_user_0404,2021,Basic Energy Sciences,UNDRGRAD
synthetic_repo_009,synthetic_user_0437,2021,Basic Energy Sciences,UNDRGRAD
synthetic_repo_009,synthetic_user_0438,2021,Basic Energy Sciences,UNDRGRAD
synthetic_repo_009,synthetic_user_0448,2021,Basic Energy Sciences,OTHER
synthetic_repo_009,synthetic_user_0451,2021,Basic Energy Sciences,OTHER
synthetic_repo_009,synthetic_user_0480,2021,Basic Energy Sciences,FACULTY
synthetic_repo_009,synthetic_user_0520,2021,Basic Energy Sciences,POSTDOC
synthetic_repo_009,synthetic_user_0590,2021,Basic Energy Sciences,PROSTAFF
synthetic_repo_009,synthetic_user_0621,2021,Basic Energy Sciences,POSTDOC
synthetic_repo_009,synthetic_user_0640,2021,Basic Energy Sciences,NONE
synthetic_repo_009,synthetic_user_0671,2021,Basic Energy Sciences,FACULTY
synthetic_repo_009,synthetic_user_0672,2021,Basic Energy Sciences,PROSTAFF
synthetic_repo_009,synthetic_user_0673,2021,Basic Energy Sciences,GRADUATE
synthetic_repo_009,synthetic_user_0784,2021,Basic Energy Sciences,SCIENTST
synthetic_repo_009,synthetic_user_0810,2021,Basic Energy Sciences,GRADUATE
synthetic_repo_009,synthetic_user_0822,2021,Basic Energy Sciences,FACULTY
synthetic_repo_009,synthetic_user_0862,2021,Basic Energy Sciences,GRADUATE
synthetic_repo_009,synthetic_user_0864,2021,Basic Energy Sciences,POSTDOC
synthetic_repo_009,synthetic_user_0920,2021,Basic Energy Sciences,PROSTAFF
synthetic_repo_009,synthetic_user_0959,2021,Basic Energy Sciences,PROSTAFF
synthetic_repo_009,synthetic_user_1018,2021,Basic Energy Sciences,GRADUATE
synthetic_repo_009,synthetic_user_1032,2021,Basic Energy Sciences,GRADUATE
synthetic_repo_009,synthetic_user_1051,2021,Basic Energy Sciences,PROSTAFF
synthetic_repo_009,synthetic_user_1059,2021,Basic Energy Sciences,SCIENTST
synthetic_repo_009,synthetic_user_1119,2021,Basic Energy Sciences,PROSTAFF
synthetic_repo_009,synthetic_user_1131,2021,Basic Energy Sciences,OTHER
synthetic_repo_009,synthetic_user_1147,2021,Basic Energy Sciences,SCIENTST
synthetic_repo_010,synthetic_user_0005,2021,Basic Energy Sciences,PROSTAFF
synthetic_repo_010,synthetic_user_0011,2021,Basic Energy Sciences,NONE
synthetic_repo_010,synthetic_user_0015,2021,Basic Energy Sciences,GRADUATE
synthetic_repo_010,synthetic_user_0040,2021,Basic Energy Sciences,POSTDOC
synthetic_repo_010,synthetic_user_0100,2021,Basic Energy Sciences,PROSTAFF
synthetic_repo_010,synthetic_user_0148,2021,Basic Energy Sciences,FACULTY
synthetic_repo_010,synthetic_user_0160,2021,Basic Energy Sciences,SCIENTST
synthetic_repo_010,synthetic_user_0177,2021,Basic Energy Sciences,OTHER
synthetic_repo_010,synthetic_user_0205,2021,Basic Energy Sciences,SCIENTST
synthetic_repo_010,synthetic_user_0213,2021,Basic Energy Sciences,GRADUATE
synthetic_repo_010,synthetic_user_0237,2021,Basic Energy Sciences,NONE
synthetic_repo_010,synthetic_user_0280,2021,Basic Energy Sciences,FACULTY
synthetic_repo_010,synthetic_user_0294,2021,Basic Energy Sciences,SCIENTST
synthetic_repo_010,synthetic_user_0322,2021,Basic Energy Sciences,GRADUATE
synthetic_repo_010,synthetic_user_0362,2021,Basic Energy Sciences,FACULTY
synthetic_repo_010,synthetic_user_0398,2021,Basic Energy Sciences,OTHER
synthetic_repo_010,synthetic_user_0408,2021,Basic Energy Sciences,UNDRGRAD
synthetic_repo_010,synthetic_user_0437,2021,Basic Energy Sciences,UNDRGRAD
synthetic_repo_010,synthetic_user_0438,2021,Basic Energy Sciences,UNDRGRAD
synthetic_repo_010,synthetic_user_0451,2021,Basic Energy Sciences,OTHER
synthetic_repo_010,synthetic_user_0456,2021,Basic Energy Sciences,PROSTAFF
synthetic_repo_010,synthetic_user_0520,2021,Basic Energy Sciences,POSTDOC
synthetic_repo_010,synthetic_user_0544,2021,Basic Energy Sciences,OTHER
synthetic_repo_010,synthetic_user_0547,2021,Basic Energy Sciences,SCIENTST
synthetic_repo_010,synthetic_user_0555,2021,Basic Energy Sciences,GRADUATE
synthetic_repo_010,synthetic_user_0621,2021,Basic Energy Sciences,POSTDOC
synthetic_repo_010,synthetic_user_0640,2021,Basic Energy Sciences,NONE
synthetic_repo_010,synthetic_user_0672,2021,Basic Energy Sciences,PROSTAFF
synthetic_repo_010,synthetic_user_0709,2021,Basic Energy Sciences,PROSTAFF
synthetic_repo_010,synthetic_user_0732,2021,Basic Energy Sciences,POSTDOC
synthetic_repo_010,synthetic_user_0764,2021,Basic Energy Sciences,POSTDOC
synthetic_repo_010,synthetic_user_0781,2021,Basic Energy Sciences,PROSTAFF
synthetic_repo_010,synthetic_user_0784,2021,Basic Energy Sciences,SCIENTST
synthetic_repo_010,synthetic_user_0810,2021,Basic Energy Sciences,GRADUATE
synthetic_repo_010,synthetic_user_0822,2021,Basic Energy Sciences,FACULTY
synthetic_repo_010,synthetic_user_0827,2021,Basic Energy Sciences,GRADUATE
synthetic_repo_010,synthetic_user_0831,2021,Basic Energy Sciences,UNDRGRAD
synthetic_repo_010,synthetic_user_0862,2021,Basic Energy Sciences,GRADUATE
synthetic_repo_010,synthetic_user_0864,2021,Basic Energy Sciences,POSTDOC
synthetic_repo_010,synthetic_user_0890,2021,Basic Energy Sciences,SCIENTST
synthetic_repo_010,synthetic_user_0905,2021,Basic Energy Sciences,GRADUATE
synthetic_repo_010,synthetic_user_0959,2021,Basic Energy Sciences,PROSTAFF
synthetic_repo_010,synthetic_user_0978,2021,Basic Energy Sciences,SCIENTST
synthetic_repo_010,synthetic_user_1018,2021,Basic Energy Sciences,GRADUATE
synthetic_repo_010,synthetic_user_1032,2021,Basic Energy Sciences,GRADUATE
synthetic_repo_010,synthetic_user_1051,2021,Basic Energy Sciences,PROSTAFF
synthetic_repo_010,synthetic_user_1097,2021,Basic Energy Sciences,PROSTAFF
synthetic_repo_010,synthetic_user_1128,2021,Basic Energy Sciences,SCIENTST
synthetic_repo_010,synthetic_user_1137,2021,Basic Energy Sciences,UNDRGRAD
synthetic_repo_010,synthetic_user_1147,2021,Basic Energy Sciences,SCIENTST
synthetic_repo_010,synthetic_user_1178,2021,Basic Energy Sciences,FACULTY
synthetic_repo_010,synthetic_user_1179,2021,Basic Energy Sciences,SCIENTST
synthetic_repo_010,synthetic_user_1186,2021,Basic Energy Sciences,FACULTY
synthetic_repo_011,synthetic_user_0167,2021,High Energy Physics,NONE
synthetic_repo_011,synthetic_user_0457,2021,High Energy Physics,FACULTY
synthetic_repo_011,synthetic_user_0665,2021,High Energy Physics,GRADUATE
synthetic_repo_011,synthetic_user_0713,2021,High Energy Physics,OTHER
synthetic_repo_011,synthetic_user_0915,2021,High Energy Physics,POSTDOC
synthetic_repo_012,synthetic_user_0151,2021,High Energy Physics,PROSTAFF
synthetic_repo_012,synthetic_user_0445,2021,High Energy Physics,GRADUATE
synthetic_repo_012,synthetic_user_0450,2021,High Energy Physics,FACULTY
synthetic_repo_012,synthetic_user_0457,2021,High Energy Physics,FACULTY
synthetic_repo_012,synthetic_user_0475,2021,High Energy Physics,GRADUATE
synthetic_repo_012,synthetic_user_1114,2021,High Energy Physics,POSTDOC
synthetic_repo_012,synthetic_user_1137,2021,High Energy Physics,UNDRGRAD
synthetic_repo_014,synthetic_user_0067,2021,High Energy Physics,POSTDOC
synthetic_repo_014,synthetic_user_0101,2021,High Energy Physics,PROSTAFF
synthetic_repo_014,synthetic_user_0283,2021,High Energy Physics,SCIENTST
synthetic_repo_014,synthetic_user_0347,2021,High Energy Physics,GRADUATE
synthetic_repo_014,synthetic_user_0390,2021,High Energy Physics,GRADUATE
synthetic_repo_014,synthetic_user_0442,2021,High Energy Physics,GRADUATE
synthetic_repo_014,synthetic_user_0450,2021,High Energy Physics,FACULTY
synthetic_repo_014,synthetic_user_0713,2021,High Energy Physics,OTHER
synthetic_repo_014,synthetic_user_0915,2021,High Energy Physics,POSTDOC
synthetic_repo_014,synthetic_user_0962,2021,High Energy Physics,FACULTY
synthetic_repo_014,synthetic_user_1171,2021,High Energy Physics,SCIENTST
synthetic_repo_015,synthetic_user_0167,2021,High Energy Physics,NONE
synthetic_repo_015,synthetic_user_0203,2021,High Energy Physics,SCIENTST
synthetic_repo_015,synthetic_user_0255,2021,High Energy Physics,SCIENTST
synthetic_repo_015,synthetic_user_0347,2021,High Energy Physics,GRADUATE
synthetic_repo_015,synthetic_user_0380,2021,High Energy Physics,POSTDOC
synthetic_repo_015,synthetic_user_0445,2021,High Energy Physics,GRADUATE
synthetic_repo_015,synthetic_user_0450,2021,High Energy Physics,FACULTY
synthetic_repo_015,synthetic_user_0529,2021,High Energy Physics,POSTDOC
synthetic_repo_015,synthetic_user_0649,2021,High Energy Physics,FACULTY
synthetic_repo_015,synthetic_user_0872,2021,High Energy Physics,POSTDOC
synthetic_repo_015,synthetic_user_0915,2021,High Energy Physics,POSTDOC
synthetic_repo_015,synthetic_user_0933,2021,High Energy Physics,GRADUATE
synthetic_repo_015,synthetic_user_0983,2021,High Energy Physics,GRADUATE
synthetic_repo_015,synthetic_user_1039,2021,High Energy Physics,POSTDOC
synthetic_repo_016,synthetic_user_0067,2021,High Energy Physics,POSTDOC
synthetic_repo_016,synthetic_user_0154,2021,High Energy Physics,SCIENTST
synthetic_repo_016,synthetic_user_0162,2021,High Energy Physics,PROSTAFF
synthetic_repo_016,synthetic_user_0167,2021,High Energy Physics,NONE
synthetic_repo_016,synthetic_user_0176,2021,High Energy Physics,OTHER
synthetic_repo_016,synthetic_user_0255,2021,High Energy Physics,SCIENTST
synthetic_repo_016,synthetic_user_0279,2021,High Energy Physics,GRADUATE
synthetic_repo_016,synthetic_user_0422,2021,High Energy Physics,GRADUATE
synthetic_repo_016,synthetic_user_0430,2021,High Energy Physics,FACULTY
synthetic_repo_016,synthetic_user_0450,2021,High Energy Physics,FACULTY
synthetic_repo_016,synthetic_user_0521,2021,High Energy Physics,PROSTAFF
synthetic_repo_016,synthetic_user_0529,2021,High Energy Physics,POSTDOC
synthetic_repo_016,synthetic_user_0635,2021,High Energy Physics,PROSTAFF
synthetic_repo_016,synthetic_user_0642,2021,High Energy Physics,SCIENTST
synthetic_repo_016,synthetic_user_0665,2021,High Energy Physics,GRADUATE
synthetic_repo_016,synthetic_user_0800,2021,High Energy Physics,GRADUATE
synthetic_repo_016,synthetic_user_0872,2021,High Energy Physics,POSTDOC
synthetic_repo_016,synthetic_user_0912,2021,High Energy Physics,OTHER
synthetic_repo_016,synthetic_user_0915,2021,High Energy Physics,POSTDOC
synthetic_repo_016,synthetic_user_1039,2021,High Energy Physics,POSTDOC
synthetic_repo_016,synthetic_user_1171,2021,High Energy Physics,SCIENTST
synthetic_repo_017,synthetic_user_0151,2021,High Energy Physics,PROSTAFF
synthetic_repo_017,synthetic_user_0308,2021,High Energy Physics,GRADUATE
synthetic_repo_017,synthetic_user_0380,2021,High Energy Physics,POSTDOC
synthetic_repo_017,synthetic_user_0429,2021,High Energy Physics,SCIENTST
synthetic_repo_017,synthetic_user_0439,2021,High Energy Physics,GRADUATE
synthetic_repo_017,synthetic_user_0450,2021,High Energy Physics,FACULTY
synthetic_repo_017,synthetic_user_0457,2021,High Energy Physics,FACULTY
synthetic_repo_017,synthetic_user_0499,2021,High Energy Physics,POSTDOC
synthetic_repo_017,synthetic_user_0602,2021,High Energy Physics,SCIENTST
synthetic_repo_017,synthetic_user_0635,2021,High Energy Physics,PROSTAFF
synthetic_repo_017,synthetic_user_0642,2021,High Energy Physics,SCIENTST
synthetic_repo_017,synthetic_user_0683,2021,High Energy Physics,POSTDOC
synthetic_repo_017,synthetic_user_0713,2021,High Energy Physics,OTHER
synthetic_repo_017,synthetic_user_0715,2021,High Energy Physics,UNDRGRAD
synthetic_repo_017,synthetic_user_0728,2021,High Energy Physics,FACULTY
synthetic_repo_017,synthetic_user_0872,2021,High Energy Physics,POSTDOC
synthetic_repo_017,synthetic_user_0933,2021,High Energy Physics,GRADUATE
synthetic_repo_017,synthetic_user_1039,2021,High Energy Physics,POSTDOC
synthetic_repo_017,synthetic_user_1058,2021,High Energy Physics,SCIENTST
synthetic_repo_017,synthetic_user_1137,2021,High Energy Physics,UNDRGRAD
synthetic_repo_017,synthetic_user_1161,2021,High Energy Physics,PROSTAFF
synthetic_repo_019,synthetic_user_0128,2021,High Energy Physics,PROSTAFF
synthetic_repo_019,synthetic_user_0133,2021,High Energy Physics,UNDRGRAD
synthetic_repo_019,synthetic_user_0154,2021,High Energy Physics,SCIENTST
synthetic_repo_019,synthetic_user_0167,2021,High Energy Physics,NONE
synthetic_repo_019,synthetic_user_0255,2021,High Energy Physics,SCIENTST
synthetic_repo_019,synthetic_user_0308,2021,High Energy Physics,GRADUATE
synthetic_repo_019,synthetic_user_0322,2021,High Energy Physics,GRADUATE
synthetic_repo_019,synthetic_user_0325,2021,High Energy Physics,SCIENTST
synthetic_repo_019,synthetic_user_0341,2021,High Energy Physics,PROSTAFF
synthetic_repo_019,synthetic_user_0347,2021,High Energy Physics,GRADUATE
synthetic_repo_019,synthetic_user_0380,2021,High Energy Physics,POSTDOC
synthetic_repo_019,synthetic_user_0450,2021,High Energy Physics,FACULTY
synthetic_repo_019,synthetic_user_0457,2021,High Energy Physics,FACULTY
synthetic_repo_019,synthetic_user_0488,2021,High Energy Physics,FACULTY
synthetic_repo_019,synthetic_user_0529,2021,High Energy Physics,POSTDOC
synthetic_repo_019,synthetic_user_0635,2021,High Energy Physics,PROSTAFF
synthetic_repo_019,synthetic_user_0642,2021,High Energy Physics,SCIENTST
synthetic_repo_019,synthetic_user_0683,2021,High Energy Physics,POSTDOC
synthetic_repo_019,synthetic_user_0713,2021,High Energy Physics,OTHER
synthetic_repo_019,synthetic_user_0715,2021,High Energy Physics,UNDRGRAD
synthetic_repo_019,synthetic_user_0800,2021,High Energy Physics,GRADUATE
synthetic_repo_019,synthetic_user_0872,2021,High Energy Physics,POSTDOC
synthetic_repo_019,synthetic_user_0889,2021,High Energy Physics,SCIENTST
synthetic_repo_019,synthetic_user_0912,2021,High Energy Physics,OTHER
synthetic_repo_019,synthetic_user_0915,2021,High Energy Physics,POSTDOC
synthetic_repo_019,synthetic_user_0983,2021,High Energy Physics,GRADUATE
synthetic_repo_019,synthetic_user_1024,2021,High Energy Physics,OTHER
synthetic_repo_019,synthetic_user_1039,2021,High Energy Physics,POSTDOC
synthetic_repo_019,synthetic_user_1114,2021,High Energy Physics,POSTDOC
synthetic_repo_019,synthetic_user_1145,2021,High Energy Physics,POSTDOC
synthetic_repo_019,synthetic_user_1161,2021,High Energy Physics,PROSTAFF
synthetic_repo_020,synthetic_user_0066,2021,High Energy Physics,GRADUATE
synthetic_repo_020,synthetic_user_0067,2021,High Energy Physics,POSTDOC
synthetic_repo_020,synthetic_user_0070,2021,High Energy Physics,UNDRGRAD
synthetic_repo_020,synthetic_user_0101,2021,High Energy Physics,PROSTAFF
synthetic_repo_020,synthetic_user_0117,2021,High Energy Physics,PROSTAFF
synthetic_repo_020,synthetic_user_0167,2021,High Energy Physics,NONE
synthetic_repo_020,synthetic_user_0170,2021,High Energy Physics,PROSTAFF
synthetic_repo_020,synthetic_user_0176,2021,High Energy Physics,OTHER
synthetic_repo_020,synthetic_user_0255,2021,High Energy Physics,SCIENTST
synthetic_repo_020,synthetic_user_0279,2021,High Energy Physics,GRADUATE
synthetic_repo_020,synthetic_user_0283,2021,High Energy Physics,SCIENTST
synthetic_repo_020,synthetic_user_0308,2021,High Energy Physics,GRADUATE
synthetic_repo_020,synthetic_user_0321,2021,High Energy Physics,SCIENTST
synthetic_repo_020,synthetic_user_0325,2021,High Energy Physics,SCIENTST
synthetic_repo_020,synthetic_user_0341,2021,High Energy Physics,PROSTAFF
synthetic_repo_020,synthetic_user_0347,2021,High Energy Physics,GRADUATE
synthetic_repo_020,synthetic_user_0380,2021,High Energy Physics,POSTDOC
synthetic_repo_020,synthetic_user_0390,2021,High Energy Physics,GRADUATE
synthetic_repo_020,synthetic_user_0422,2021,High Energy Physics,GRADUATE
synthetic_repo_020,synthetic_user_0430,2021,High Energy Physics,FACULTY
synthetic_repo_020,synthetic_user_0434,2021,High Energy Physics,POSTDOC
synthetic_repo_020,synthetic_user_0450,2021,High Energy Physics,FACULTY
synthetic_repo_020,synthetic_user_0457,2021,High Energy Physics,FACULTY
synthetic_repo_020,synthetic_user_0475,2021,High Energy Physics,GRADUATE
synthetic_repo_020,synthetic_user_0499,2021,High Energy Physics,POSTDOC
synthetic_repo_020,synthetic_user_0519,2021,High Energy Physics,PROSTAFF
synthetic_repo_020,synthetic_user_0521,2021,High Energy Physics,PROSTAFF
synthetic_repo_020,synthetic_user_0529,2021,High Energy Physics,POSTDOC
synthetic_repo_020,synthetic_user_0602,2021,High Energy Physics,SCIENTST
synthetic_repo_020,synthetic_user_0635,2021,High Energy Physics,PROSTAFF
synthetic_repo_020,synthetic_user_0642,2021,High Energy Physics,SCIENTST
synthetic_repo_020,synthetic_user_0649,2021,High Energy Physics,FACULTY
synthetic_repo_020,synthetic_user_0665,2021,High Energy Physics,GRADUATE
synthetic_repo_020,synthetic_user_0715,2021,High Energy Physics,UNDRGRAD
synthetic_repo_020,synthetic_user_0760,2021,High Energy Physics,OTHER
synthetic_repo_020,synthetic_user_0800,2021,High Energy Physics,GRADUATE
synthetic_repo_020,synthetic_user_0872,2021,High Energy Physics,POSTDOC
synthetic_repo_020,synthetic_user_0889,2021,High Energy Physics,SCIENTST
synthetic_repo_020,synthetic_user_0912,2021,High Energy Physics,OTHER
synthetic_repo_020,synthetic_user_0915,2021,High Energy Physics,POSTDOC
synthetic_repo_020,synthetic_user_0933,2021,High Energy Physics,GRADUATE
synthetic_repo_020,synthetic_user_0938,2021,High Energy Physics,SCIENTST
synthetic_repo_020,synthetic_user_0965,2021,High Energy Physics,GRADUATE
synthetic_repo_020,synthetic_user_0983,2021,High Energy Physics,GRADUATE
synthetic_repo_020,synthetic_user_1024,2021,High Energy Physics,OTHER
synthetic_repo_020,synthetic_user_1035,2021,High Energy Physics,SCIENTST
synthetic_repo_020,synthetic_user_1039,2021,High Energy Physics,POSTDOC
synthetic_repo_020,synthetic_user_1058,2021,High Energy Physics,SCIENTST
synthetic_repo_020,synthetic_user_1076,2021,High Energy Physics,POSTDOC
synthetic_repo_020,synthetic_user_1090,2021,High Energy Physics,OTHER
synthetic_repo_020,synthetic_user_1098,2021,High Energy Physics,UNDRGRAD
synthetic_repo_020,synthetic_user_1114,2021,High Energy Physics,POSTDOC
synthetic_repo_020,synthetic_user_1137,2021,High Energy Physics,UNDRGRAD
synthetic_repo_020,synthetic_user_1145,2021,High Energy Physics,POSTDOC
synthetic_repo_020,synthetic_user_1161,2021,High Energy Physics,PROSTAFF
synthetic_repo_021,synthetic_user_0095,2021,NERSC Directors Reserve,GRADUATE
synthetic_repo_021,synthetic_user_0115,2021,NERSC Directors Reserve,GRADUATE
synthetic_repo_021,synthetic_user_0554,2021,NERSC Directors Reserve,POSTDOC
synthetic_repo_021,synthetic_user_0763,2021,NERSC Directors Reserve,POSTDOC
synthetic_repo_021,synthetic_user_0882,2021,NERSC Directors Reserve,PROSTAFF
synthetic_repo_021,synthetic_user_1106,2021,NERSC Directors Reserve,FACULTY
synthetic_repo_022,synthetic_user_0232,2021,NERSC Directors Reserve,PROSTAFF
synthetic_repo_022,synthetic_user_0278,2021,NERSC Directors Reserve,OTHER
synthetic_repo_022,synthetic_user_0554,2021,NERSC Directors Reserve,POSTDOC
synthetic_repo_022,synthetic_user_0582,2021,NERSC Directors Reserve,SCIENTST
synthetic_repo_022,synthetic_user_0626,2021,NERSC Directors Reserve,FACULTY
synthetic_repo_022,synthetic_user_0650,2021,NERSC Directors Reserve,POSTDOC
synthetic_repo_022,synthetic_user_1155,2021,NERSC Directors Reserve,PROSTAFF
synthetic_repo_024,synthetic_user_0095,2021,NERSC Directors Reserve,GRADUATE
synthetic_repo_024,synthetic_user_0188,2021,NERSC Directors Reserve,GRADUATE
synthetic_repo_024,synthetic_user_0232,2021,NERSC Directors Reserve,PROSTAFF
synthetic_repo_024,synthetic_user_0252,2021,NERSC Directors Reserve,SCIENTST
synthetic_repo_024,synthetic_user_0307,2021,NERSC Directors Reserve,SCIENTST
synthetic_repo_024,synthetic_user_0334,2021,NERSC Directors Reserve,POSTDOC
synthetic_repo_024,synthetic_user_0475,2021,NERSC Directors Reserve,GRADUATE
synthetic_repo_024,synthetic_user_0513,2021,NERSC Directors Reserve,FACULTY
synthetic_repo_024,synthetic_user_0626,2021,NERSC Directors Reserve,FACULTY
synthetic_repo_024,synthetic_user_0776,2021,NERSC Directors Reserve,UNDRGRAD
synthetic_repo_024,synthetic_user_1021,2021,NERSC Directors Reserve,FACULTY
synthetic_repo_024,synthetic_user_1070,2021,NERSC Directors Reserve,SCIENTST
synthetic_repo_024,synthetic_user_1078,2021,NERSC Directors Reserve,OTHER
synthetic_repo_024,synthetic_user_1134,2021,NERSC Directors Reserve,GRADUATE
synthetic_repo_025,synthetic_user_0095,2021,NERSC Directors Reserve,GRADUATE
synthetic_repo_025,synthetic_user_0118,2021,NERSC Directors Reserve,PROSTAFF
synthetic_repo_025,synthetic_user_0161,2021,NERSC Directors Reserve,POSTDOC
synthetic_repo_025,synthetic_user_0248,2021,NERSC Directors Reserve,GRADUATE
synthetic_repo_025,synthetic_user_0263,2021,NERSC Directors Reserve,GRADUATE
synthetic_repo_025,synthetic_user_0307,2021,NERSC Directors Reserve,SCIENTST
synthetic_repo_025,synthetic_user_0346,2021,NERSC Directors Reserve,GRADUATE
synthetic_repo_025,synthetic_user_0387,2021,NERSC Directors Reserve,POSTDOC
synthetic_repo_025,synthetic_user_0465,2021,NERSC Directors Reserve,GRADUATE
synthetic_repo_025,synthetic_user_0554,2021,NERSC Directors Reserve,POSTDOC
synthetic_repo_025,synthetic_user_0582,2021,NERSC Directors Reserve,SCIENTST
synthetic_repo_025,synthetic_user_0803,2021,NERSC Directors Reserve,SCIENTST
synthetic_repo_025,synthetic_user_1078,2021,NERSC Directors Reserve,OTHER
synthetic_repo_026,synthetic_user_0278,2021,NERSC Directors Reserve,OTHER
synthetic_repo_026,synthetic_user_0333,2021,NERSC Directors Reserve,SCIENTST
synthetic_repo_026,synthetic_user_0353,2021,NERSC Directors Reserve,NONE
synthetic_repo_026,synthetic_user_0447,2021,NERSC Directors Reserve,POSTDOC
synthetic_repo_026,synthetic_user_0483,2021,NERSC Directors Reserve,SCIENTST
synthetic_repo_026,synthetic_user_0545,2021,NERSC Directors Reserve,OTHER
synthetic_repo_026,synthetic_user_0554,2021,NERSC Directors Reserve,POSTDOC
synthetic_repo_026,synthetic_user_0583,2021,NERSC Directors Reserve,UNDRGRAD
synthetic_repo_026,synthetic_user_0626,2021,NERSC Directors Reserve,FACULTY
synthetic_repo_026,synthetic_user_0676,2021,NERSC Directors Reserve,POSTDOC
synthetic_repo_026,synthetic_user_0803,2021,NERSC Directors Reserve,SCIENTST
synthetic_repo_026,synthetic_user_0926,2021,NERSC Directors Reserve,UNDRGRAD
synthetic_repo_026,synthetic_user_0942,2021,NERSC Directors Reserve,POSTDOC
synthetic_repo_026,synthetic_user_0960,2021,NERSC Directors Reserve,NONE
synthetic_repo_026,synthetic_user_1155,2021,NERSC Directors Reserve,PROSTAFF
synthetic_repo_026,synthetic_user_1176,2021,NERSC Directors Reserve,SCIENTST
synthetic_repo_027,synthetic_user_0035,2021,NERSC Directors Reserve,UNDRGRAD
synthetic_repo_027,synthetic_user_0095,2021,NERSC Directors Reserve,GRADUATE
synthetic_repo_027,synthetic_user_0118,2021,NERSC Directors Reserve,PROSTAFF
synthetic_repo_027,synthetic_user_0209,2021,NERSC Directors Reserve,POSTDOC
synthetic_repo_027,synthetic_user_0307,2021,NERSC Directors Reserve,SCIENTST
synthetic_repo_027,synthetic_user_0353,2021,NERSC Directors Reserve,NONE
synthetic_repo_027,synthetic_user_0400,2021,NERSC Directors Reserve,PROSTAFF
synthetic_repo_027,synthetic_user_0439,2021,NERSC Directors Reserve,GRADUATE
synthetic_repo_027,synthetic_user_0554,2021,NERSC Directors Reserve,POSTDOC
synthetic_repo_027,synthetic_user_0578,2021,NERSC Directors Reserve,GRADUATE
synthetic_repo_027,synthetic_user_0588,2021,NERSC Directors Reserve,NONE
synthetic_repo_027,synthetic_user_0729,2021,NERSC Directors Reserve,UNDRGRAD
synthetic_repo_027,synthetic_user_0763,2021,NERSC Directors Reserve,POSTDOC
synthetic_repo_027,synthetic_user_0768,2021,NERSC Directors Reserve,POSTDOC
synthetic_repo_027,synthetic_user_0885,2021,NERSC Directors Reserve,FACULTY
synthetic_repo_027,synthetic_user_0935,2021,NERSC Directors Reserve,POSTDOC
synthetic_repo_027,synthetic_user_0942,2021,NERSC Directors Reserve,POSTDOC
synthetic_repo_027,synthetic_user_0950,2021,NERSC Directors Reserve,POSTDOC
synthetic_repo_027,synthetic_user_1021,2021,NERSC Directors Reserve,FACULTY
synthetic_repo_027,synthetic_user_1050,2021,NERSC Directors Reserve,FACULTY
synthetic_repo_027,synthetic_user_1078,2021,NERSC Directors Reserve,OTHER
synthetic_repo_027,synthetic_user_1112,2021,NERSC Directors Reserve,FACULTY
synthetic_repo_027,synthetic_user_1155,2021,NERSC Directors Reserve,PROSTAFF
synthetic_repo_029,synthetic_user_0095,2021,NERSC Directors Reserve,GRADUATE
synthetic_repo_029,synthetic_user_0115,2021,NERSC Directors Reserve,GRADUATE
synthetic_repo_029,synthetic_user_0118,2021,NERSC Directors Reserve,PROSTAFF
synthetic_repo_029,synthetic_user_0185,2021,NERSC Directors Reserve,UNDRGRAD
synthetic_repo_029,synthetic_user_0207,2021,NERSC Directors Reserve,PROSTAFF
synthetic_repo_029,synthetic_user_0232,2021,NERSC Directors Reserve,PROSTAFF
synthetic_repo_029,synthetic_user_0248,2021,NERSC Directors Reserve,GRADUATE
synthetic_repo_029,synthetic_user_0263,2021,NERSC Directors Reserve,GRADUATE
synthetic_repo_029,synthetic_user_0278,2021,NERSC Directors Reserve,OTHER
synthetic_repo_029,synthetic_user_0307,2021,NERSC Directors Reserve,SCIENTST
synthetic_repo_029,synthetic_user_0346,2021,NERSC Directors Reserve,GRADUATE
synthetic_repo_029,synthetic_user_0350,2021,NERSC Directors Reserve,FACULTY
synthetic_repo_029,synthetic_user_0387,2021,NERSC Directors Reserve,POSTDOC
synthetic_repo_029,synthetic_user_0465,2021,NERSC Directors Reserve,GRADUATE
synthetic_repo_029,synthetic_user_0479,2021,NERSC Directors Reserve,OTHER
synthetic_repo_029,synthetic_user_0513,2021,NERSC Directors Reserve,FACULTY
synthetic_repo_029,synthetic_user_0554,2021,NERSC Directors Reserve,POSTDOC
synthetic_repo_029,synthetic_user_0563,2021,NERSC Directors Reserve,POSTDOC
synthetic_repo_029,synthetic_user_0575,2021,NERSC Directors Reserve,PROSTAFF
synthetic_repo_029,synthetic_user_0581,2021,NERSC Directors Reserve,POSTDOC
synthetic_repo_029,synthetic_user_0583,2021,NERSC Directors Reserve,UNDRGRAD
synthetic_repo_029,synthetic_user_0650,2021,NERSC Directors Reserve,POSTDOC
synthetic_repo_029,synthetic_user_0668,2021,NERSC Directors Reserve,UNDRGRAD
synthetic_repo_029,synthetic_user_0729,2021,NERSC Directors Reserve,UNDRGRAD
synthetic_repo_029,synthetic_user_0763,2021,NERSC Directors Reserve,POSTDOC
synthetic_repo_029,synthetic_user_0803,2021,NERSC Directors Reserve,SCIENTST
synthetic_repo_029,synthetic_user_0826,2021,NERSC Directors Reserve,POSTDOC
synthetic_repo_029,synthetic_user_0841,2021,NERSC Directors Reserve,SCIENTST
synthetic_repo_029,synthetic_user_0865,2021,NERSC Directors Reserve,PROSTAFF
synthetic_repo_029,synthetic_user_0882,2021,NERSC Directors Reserve,PROSTAFF
synthetic_repo_029,synthetic_user_0885,2021,NERSC Directors Reserve,FACULTY
synthetic_repo_029,synthetic_user_0950,2021,NERSC Directors Reserve,POSTDOC
synthetic_repo_029,synthetic_user_1021,2021,NERSC Directors Reserve,FACULTY
synthetic_repo_029,synthetic_user_1070,2021,NERSC Directors Reserve,SCIENTST
synthetic_repo_029,synthetic_user_1078,2021,NERSC Directors Reserve,OTHER
synthetic_repo_029,synthetic_user_1106,2021,NERSC Directors Reserve,FACULTY
synthetic_repo_029,synthetic_user_1155,2021,NERSC Directors Reserve,PROSTAFF
synthetic_repo_030,synthetic_user_0095,2021,NERSC Directors Reserve,GRADUATE
synthetic_repo_030,synthetic_user_0106,2021,NERSC Directors Reserve,GRADUATE
synthetic_repo_030,synthetic_user_0118,2021,NERSC Directors Reserve,PROSTAFF
synthetic_repo_030,synthetic_user_0152,2021,NERSC Directors Reserve,SCIENTST
synthetic_repo_030,synthetic_user_0185,2021,NERSC Directors Reserve,UNDRGRAD
synthetic_repo_030,synthetic_user_0207,2021,NERSC Directors Reserve,PROSTAFF
synthetic_repo_030,synthetic_user_0209,2021,NERSC Directors Reserve,POSTDOC
synthetic_repo_030,synthetic_user_0248,2021,NERSC Directors Reserve,GRADUATE
synthetic_repo_030,synthetic_user_0263,2021,NERSC Directors Reserve,GRADUATE
synthetic_repo_030,synthetic_user_0278,2021,NERSC Directors Reserve,OTHER
synthetic_repo_030,synthetic_user_0282,2021,NERSC Directors Reserve,SCIENTST
synthetic_repo_030,synthetic_user_0307,2021,NERSC Directors Reserve,SCIENTST
synthetic_repo_030,synthetic_user_0334,2021,NERSC Directors Reserve,POSTDOC
synthetic_repo_030,synthetic_user_0350,2021,NERSC Directors Reserve,FACULTY
synthetic_repo_030,synthetic_user_0353,2021,NERSC Directors Reserve,NONE
synthetic_repo_030,synthetic_user_0387,2021,NERSC Directors Reserve,POSTDOC
synthetic_repo_030,synthetic_user_0400,2021,NERSC Directors Reserve,PROSTAFF
synthetic_repo_030,synthetic_user_0419,2021,NERSC Directors Reserve,SCIENTST
synthetic_repo_030,synthetic_user_0439,2021,NERSC Directors Reserve,GRADUATE
synthetic_repo_030,synthetic_user_0465,2021,NERSC Directors Reserve,GRADUATE
synthetic_repo_030,synthetic_user_0471,2021,NERSC Directors Reserve,SCIENTST
synthetic_repo_030,synthetic_user_0475,2021,NERSC Directors Reserve,GRADUATE
synthetic_repo_030,synthetic_user_0510,2021,NERSC Directors Reserve,PROSTAFF
synthetic_repo_030,synthetic_user_0545,2021,NERSC Directors Reserve,OTHER
synthetic_repo_030,synthetic_user_0554,2021,NERSC Directors Reserve,POSTDOC
synthetic_repo_030,synthetic_user_0583,2021,NERSC Directors Reserve,UNDRGRAD
synthetic_repo_030,synthetic_user_0588,2021,NERSC Directors Reserve,NONE
synthetic_repo_030,synthetic_user_0592,2021,NERSC Directors Reserve,FACULTY
synthetic_repo_030,synthetic_user_0626,2021,NERSC Directors Reserve,FACULTY
synthetic_repo_030,synthetic_user_0650,2021,NERSC Directors Reserve,POSTDOC
synthetic_repo_030,synthetic_user_0668,2021,NERSC Directors Reserve,UNDRGRAD
synthetic_repo_030,synthetic_user_0733,2021,NERSC Directors Reserve,OTHER
synthetic_repo_030,synthetic_user_0740,2021,NERSC Directors Reserve,PROSTAFF
synthetic_repo_030,synthetic_user_0761,2021,NERSC Directors Reserve,POSTDOC
synthetic_repo_030,synthetic_user_0763,2021,NERSC Directors Reserve,POSTDOC
synthetic_repo_030,synthetic_user_0768,2021,NERSC Directors Reserve,POSTDOC
synthetic_repo_030,synthetic_user_0882,2021,NERSC Directors Reserve,PROSTAFF
synthetic_repo_030,synthetic_user_0885,2021,NERSC Directors Reserve,FACULTY
synthetic_repo_030,synthetic_user_0926,2021,NERSC Directors Reserve,UNDRGRAD
synthetic_repo_030,synthetic_user_0935,2021,NERSC Directors Reserve,POSTDOC
synthetic_repo_030,synthetic_user_0942,2021,NERSC Directors Reserve,POSTDOC
synthetic_repo_030,synthetic_user_0944,2021,NERSC Directors Reserve,PROSTAFF
synthetic_repo_030,synthetic_user_0950,2021,NERSC Directors Reserve,POSTDOC
synthetic_repo_030,synthetic_user_0960,2021,NERSC Directors Reserve,NONE
synthetic_repo_030,synthetic_user_0996,2021,NERSC Directors Reserve,SCIENTST
synthetic_repo_030,synthetic_user_1070,2021,NERSC Directors Reserve,SCIENTST
synthetic_repo_030,synthetic_user_1078,2021,NERSC Directors Reserve,OTHER
synthetic_repo_030,synthetic_user_1111,2021,NERSC Directors Reserve,GRADUATE
synthetic_repo_030,synthetic_user_1112,2021,NERSC Directors Reserve,FACULTY
synthetic_repo_031,synthetic_user_0062,2021,Biological and Environmental Research,UNDRGRAD
synthetic_repo_031,synthetic_user_0156,2021,Biological and Environmental Research,PROSTAFF
synthetic_repo_031,synthetic_user_0674,2021,Biological and Environmental Research,SCIENTST
synthetic_repo_031,synthetic_user_0799,2021,Biological and Environmental Research,PROSTAFF
synthetic_repo_031,synthetic_user_0899,2021,Biological and Environmental Research,FACULTY
synthetic_repo_032,synthetic_user_0036,2021,Biological and Environmental Research,POSTDOC
synthetic_repo_032,synthetic_user_0094,2021,Biological and Environmental Research,GRADUATE
synthetic_repo_032,synthetic_user_0243,2021,Biological and Environmental Research,POSTDOC
synthetic_repo_032,synthetic_user_0476,2021,Biological and Environmental Research,GRADUATE
synthetic_repo_032,synthetic_user_0765,2021,Biological and Environmental Research,POSTDOC
synthetic_repo_032,synthetic_user_0910,2021,Biological and Environmental Research,PROSTAFF
synthetic_repo_032,synthetic_user_0911,2021,Biological and Environmental Research,SCIENTST
synthetic_repo_034,synthetic_user_0012,2021,Biological and Environmental Research,GRADUATE
synthetic_repo_034,synthetic_user_0085,2021,Biological and Environmental Research,GRADUATE
synthetic_repo_034,synthetic_user_0101,2021,Biological and Environmental Research,PROSTAFF
synthetic_repo_034,synthetic_user_0105,2021,Biological and Environmental Research,PROSTAFF
synthetic_repo_034,synthetic_user_0156,2021,Biological and Environmental Research,PROSTAFF
synthetic_repo_034,synthetic_user_0184,2021,Biological and Environmental Research,PROSTAFF
synthetic_repo_034,synthetic_user_0243,2021,Biological and Environmental Research,POSTDOC
synthetic_repo_034,synthetic_user_0378,2021,Biological and Environmental Research,POSTDOC
synthetic_repo_034,synthetic_user_0765,2021,Biological and Environmental Research,POSTDOC
synthetic_repo_034,synthetic_user_0931,2021,Biological and Environmental Research,FACULTY
synthetic_repo_034,synthetic_user_1113,2021,Biological and Environmental Research,SCIENTST
synthetic_repo_035,synthetic_user_0036,2021,Biological and Environmental Research,POSTDOC
synthetic_repo_035,synthetic_user_0085,2021,Biological and Environmental Research,GRADUATE
synthetic_repo_035,synthetic_user_0089,2021,Biological and Environmental Research,POSTDOC
synthetic_repo_035,synthetic_user_0184,2021,Biological and Environmental Research,PROSTAFF
synthetic_repo_035,synthetic_user_0223,2021,Biological and Environmental Research,GRADUATE
synthetic_repo_035,synthetic_user_0243,2021,Biological and Environmental Research,POSTDOC
synthetic_repo_035,synthetic_user_0556,2021,Biological and Environmental Research,POSTDOC
synthetic_repo_035,synthetic_user_0623,2021,Biological and Environmental Research,POSTDOC
synthetic_repo_035,synthetic_user_0661,2021,Biological and Environmental Research,SCIENTST
synthetic_repo_035,synthetic_user_0700,2021,Biological and Environmental Research,PROSTAFF
synthetic_repo_035,synthetic_user_0716,2021,Biological and Environmental Research,PROSTAFF
synthetic_repo_035,synthetic_user_0911,2021,Biological and Environmental Research,SCIENTST
synthetic_repo_035,synthetic_user_0931,2021,Biological and Environmental Research,FACULTY
synthetic_repo_035,synthetic_user_0956,2021,Biological and Environmental Research,PROSTAFF
synthetic_repo_035,synthetic_user_1118,2021,Biological and Environmental Research,POSTDOC
synthetic_repo_035,synthetic_user_1164,2021,Biological and Environmental Research,SCIENTST
synthetic_repo_036,synthetic_user_0012,2021,Biological and Environmental Research,GRADUATE
synthetic_repo_036,synthetic_user_0092,2021,Biological and Environmental Research,NONE
synthetic_repo_036,synthetic_user_0094,2021,Biological and Environmental Research,GRADUATE
synthetic_repo_036,synthetic_user_0105,2021,Biological and Environmental Research,PROSTAFF
synthetic_repo_036,synthetic_user_0156,2021,Biological and Environmental Research,PROSTAFF
synthetic_repo_036,synthetic_user_0184,2021,Biological and Environmental Research,PROSTAFF
synthetic_repo_036,synthetic_user_0220,2021,Biological and Environmental Research,NONE
synthetic_repo_036,synthetic_user_0243,2021,Biological and Environmental Research,POSTDOC
synthetic_repo_036,synthetic_user_0310,2021,Biological and Environmental Research,GRADUATE
synthetic_repo_036,synthetic_user_0378,2021,Biological and Environmental Research,POSTDOC
synthetic_repo_036,synthetic_user_0623,2021,Biological and Environmental Research,POSTDOC
synthetic_repo_036,synthetic_user_0765,2021,Biological and Environmental Research,POSTDOC
synthetic_repo_036,synthetic_user_0848,2021,Biological and Environmental Research,UNDRGRAD
synthetic_repo_036,synthetic_user_0901,2021,Biological and Environmental Research,GRADUATE
synthetic_repo_036,synthetic_user_0910,2021,Biological and Environmental Research,PROSTAFF
synthetic_repo_036,synthetic_user_0931,2021,Biological and Environmental Research,FACULTY
synthetic_repo_036,synthetic_user_1113,2021,Biological and Environmental Research,SCIENTST
synthetic_repo_036,synthetic_user_1181,2021,Biological and Environmental Research,OTHER
synthetic_repo_037,synthetic_user_0012,2021,Biological and Environmental Research,GRADUATE
synthetic_repo_037,synthetic_user_0026,2021,Biological and Environmental Research,POSTDOC
synthetic_repo_037,synthetic_user_0036,2021,Biological and Environmental Research,POSTDOC
synthetic_repo_037,synthetic_user_0068,2021,Biological and Environmental Research,FACULTY
synthetic_repo_037,synthetic_user_0094,2021,Biological and Environmental Research,GRADUATE
synthetic_repo_037,synthetic_user_0105,2021,Biological and Environmental Research,PROSTAFF
synthetic_repo_037,synthetic_user_0220,2021,Biological and Environmental Research,NONE
synthetic_repo_037,synthetic_user_0223,2021,Biological and Environmental Research,GRADUATE
synthetic_repo_037,synthetic_user_0236,2021,Biological and Environmental Research,FACULTY
synthetic_repo_037,synthetic_user_0378,2021,Biological and Environmental Research,POSTDOC
synthetic_repo_037,synthetic_user_0424,2021,Biological and Environmental Research,PROSTAFF
synthetic_repo_037,synthetic_user_0674,2021,Biological and Environmental Research,SCIENTST
synthetic_repo_037,synthetic_user_0700,2021,Biological and Environmental Research,PROSTAFF
synthetic_repo_037,synthetic_user_0772,2021,Biological and Environmental Research,POSTDOC
synthetic_repo_037,synthetic_user_0808,2021,Biological and Environmental Research,POSTDOC
synthetic_repo_037,synthetic_user_0848,2021,Biological and Environmental Research,UNDRGRAD
synthetic_repo_037,synthetic_user_0911,2021,Biological and Environmental Research,SCIENTST
synthetic_repo_037,synthetic_user_1057,2021,Biological and Environmental Research,GRADUATE
synthetic_repo_037,synthetic_user_1113,2021,Biological and Environmental Research,SCIENTST
synthetic_repo_039,synthetic_user_0036,2021,Biological and Environmental Research,POSTDOC
synthetic_repo_039,synthetic_user_0062,2021,Biological and Environmental Research,UNDRGRAD
synthetic_repo_039,synthetic_user_0078,2021,Biological and Environmental Research,SCIENTST
synthetic_repo_039,synthetic_user_0089,2021,Biological and Environmental Research,POSTDOC
synthetic_repo_039,synthetic_user_0094,2021,Biological and Environmental Research,GRADUATE
synthetic_repo_039,synthetic_user_0099,2021,Biological and Environmental Research,GRADUATE
synthetic_repo_039,synthetic_user_0105,2021,Biological and Environmental Research,PROSTAFF
synthetic_repo_039,synthetic_user_0110,2021,Biological and Environmental Research,UNDRGRAD
synthetic_repo_039,synthetic_user_0156,2021,Biological and Environmental Research,PROSTAFF
synthetic_repo_039,synthetic_user_0184,2021,Biological and Environmental Research,PROSTAFF
synthetic_repo_039,synthetic_user_0220,2021,Biological and Environmental Research,NONE
synthetic_repo_039,synthetic_user_0223,2021,Biological and Environmental Research,GRADUATE
synthetic_repo_039,synthetic_user_0236,2021,Biological and Environmental Research,FACULTY
synthetic_repo_039,synthetic_user_0243,2021,Biological and Environmental Research,POSTDOC
synthetic_repo_039,synthetic_user_0274,2021,Biological and Environmental Research,SCIENTST
synthetic_repo_039,synthetic_user_0300,2021,Biological and Environmental Research,GRADUATE
synthetic_repo_039,synthetic_user_0310,2021,Biological and Environmental Research,GRADUATE
synthetic_repo_039,synthetic_user_0358,2021,Biological and Environmental Research,PROSTAFF
synthetic_repo_039,synthetic_user_0378,2021,Biological and Environmental Research,POSTDOC
synthetic_repo_039,synthetic_user_0476,2021,Biological and Environmental Research,GRADUATE
synthetic_repo_039,synthetic_user_0531,2021,Biological and Environmental Research,OTHER
synthetic_repo_039,synthetic_user_0533,2021,Biological and Environmental Research,OTHER
synthetic_repo_039,synthetic_user_0538,2021,Biological and Environmental Research,POSTDOC
synthetic_repo_039,synthetic_user_0569,2021,Biological and Environmental Research,PROSTAFF
synthetic_repo_039,synthetic_user_0613,2021,Biological and Environmental Research,PROSTAFF
synthetic_repo_039,synthetic_user_0655,2021,Biological and Environmental Research,FACULTY
synthetic_repo_039,synthetic_user_0674,2021,Biological and Environmental Research,SCIENTST
synthetic_repo_039,synthetic_user_0700,2021,Biological and Environmental Research,PROSTAFF
synthetic_repo_039,synthetic_user_0714,2021,Biological and Environmental Research,GRADUATE
synthetic_repo_039,synthetic_user_0765,2021,Biological and Environmental Research,POSTDOC
synthetic_repo_039,synthetic_user_0772,2021,Biological and Environmental Research,POSTDOC
synthetic_repo_039,synthetic_user_0799,2021,Biological and Environmental Research,PROSTAFF
synthetic_repo_039,synthetic_user_0848,2021,Biological and Environmental Research,UNDRGRAD
synthetic_repo_039,synthetic_user_0871,2021,Biological and Environmental Research,FACULTY
synthetic_repo_039,synthetic_user_0893,2021,Biological and Environmental Research,GRADUATE
synthetic_repo_039,synthetic_user_0901,2021,Biological and Environmental Research,GRADUATE
synthetic_repo_039,synthetic_user_0910,2021,Biological and Environmental Research,PROSTAFF
synthetic_repo_039,synthetic_user_0911,2021,Biological and Environmental Research,SCIENTST
synthetic_repo_039,synthetic_user_0923,2021,Biological and Environmental Research,FACULTY
synthetic_repo_039,synthetic_user_0924,2021,Biological and Environmental Research,POSTDOC
synthetic_repo_039,synthetic_user_0931,2021,Biological and Environmental Research,FACULTY
synthetic_repo_039,synthetic_user_0956,2021,Biological and Environmental Research,PROSTAFF
synthetic_repo_039,synthetic_user_1113,2021,Biological and Environmental Research,SCIENTST
synthetic_repo_039,synthetic_user_1149,2021,Biological and Environmental Research,POSTDOC
synthetic_repo_039,synthetic_user_1165,2021,Biological and Environmental Research,FACULTY
synthetic_repo_039,synthetic_user_1181,2021,Biological and Environmental Research,OTHER
synthetic_repo_040,synthetic_user_0012,2021,Biological and Environmental Research,GRADUATE
synthetic_repo_040,synthetic_user_0026,2021,Biological and Environmental Research,POSTDOC
synthetic_repo_040,synthetic_user_0036,2021,Biological and Environmental Research,POSTDOC
synthetic_repo_040,synthetic_user_0044,2021,Biological and Environmental Research,FACULTY
synthetic_repo_040,synthetic_user_0062,2021,Biological and Environmental Research,UNDRGRAD
synthetic_repo_040,synthetic_user_0078,2021,Biological and Environmental Research,SCIENTST
synthetic_repo_040,synthetic_user_0085,2021,Biological and Environmental Research,GRADUATE
synthetic_repo_040,synthetic_user_0089,2021,Biological and Environmental Research,POSTDOC
synthetic_repo_040,synthetic_user_0092,2021,Biological and Environmental Research,NONE
synthetic_repo_040,synthetic_user_0094,2021,Biological and Environmental Research,GRADUATE
synthetic_repo_040,synthetic_user_0099,2021,Biological and Environmental Research,GRADUATE
synthetic_repo_040,synthetic_user_0110,2021,Biological and Environmental Research,UNDRGRAD
synthetic_repo_040,synthetic_user_0156,2021,Biological and Environmental Research,PROSTAFF
synthetic_repo_040,synthetic_user_0173,2021,Biological and Environmental Research,PROSTAFF
synthetic_repo_040,synthetic_user_0184,2021,Biological and Environmental Research,PROSTAFF
synthetic_repo_040,synthetic_user_0186,2021,Biological and Environmental Research,GRADUATE
synthetic_repo_040,synthetic_user_0195,2021,Biological and Environmental Research,POSTDOC
synthetic_repo_040,synthetic_user_0220,2021,Biological and Environmental Research,NONE
synthetic_repo_040,synthetic_user_0223,2021,Biological and Environmental Research,GRADUATE
synthetic_repo_040,synthetic_user_0236,2021,Biological and Environmental Research,FACULTY
synthetic_repo_040,synthetic_user_0243,2021,Biological and Environmental Research,POSTDOC
synthetic_repo_040,synthetic_user_0300,2021,Biological and Environmental Research,GRADUATE
synthetic_repo_040,synthetic_user_0330,2021,Biological and Environmental Research,FACULTY
synthetic_repo_040,synthetic_user_0358,2021,Biological and Environmental Research,PROSTAFF
synthetic_repo_040,synthetic_user_0378,2021,Biological and Environmental Research,POSTDOC
synthetic_repo_040,synthetic_user_0512,2021,Biological and Environmental Research,SCIENTST
synthetic_repo_040,synthetic_user_0531,2021,Biological and Environmental Research,OTHER
synthetic_repo_040,synthetic_user_0532,2021,Biological and Environmental Research,GRADUATE
synthetic_repo_040,synthetic_user_0533,2021,Biological and Environmental Research,OTHER
synthetic_repo_040,synthetic_user_0538,2021,Biological and Environmental Research,POSTDOC
synthetic_repo_040,synthetic_user_0556,2021,Biological and Environmental Research,POSTDOC
synthetic_repo_040,synthetic_user_0569,2021,Biological and Environmental Research,PROSTAFF
synthetic_repo_040,synthetic_user_0571,2021,Biological and Environmental Research,GRADUATE
synthetic_repo_040,synthetic_user_0623,2021,Biological and Environmental Research,POSTDOC
synthetic_repo_040,synthetic_user_0655,2021,Biological and Environmental Research,FACULTY
synthetic_repo_040,synthetic_user_0669,2021,Biological and Environmental Research,SCIENTST
synthetic_repo_040,synthetic_user_0674,2021,Biological and Environmental Research,SCIENTST
synthetic_repo_040,synthetic_user_0700,2021,Biological and Environmental Research,PROSTAFF
synthetic_repo_040,synthetic_user_0757,2021,Biological and Environmental Research,SCIENTST
synthetic_repo_040,synthetic_user_0765,2021,Biological and Environmental Research,POSTDOC
synthetic_repo_040,synthetic_user_0770,2021,Biological and Environmental Research,PROSTAFF
synthetic_repo_040,synthetic_user_0772,2021,Biological and Environmental Research,POSTDOC
synthetic_repo_040,synthetic_user_0808,2021,Biological and Environmental Research,POSTDOC
synthetic_repo_040,synthetic_user_0812,2021,Biological and Environmental Research,SCIENTST
synthetic_repo_040,synthetic_user_0829,2021,Biological and Environmental Research,POSTDOC
synthetic_repo_040,synthetic_user_0854,2021,Biological and Environmental Research,POSTDOC
synthetic_repo_040,synthetic_user_0857,2021,Biological and Environmental Research,SCIENTST
synthetic_repo_040,synthetic_user_0901,2021,Biological and Environmental Research,GRADUATE
synthetic_repo_040,synthetic_user_0910,2021,Biological and Environmental Research,PROSTAFF
synthetic_repo_040,synthetic_user_0911,2021,Biological and Environmental Research,SCIENTST
synthetic_repo_040,synthetic_user_0923,2021,Biological and Environmental Research,FACULTY
synthetic_repo_040,synthetic_user_0931,2021,Biological and Environmental Research,FACULTY
synthetic_repo_040,synthetic_user_0956,2021,Biological and Environmental Research,PROSTAFF
synthetic_repo_040,synthetic_user_1057,2021,Biological and Environmental Research,GRADUATE
synthetic_repo_040,synthetic_user_1105,2021,Biological and Environmental Research,PROSTAFF
synthetic_repo_040,synthetic_user_1113,2021,Biological and Environmental Research,SCIENTST
synthetic_repo_040,synthetic_user_1149,2021,Biological and Environmental Research,POSTDOC
synthetic_repo_040,synthetic_user_1165,2021,Biological and Environmental Research,FACULTY
synthetic_repo_040,synthetic_user_1181,2021,Biological and Environmental Research,OTHER
synthetic_repo_041,synthetic_user_0286,2021,Advanced Scientific Computing Research,FACULTY
synthetic_repo_041,synthetic_user_0297,2021,Advanced Scientific Computing Research,GRADUATE
synthetic_repo_041,synthetic_user_0486,2021,Advanced Scientific Computing Research,FACULTY
synthetic_repo_041,synthetic_user_0625,2021,Advanced Scientific Computing Research,UNDRGRAD
synthetic_repo_041,synthetic_user_0645,2021,Advanced Scientific Computing Research,GRADUATE
synthetic_repo_042,synthetic_user_0006,2021,Advanced Scientific Computing Research,GRADUATE
synthetic_repo_042,synthetic_user_0288,2021,Advanced Scientific Computing Research,POSTDOC
synthetic_repo_042,synthetic_user_0624,2021,Advanced Scientific Computing Research,SCIENTST
synthetic_repo_042,synthetic_user_0685,2021,Advanced Scientific Computing Research,SCIENTST
synthetic_repo_042,synthetic_user_0999,2021,Advanced Scientific Computing Research,NONE
synthetic_repo_042,synthetic_user_1071,2021,Advanced Scientific Computing Research,PROSTAFF
synthetic_repo_044,synthetic_user_0007,2021,Advanced Scientific Computing Research,SCIENTST
synthetic_repo_044,synthetic_user_0197,2021,Advanced Scientific Computing Research,SCIENTST
synthetic_repo_044,synthetic_user_0238,2021,Advanced Scientific Computing Research,FACULTY
synthetic_repo_044,synthetic_user_0286,2021,Advanced Scientific Computing Research,FACULTY
synthetic_repo_044,synthetic_user_0288,2021,Advanced Scientific Computing Research,POSTDOC
synthetic_repo_044,synthetic_user_0297,2021,Advanced Scientific Computing Research,GRADUATE
synthetic_repo_044,synthetic_user_0462,2021,Advanced Scientific Computing Research,PROSTAFF
synthetic_repo_044,synthetic_user_0680,2021,Advanced Scientific Computing Research,GRADUATE
synthetic_repo_044,synthetic_user_0685,2021,Advanced Scientific Computing Research,SCIENTST
synthetic_repo_044,synthetic_user_0821,2021,Advanced Scientific Computing Research,POSTDOC
synthetic_repo_044,synthetic_user_1047,2021,Advanced Scientific Computing Research,FACULTY
synthetic_repo_045,synthetic_user_0008,2021,Advanced Scientific Computing Research,SCIENTST
synthetic_repo_045,synthetic_user_0057,2021,Advanced Scientific Computing Research,POSTDOC
synthetic_repo_045,synthetic_user_0115,2021,Advanced Scientific Computing Research,GRADUATE
synthetic_repo_045,synthetic_user_0239,2021,Advanced Scientific Computing Research,FACULTY
synthetic_repo_045,synthetic_user_0288,2021,Advanced Scientific Computing Research,POSTDOC
synthetic_repo_045,synthetic_user_0402,2021,Advanced Scientific Computing Research,GRADUATE
synthetic_repo_045,synthetic_user_0551,2021,Advanced Scientific Computing Research,UNDRGRAD
synthetic_repo_045,synthetic_user_0645,2021,Advanced Scientific Computing Research,GRADUATE
synthetic_repo_045,synthetic_user_0680,2021,Advanced Scientific Computing Research,GRADUATE
synthetic_repo_045,synthetic_user_0708,2021,Advanced Scientific Computing Research,POSTDOC
synthetic_repo_045,synthetic_user_0766,2021,Advanced Scientific Computing Research,OTHER
synthetic_repo_045,synthetic_user_0894,2021,Advanced Scientific Computing Research,POSTDOC
synthetic_repo_045,synthetic_user_0918,2021,Advanced Scientific Computing Research,POSTDOC
synthetic_repo_045,synthetic_user_1042,2021,Advanced Scientific Computing Research,SCIENTST
synthetic_repo_045,synthetic_user_1104,2021,Advanced Scientific Computing Research,SCIENTST
synthetic_repo_045,synthetic_user_1185,2021,Advanced Scientific Computing Research,FACULTY
synthetic_repo_046,synthetic_user_0115,2021,Advanced Scientific Computing Research,GRADUATE
synthetic_repo_046,synthetic_user_0262,2021,Advanced Scientific Computing Research,PROSTAFF
synthetic_repo_046,synthetic_user_0288,2021,Advanced Scientific Computing Research,POSTDOC
synthetic_repo_046,synthetic_user_0306,2021,Advanced Scientific Computing Research,SCIENTST
synthetic_repo_046,synthetic_user_0338,2021,Advanced Scientific Computing Research,UNDRGRAD
synthetic_repo_046,synthetic_user_0402,2021,Advanced Scientific Computing Research,GRADUATE
synthetic_repo_046,synthetic_user_0415,2021,Advanced Scientific Computing Research,GRADUATE
synthetic_repo_046,synthetic_user_0504,2021,Advanced Scientific Computing Research,SCIENTST
synthetic_repo_046,synthetic_user_0645,2021,Advanced Scientific Computing Research,GRADUATE
synthetic_repo_046,synthetic_user_0662,2021,Advanced Scientific Computing Research,UNDRGRAD
synthetic_repo_046,synthetic_user_0680,2021,Advanced Scientific Computing Research,GRADUATE
synthetic_repo_046,synthetic_user_0708,2021,Advanced Scientific Computing Research,POSTDOC
synthetic_repo_046,synthetic_user_0778,2021,Advanced Scientific Computing Research,POSTDOC
synthetic_repo_046,synthetic_user_0886,2021,Advanced Scientific Computing Research,SCIENTST
synthetic_repo_046,synthetic_user_0979,2021,Advanced Scientific Computing Research,GRADUATE
synthetic_repo_046,synthetic_user_1126,2021,Advanced Scientific Computing Research,POSTDOC
synthetic_repo_047,synthetic_user_0076,2021,Advanced Scientific Computing Research,GRADUATE
synthetic_repo_047,synthetic_user_0102,2021,Advanced Scientific Computing Research,FACULTY
synthetic_repo_047,synthetic_user_0239,2021,Advanced Scientific Computing Research,FACULTY
synthetic_repo_047,synthetic_user_0245,2021,Advanced Scientific Computing Research,POSTDOC
synthetic_repo_047,synthetic_user_0276,2021,Advanced Scientific Computing Research,UNDRGRAD
synthetic_repo_047,synthetic_user_0288,2021,Advanced Scientific Computing Research,POSTDOC
synthetic_repo_047,synthetic_user_0365,2021,Advanced Scientific Computing Research,SCIENTST
synthetic_repo_047,synthetic_user_0402,2021,Advanced Scientific Computing Research,GRADUATE
synthetic_repo_047,synthetic_user_0415,2021,Advanced Scientific Computing Research,GRADUATE
synthetic_repo_047,synthetic_user_0462,2021,Advanced Scientific Computing Research,PROSTAFF
synthetic_repo_047,synthetic_user_0486,2021,Advanced Scientific Computing Research,FACULTY
synthetic_repo_047,synthetic_user_0553,2021,Advanced Scientific Computing Research,POSTDOC
synthetic_repo_047,synthetic_user_0625,2021,Advanced Scientific Computing Research,UNDRGRAD
synthetic_repo_047,synthetic_user_0662,2021,Advanced Scientific Computing Research,UNDRGRAD
synthetic_repo_047,synthetic_user_0680,2021,Advanced Scientific Computing Research,GRADUATE
synthetic_repo_047,synthetic_user_0708,2021,Advanced Scientific Computing Research,POSTDOC
synthetic_repo_047,synthetic_user_0778,2021,Advanced Scientific Computing Research,POSTDOC
synthetic_repo_047,synthetic_user_0894,2021,Advanced Scientific Computing Research,POSTDOC
synthetic_repo_047,synthetic_user_0919,2021,Advanced Scientific Computing Research,GRADUATE
synthetic_repo_047,synthetic_user_0982,2021,Advanced Scientific Computing Research,POSTDOC
synthetic_repo_047,synthetic_user_1005,2021,Advanced Scientific Computing Research,POSTDOC
synthetic_repo_047,synthetic_user_1085,2021,Advanced Scientific Computing Research,GRADUATE
synthetic_repo_047,synthetic_user_1104,2021,Advanced Scientific Computing Research,SCIENTST
synthetic_repo_047,synthetic_user_1125,2021,Advanced Scientific Computing Research,SCIENTST
synthetic_repo_049,synthetic_user_0006,2021,Advanced Scientific Computing Research,GRADUATE
synthetic_repo_049,synthetic_user_0057,2021,Advanced Scientific Computing Research,POSTDOC
synthetic_repo_049,synthetic_user_0096,2021,Advanced Scientific Computing Research,SCIENTST
synthetic_repo_049,synthetic_user_0098,2021,Advanced Scientific Computing Research,SCIENTST
synthetic_repo_049,synthetic_user_0102,2021,Advanced Scientific Computing Research,FACULTY
synthetic_repo_049,synthetic_user_0112,2021,Advanced Scientific Computing Research,GRADUATE
synthetic_repo_049,synthetic_user_0197,2021,Advanced Scientific Computing Research,SCIENTST
synthetic_repo_049,synthetic_user_0201,2021,Advanced Scientific Computing Research,POSTDOC
synthetic_repo_049,synthetic_user_0221,2021,Advanced Scientific Computing Research,GRADUATE
synthetic_repo_049,synthetic_user_0239,2021,Advanced Scientific Computing Research,FACULTY
synthetic_repo_049,synthetic_user_0241,2021,Advanced Scientific Computing Research,GRADUATE
synthetic_repo_049,synthetic_user_0276,2021,Advanced Scientific Computing Research,UNDRGRAD
synthetic_repo_049,synthetic_user_0306,2021,Advanced Scientific Computing Research,SCIENTST
synthetic_repo_049,synthetic_user_0336,2021,Advanced Scientific Computing Research,POSTDOC
synthetic_repo_049,synthetic_user_0350,2021,Advanced Scientific Computing Research,FACULTY
synthetic_repo_049,synthetic_user_0365,2021,Advanced Scientific Computing Research,SCIENTST
synthetic_repo_049,synthetic_user_0370,2021,Advanced Scientific Computing Research,FACULTY
synthetic_repo_049,synthetic_user_0391,2021,Advanced Scientific Computing Research,UNDRGRAD
synthetic_repo_049,synthetic_user_0402,2021,Advanced Scientific Computing Research,GRADUATE
synthetic_repo_049,synthetic_user_0553,2021,Advanced Scientific Computing Research,POSTDOC
synthetic_repo_049,synthetic_user_0624,2021,Advanced Scientific Computing Research,SCIENTST
synthetic_repo_049,synthetic_user_0625,2021,Advanced Scientific Computing Research,UNDRGRAD
synthetic_repo_049,synthetic_user_0645,2021,Advanced Scientific Computing Research,GRADUATE
synthetic_repo_049,synthetic_user_0694,2021,Advanced Scientific Computing Research,GRADUATE
synthetic_repo_049,synthetic_user_0739,2021,Advanced Scientific Computing Research,NONE
synthetic_repo_049,synthetic_user_0766,2021,Advanced Scientific Computing Research,OTHER
synthetic_repo_049,synthetic_user_0778,2021,Advanced Scientific Computing Research,POSTDOC
synthetic_repo_049,synthetic_user_0821,2021,Advanced Scientific Computing Research,POSTDOC
synthetic_repo_049,synthetic_user_0880,2021,Advanced Scientific Computing Research,GRADUATE
synthetic_repo_049,synthetic_user_0918,2021,Advanced Scientific Computing Research,POSTDOC
synthetic_repo_049,synthetic_user_0979,2021,Advanced Scientific Computing Research,GRADUATE
synthetic_repo_049,synthetic_user_0985,2021,Advanced Scientific Computing Research,GRADUATE
synthetic_repo_049,synthetic_user_1042,2021,Advanced Scientific Computing Research,SCIENTST
synthetic_repo_049,synthetic_user_1125,2021,Advanced Scientific Computing Research,SCIENTST
synthetic_repo_050,synthetic_user_0038,2021,Advanced Scientific Computing Research,UNDRGRAD
synthetic_repo_050,synthetic_user_0057,2021,Advanced Scientific Computing Research,POSTDOC
synthetic_repo_050,synthetic_user_0076,2021,Advanced Scientific Computing Research,GRADUATE
synthetic_repo_050,synthetic_user_0086,2021,Advanced Scientific Computing Research,PROSTAFF
synthetic_repo_050,synthetic_user_0096,2021,Advanced Scientific Computing Research,SCIENTST
synthetic_repo_050,synthetic_user_0102,2021,Advanced Scientific Computing Research,FACULTY
synthetic_repo_050,synthetic_user_0115,2021,Advanced Scientific Computing Research,GRADUATE
synthetic_repo_050,synthetic_user_0183,2021,Advanced Scientific Computing Research,POSTDOC
synthetic_repo_050,synthetic_user_0193,2021,Advanced Scientific Computing Research,GRADUATE
synthetic_repo_050,synthetic_user_0238,2021,Advanced Scientific Computing Research,FACULTY
synthetic_repo_050,synthetic_user_0239,2021,Advanced Scientific Computing Research,FACULTY
synthetic_repo_050,synthetic_user_0240,2021,Advanced Scientific Computing Research,SCIENTST
synthetic_repo_050,synthetic_user_0241,2021,Advanced Scientific Computing Research,GRADUATE
synthetic_repo_050,synthetic_user_0245,2021,Advanced Scientific Computing Research,POSTDOC
synthetic_repo_050,synthetic_user_0276,2021,Advanced Scientific Computing Research,UNDRGRAD
synthetic_repo_050,synthetic_user_0288,2021,Advanced Scientific Computing Research,POSTDOC
synthetic_repo_050,synthetic_user_0306,2021,Advanced Scientific Computing Research,SCIENTST
synthetic_repo_050,synthetic_user_0350,2021,Advanced Scientific Computing Research,FACULTY
synthetic_repo_050,synthetic_user_0365,2021,Advanced Scientific Computing Research,SCIENTST
synthetic_repo_050,synthetic_user_0370,2021,Advanced Scientific Computing Research,FACULTY
synthetic_repo_050,synthetic_user_0376,2021,Advanced Scientific Computing Research,SCIENTST
synthetic_repo_050,synthetic_user_0391,2021,Advanced Scientific Computing Research,UNDRGRAD
synthetic_repo_050,synthetic_user_0395,2021,Advanced Scientific Computing Research,GRADUATE
synthetic_repo_050,synthetic_user_0402,2021,Advanced Scientific Computing Research,GRADUATE
synthetic_repo_050,synthetic_user_0462,2021,Advanced Scientific Computing Research,PROSTAFF
synthetic_repo_050,synthetic_user_0486,2021,Advanced Scientific Computing Research,FACULTY
synthetic_repo_050,synthetic_user_0504,2021,Advanced Scientific Computing Research,SCIENTST
synthetic_repo_050,synthetic_user_0524,2021,Advanced Scientific Computing Research,POSTDOC
synthetic_repo_050,synthetic_user_0565,2021,Advanced Scientific Computing Research,FACULTY
synthetic_repo_050,synthetic_user_0625,2021,Advanced Scientific Computing Research,UNDRGRAD
synthetic_repo_050,synthetic_user_0645,2021,Advanced Scientific Computing Research,GRADUATE
synthetic_repo_050,synthetic_user_0680,2021,Advanced Scientific Computing Research,GRADUATE
synthetic_repo_050,synthetic_user_0708,2021,Advanced Scientific Computing Research,POSTDOC
synthetic_repo_050,synthetic_user_0742,2021,Advanced Scientific Computing Research,PROSTAFF
synthetic_repo_050,synthetic_user_0755,2021,Advanced Scientific Computing Research,GRADUATE
synthetic_repo_050,synthetic_user_0766,2021,Advanced Scientific Computing Research,OTHER
synthetic_repo_050,synthetic_user_0778,2021,Advanced Scientific Computing Research,POSTDOC
synthetic_repo_050,synthetic_user_0808,2021,Advanced Scientific Computing Research,POSTDOC
synthetic_repo_050,synthetic_user_0821,2021,Advanced Scientific Computing Research,POSTDOC
synthetic_repo_050,synthetic_user_0842,2021,Advanced Scientific Computing Research,GRADUATE
synthetic_repo_050,synthetic_user_0886,2021,Advanced Scientific Computing Research,SCIENTST
synthetic_repo_050,synthetic_user_0894,2021,Advanced Scientific Computing Research,POSTDOC
synthetic_repo_050,synthetic_user_0918,2021,Advanced Scientific Computing Research,POSTDOC
synthetic_repo_050,synthetic_user_0930,2021,Advanced Scientific Computing Research,POSTDOC
synthetic_repo_050,synthetic_user_0966,2021,Advanced Scientific Computing Research,GRADUATE
synthetic_repo_050,synthetic_user_0968,2021,Advanced Scientific Computing Research,GRADUATE
synthetic_repo_050,synthetic_user_0979,2021,Advanced Scientific Computing Research,GRADUATE
synthetic_repo_050,synthetic_user_0982,2021,Advanced Scientific Computing Research,POSTDOC
synthetic_repo_050,synthetic_user_0984,2021,Advanced Scientific Computing Research,OTHER
synthetic_repo_050,synthetic_user_0985,2021,Advanced Scientific Computing Research,GRADUATE
synthetic_repo_050,synthetic_user_0992,2021,Advanced Scientific Computing Research,GRADUATE
synthetic_repo_050,synthetic_user_0999,2021,Advanced Scientific Computing Research,NONE
synthetic_repo_050,synthetic_user_1047,2021,Advanced Scientific Computing Research,FACULTY
synthetic_repo_050,synthetic_user_1093,2021,Advanced Scientific Computing Research,SCIENTST
synthetic_repo_050,synthetic_user_1109,2021,Advanced Scientific Computing Research,OTHER
synthetic_repo_050,synthetic_user_1125,2021,Advanced Scientific Computing Research,SCIENTST
synthetic_repo_050,synthetic_user_1185,2021,Advanced Scientific Computing Research,FACULTY
synthetic_repo_051,synthetic_user_0341,2021,Fusion Energy Sciences,PROSTAFF
synthetic_repo_051,synthetic_user_0542,2021,Fusion Energy Sciences,SCIENTST
synthetic_repo_051,synthetic_user_0543,2021,Fusion Energy Sciences,SCIENTST
synthetic_repo_051,synthetic_user_0572,2021,Fusion Energy Sciences,GRADUATE
synthetic_repo_051,synthetic_user_0628,2021,Fusion Energy Sciences,OTHER
synthetic_repo_051,synthetic_user_1014,2021,Fusion Energy Sciences,SCIENTST
synthetic_repo_052,synthetic_user_0041,2021,Fusion Energy Sciences,PROSTAFF
synthetic_repo_052,synthetic_user_0253,2021,Fusion Energy Sciences,POSTDOC
synthetic_repo_052,synthetic_user_0341,2021,Fusion Energy Sciences,PROSTAFF
synthetic_repo_052,synthetic_user_0995,2021,Fusion Energy Sciences,SCIENTST
synthetic_repo_052,synthetic_user_1014,2021,Fusion Energy Sciences,SCIENTST
synthetic_repo_052,synthetic_user_1080,2021,Fusion Energy Sciences,FACULTY
synthetic_repo_054,synthetic_user_0164,2021,Fusion Energy Sciences,NONE
synthetic_repo_054,synthetic_user_0202,2021,Fusion Energy Sciences,POSTDOC
synthetic_repo_054,synthetic_user_0302,2021,Fusion Energy Sciences,OTHER
synthetic_repo_054,synthetic_user_0487,2021,Fusion Energy Sciences,POSTDOC
synthetic_repo_054,synthetic_user_0552,2021,Fusion Energy Sciences,UNDRGRAD
synthetic_repo_054,synthetic_user_0566,2021,Fusion Energy Sciences,UNDRGRAD
synthetic_repo_054,synthetic_user_0579,2021,Fusion Energy Sciences,UNDRGRAD
synthetic_repo_054,synthetic_user_0615,2021,Fusion Energy Sciences,FACULTY
synthetic_repo_054,synthetic_user_0630,2021,Fusion Energy Sciences,SCIENTST
synthetic_repo_054,synthetic_user_0632,2021,Fusion Energy Sciences,PROSTAFF
synthetic_repo_054,synthetic_user_0639,2021,Fusion Energy Sciences,GRADUATE
synthetic_repo_054,synthetic_user_0698,2021,Fusion Energy Sciences,SCIENTST
synthetic_repo_054,synthetic_user_1037,2021,Fusion Energy Sciences,GRADUATE
synthetic_repo_054,synthetic_user_1065,2021,Fusion Energy Sciences,FACULTY
synthetic_repo_054,synthetic_user_1175,2021,Fusion Energy Sciences,GRADUATE
synthetic_repo_055,synthetic_user_0129,2021,Fusion Energy Sciences,SCIENTST
synthetic_repo_055,synthetic_user_0164,2021,Fusion Energy Sciences,NONE
synthetic_repo_055,synthetic_user_0249,2021,Fusion Energy Sciences,PROSTAFF
synthetic_repo_055,synthetic_user_0542,2021,Fusion Energy Sciences,SCIENTST
synthetic_repo_055,synthetic_user_0587,2021,Fusion Energy Sciences,POSTDOC
synthetic_repo_055,synthetic_user_0639,2021,Fusion Energy Sciences,GRADUATE
synthetic_repo_055,synthetic_user_0698,2021,Fusion Energy Sciences,SCIENTST
synthetic_repo_055,synthetic_user_0750,2021,Fusion Energy Sciences,SCIENTST
synthetic_repo_055,synthetic_user_0869,2021,Fusion Energy Sciences,GRADUATE
synthetic_repo_055,synthetic_user_0958,2021,Fusion Energy Sciences,UNDRGRAD
synthetic_repo_055,synthetic_user_0995,2021,Fusion Energy Sciences,SCIENTST
synthetic_repo_055,synthetic_user_1037,2021,Fusion Energy Sciences,GRADUATE
synthetic_repo_055,synthetic_user_1080,2021,Fusion Energy Sciences,FACULTY
synthetic_repo_055,synthetic_user_1152,2021,Fusion Energy Sciences,GRADUATE
synthetic_repo_055,synthetic_user_1157,2021,Fusion Energy Sciences,GRADUATE
synthetic_repo_055,synthetic_user_1162,2021,Fusion Energy Sciences,SCIENTST
synthetic_repo_056,synthetic_user_0039,2021,Fusion Energy Sciences,SCIENTST
synthetic_repo_056,synthetic_user_0165,2021,Fusion Energy Sciences,GRADUATE
synthetic_repo_056,synthetic_user_0227,2021,Fusion Energy Sciences,NONE
synthetic_repo_056,synthetic_user_0326,2021,Fusion Energy Sciences,SCIENTST
synthetic_repo_056,synthetic_user_0411,2021,Fusion Energy Sciences,GRADUATE
synthetic_repo_056,synthetic_user_0495,2021,Fusion Energy Sciences,POSTDOC
synthetic_repo_056,synthetic_user_0579,2021,Fusion Energy Sciences,UNDRGRAD
synthetic_repo_056,synthetic_user_0586,2021,Fusion Energy Sciences,FACULTY
synthetic_repo_056,synthetic_user_0630,2021,Fusion Energy Sciences,SCIENTST
synthetic_repo_056,synthetic_user_0664,2021,Fusion Energy Sciences,FACULTY
synthetic_repo_056,synthetic_user_0819,2021,Fusion Energy Sciences,FACULTY
synthetic_repo_056,synthetic_user_0853,2021,Fusion Energy Sciences,NONE
synthetic_repo_056,synthetic_user_0869,2021,Fusion Energy Sciences,GRADUATE
synthetic_repo_056,synthetic_user_1123,2021,Fusion Energy Sciences,FACULTY
synthetic_repo_056,synthetic_user_1157,2021,Fusion Energy Sciences,GRADUATE
synthetic_repo_056,synthetic_user_1175,2021,Fusion Energy Sciences,GRADUATE
synthetic_repo_057,synthetic_user_0093,2021,Fusion Energy Sciences,GRADUATE
synthetic_repo_057,synthetic_user_0200,2021,Fusion Energy Sciences,POSTDOC
synthetic_repo_057,synthetic_user_0206,2021,Fusion Energy Sciences,POSTDOC
synthetic_repo_057,synthetic_user_0315,2021,Fusion Energy Sciences,POSTDOC
synthetic_repo_057,synthetic_user_0411,2021,Fusion Energy Sciences,GRADUATE
synthetic_repo_057,synthetic_user_0435,2021,Fusion Energy Sciences,GRADUATE
synthetic_repo_057,synthetic_user_0487,2021,Fusion Energy Sciences,POSTDOC
synthetic_repo_057,synthetic_user_0503,2021,Fusion Energy Sciences,UNDRGRAD
synthetic_repo_057,synthetic_user_0542,2021,Fusion Energy Sciences,SCIENTST
synthetic_repo_057,synthetic_user_0552,2021,Fusion Energy Sciences,UNDRGRAD
synthetic_repo_057,synthetic_user_0566,2021,Fusion Energy Sciences,UNDRGRAD
synthetic_repo_057,synthetic_user_0586,2021,Fusion Energy Sciences,FACULTY
synthetic_repo_057,synthetic_user_0587,2021,Fusion Energy Sciences,POSTDOC
synthetic_repo_057,synthetic_user_0611,2021,Fusion Energy Sciences,PROSTAFF
synthetic_repo_057,synthetic_user_0632,2021,Fusion Energy Sciences,PROSTAFF
synthetic_repo_057,synthetic_user_0639,2021,Fusion Energy Sciences,GRADUATE
synthetic_repo_057,synthetic_user_0764,2021,Fusion Energy Sciences,POSTDOC
synthetic_repo_057,synthetic_user_0865,2021,Fusion Energy Sciences,PROSTAFF
synthetic_repo_057,synthetic_user_0958,2021,Fusion Energy Sciences,UNDRGRAD
synthetic_repo_057,synthetic_user_0969,2021,Fusion Energy Sciences,POSTDOC
synthetic_repo_057,synthetic_user_0995,2021,Fusion Energy Sciences,SCIENTST
synthetic_repo_057,synthetic_user_1014,2021,Fusion Energy Sciences,SCIENTST
synthetic_repo_057,synthetic_user_1065,2021,Fusion Energy Sciences,FACULTY
synthetic_repo_057,synthetic_user_1108,2021,Fusion Energy Sciences,POSTDOC
synthetic_repo_057,synthetic_user_1123,2021,Fusion Energy Sciences,FACULTY
synthetic_repo_057,synthetic_user_1157,2021,Fusion Energy Sciences,GRADUATE
synthetic_repo_059,synthetic_user_0039,2021,Fusion Energy Sciences,SCIENTST
synthetic_repo_059,synthetic_user_0093,2021,Fusion Energy Sciences,GRADUATE
synthetic_repo_059,synthetic_user_0164,2021,Fusion Energy Sciences,NONE
synthetic_repo_059,synthetic_user_0165,2021,Fusion Energy Sciences,GRADUATE
synthetic_repo_059,synthetic_user_0202,2021,Fusion Energy Sciences,POSTDOC
synthetic_repo_059,synthetic_user_0227,2021,Fusion Energy Sciences,NONE
synthetic_repo_059,synthetic_user_0249,2021,Fusion Energy Sciences,PROSTAFF
synthetic_repo_059,synthetic_user_0289,2021,Fusion Energy Sciences,SCIENTST
synthetic_repo_059,synthetic_user_0291,2021,Fusion Energy Sciences,FACULTY
synthetic_repo_059,synthetic_user_0315,2021,Fusion Energy Sciences,POSTDOC
synthetic_repo_059,synthetic_user_0468,2021,Fusion Energy Sciences,NONE
synthetic_repo_059,synthetic_user_0516,2021,Fusion Energy Sciences,FACULTY
synthetic_repo_059,synthetic_user_0566,2021,Fusion Energy Sciences,UNDRGRAD
synthetic_repo_059,synthetic_user_0572,2021,Fusion Energy Sciences,GRADUATE
synthetic_repo_059,synthetic_user_0579,2021,Fusion Energy Sciences,UNDRGRAD
synthetic_repo_059,synthetic_user_0630,2021,Fusion Energy Sciences,SCIENTST
synthetic_repo_059,synthetic_user_0632,2021,Fusion Energy Sciences,PROSTAFF
synthetic_repo_059,synthetic_user_0647,2021,Fusion Energy Sciences,SCIENTST
synthetic_repo_059,synthetic_user_0698,2021,Fusion Energy Sciences,SCIENTST
synthetic_repo_059,synthetic_user_0764,2021,Fusion Energy Sciences,POSTDOC
synthetic_repo_059,synthetic_user_0805,2021,Fusion Energy Sciences,FACULTY
synthetic_repo_059,synthetic_user_0851,2021,Fusion Energy Sciences,GRADUATE
synthetic_repo_059,synthetic_user_0853,2021,Fusion Energy Sciences,NONE
synthetic_repo_059,synthetic_user_0869,2021,Fusion Energy Sciences,GRADUATE
synthetic_repo_059,synthetic_user_0963,2021,Fusion Energy Sciences,POSTDOC
synthetic_repo_059,synthetic_user_0995,2021,Fusion Energy Sciences,SCIENTST
synthetic_repo_059,synthetic_user_1009,2021,Fusion Energy Sciences,FACULTY
synthetic_repo_059,synthetic_user_1014,2021,Fusion Energy Sciences,SCIENTST
synthetic_repo_059,synthetic_user_1037,2021,Fusion Energy Sciences,GRADUATE
synthetic_repo_059,synthetic_user_1065,2021,Fusion Energy Sciences,FACULTY
synthetic_repo_059,synthetic_user_1067,2021,Fusion Energy Sciences,SCIENTST
synthetic_repo_059,synthetic_user_1079,2021,Fusion Energy Sciences,FACULTY
synthetic_repo_059,synthetic_user_1153,2021,Fusion Energy Sciences,GRADUATE
synthetic_repo_059,synthetic_user_1157,2021,Fusion Energy Sciences,GRADUATE
synthetic_repo_060,synthetic_user_0039,2021,Fusion Energy Sciences,SCIENTST
synthetic_repo_060,synthetic_user_0110,2021,Fusion Energy Sciences,UNDRGRAD
synthetic_repo_060,synthetic_user_0140,2021,Fusion Energy Sciences,POSTDOC
synthetic_repo_060,synthetic_user_0164,2021,Fusion Energy Sciences,NONE
synthetic_repo_060,synthetic_user_0165,2021,Fusion Energy Sciences,GRADUATE
synthetic_repo_060,synthetic_user_0199,2021,Fusion Energy Sciences,SCIENTST
synthetic_repo_060,synthetic_user_0202,2021,Fusion Energy Sciences,POSTDOC
synthetic_repo_060,synthetic_user_0249,2021,Fusion Energy Sciences,PROSTAFF
synthetic_repo_060,synthetic_user_0253,2021,Fusion Energy Sciences,POSTDOC
synthetic_repo_060,synthetic_user_0289,2021,Fusion Energy Sciences,SCIENTST
synthetic_repo_060,synthetic_user_0315,2021,Fusion Energy Sciences,POSTDOC
synthetic_repo_060,synthetic_user_0341,2021,Fusion Energy Sciences,PROSTAFF
synthetic_repo_060,synthetic_user_0384,2021,Fusion Energy Sciences,FACULTY
synthetic_repo_060,synthetic_user_0411,2021,Fusion Energy Sciences,GRADUATE
synthetic_repo_060,synthetic_user_0468,2021,Fusion Energy Sciences,NONE
synthetic_repo_060,synthetic_user_0487,2021,Fusion Energy Sciences,POSTDOC
synthetic_repo_060,synthetic_user_0494,2021,Fusion Energy Sciences,POSTDOC
synthetic_repo_060,synthetic_user_0495,2021,Fusion Energy Sciences,POSTDOC
synthetic_repo_060,synthetic_user_0503,2021,Fusion Energy Sciences,UNDRGRAD
synthetic_repo_060,synthetic_user_0516,2021,Fusion Energy Sciences,FACULTY
synthetic_repo_060,synthetic_user_0534,2021,Fusion Energy Sciences,PROSTAFF
synthetic_repo_060,synthetic_user_0542,2021,Fusion Energy Sciences,SCIENTST
synthetic_repo_060,synthetic_user_0543,2021,Fusion Energy Sciences,SCIENTST
synthetic_repo_060,synthetic_user_0552,2021,Fusion Energy Sciences,UNDRGRAD
synthetic_repo_060,synthetic_user_0566,2021,Fusion Energy Sciences,UNDRGRAD
synthetic_repo_060,synthetic_user_0579,2021,Fusion Energy Sciences,UNDRGRAD
synthetic_repo_060,synthetic_user_0586,2021,Fusion Energy Sciences,FACULTY
synthetic_repo_060,synthetic_user_0590,2021,Fusion Energy Sciences,PROSTAFF
synthetic_repo_060,synthetic_user_0598,2021,Fusion Energy Sciences,SCIENTST
synthetic_repo_060,synthetic_user_0607,2021,Fusion Energy Sciences,GRADUATE
synthetic_repo_060,synthetic_user_0630,2021,Fusion Energy Sciences,SCIENTST
synthetic_repo_060,synthetic_user_0632,2021,Fusion Energy Sciences,PROSTAFF
synthetic_repo_060,synthetic_user_0639,2021,Fusion Energy Sciences,GRADUATE
synthetic_repo_060,synthetic_user_0664,2021,Fusion Energy Sciences,FACULTY
synthetic_repo_060,synthetic_user_0698,2021,Fusion Energy Sciences,SCIENTST
synthetic_repo_060,synthetic_user_0764,2021,Fusion Energy Sciences,POSTDOC
synthetic_repo_060,synthetic_user_0819,2021,Fusion Energy Sciences,FACULTY
synthetic_repo_060,synthetic_user_0851,2021,Fusion Energy Sciences,GRADUATE
synthetic_repo_060,synthetic_user_0853,2021,Fusion Energy Sciences,NONE
synthetic_repo_060,synthetic_user_0869,2021,Fusion Energy Sciences,GRADUATE
synthetic_repo_060,synthetic_user_0888,2021,Fusion Energy Sciences,GRADUATE
synthetic_repo_060,synthetic_user_0927,2021,Fusion Energy Sciences,FACULTY
synthetic_repo_060,synthetic_user_0954,2021,Fusion Energy Sciences,OTHER
synthetic_repo_060,synthetic_user_0958,2021,Fusion Energy Sciences,UNDRGRAD
synthetic_repo_060,synthetic_user_0963,2021,Fusion Energy Sciences,POSTDOC
synthetic_repo_060,synthetic_user_0969,2021,Fusion Energy Sciences,POSTDOC
synthetic_repo_060,synthetic_user_0995,2021,Fusion Energy Sciences,SCIENTST
synthetic_repo_060,synthetic_user_1009,2021,Fusion Energy Sciences,FACULTY
synthetic_repo_060,synthetic_user_1014,2021,Fusion Energy Sciences,SCIENTST
synthetic_repo_060,synthetic_user_1037,2021,Fusion Energy Sciences,GRADUATE
synthetic_repo_060,synthetic_user_1065,2021,Fusion Energy Sciences,FACULTY
synthetic_repo_060,synthetic_user_1067,2021,Fusion Energy Sciences,SCIENTST
synthetic_repo_060,synthetic_user_1080,2021,Fusion Energy Sciences,FACULTY
synthetic_repo_060,synthetic_user_1110,2021,Fusion Energy Sciences,POSTDOC
synthetic_repo_060,synthetic_user_1123,2021,Fusion Energy Sciences,FACULTY
synthetic_repo_060,synthetic_user_1153,2021,Fusion Energy Sciences,GRADUATE
synthetic_repo_060,synthetic_user_1157,2021,Fusion Energy Sciences,GRADUATE
synthetic_repo_060,synthetic_user_1162,2021,Fusion Energy Sciences,SCIENTST
synthetic_repo_060,synthetic_user_1163,2021,Fusion Energy Sciences,OTHER
synthetic_repo_061,synthetic_user_0383,2021,Nuclear Physics,POSTDOC
synthetic_repo_061,synthetic_user_0527,2021,Nuclear Physics,PROSTAFF
synthetic_repo_061,synthetic_user_0756,2021,Nuclear Physics,PROSTAFF
synthetic_repo_061,synthetic_user_0861,2021,Nuclear Physics,UNDRGRAD
synthetic_repo_061,synthetic_user_0870,2021,Nuclear Physics,FACULTY
synthetic_repo_061,synthetic_user_0989,2021,Nuclear Physics,OTHER
synthetic_repo_062,synthetic_user_0798,2021,Nuclear Physics,OTHER
synthetic_repo_062,synthetic_user_0811,2021,Nuclear Physics,SCIENTST
synthetic_repo_062,synthetic_user_0861,2021,Nuclear Physics,UNDRGRAD
synthetic_repo_062,synthetic_user_0929,2021,Nuclear Physics,GRADUATE
synthetic_repo_062,synthetic_user_0936,2021,Nuclear Physics,FACULTY
synthetic_repo_062,synthetic_user_1061,2021,Nuclear Physics,PROSTAFF
synthetic_repo_064,synthetic_user_0053,2021,Nuclear Physics,FACULTY
synthetic_repo_064,synthetic_user_0068,2021,Nuclear Physics,FACULTY
synthetic_repo_064,synthetic_user_0139,2021,Nuclear Physics,POSTDOC
synthetic_repo_064,synthetic_user_0320,2021,Nuclear Physics,PROSTAFF
synthetic_repo_064,synthetic_user_0564,2021,Nuclear Physics,SCIENTST
synthetic_repo_064,synthetic_user_0720,2021,Nuclear Physics,PROSTAFF
synthetic_repo_064,synthetic_user_0802,2021,Nuclear Physics,POSTDOC
synthetic_repo_064,synthetic_user_0811,2021,Nuclear Physics,SCIENTST
synthetic_repo_064,synthetic_user_0929,2021,Nuclear Physics,GRADUATE
synthetic_repo_064,synthetic_user_1139,2021,Nuclear Physics,PROSTAFF
synthetic_repo_064,synthetic_user_1170,2021,Nuclear Physics,PROSTAFF
synthetic_repo_065,synthetic_user_0051,2021,Nuclear Physics,POSTDOC
synthetic_repo_065,synthetic_user_0054,2021,Nuclear Physics,PROSTAFF
synthetic_repo_065,synthetic_user_0139,2021,Nuclear Physics,POSTDOC
synthetic_repo_065,synthetic_user_0339,2021,Nuclear Physics,SCIENTST
synthetic_repo_065,synthetic_user_0720,2021,Nuclear Physics,PROSTAFF
synthetic_repo_065,synthetic_user_0779,2021,Nuclear Physics,PROSTAFF
synthetic_repo_065,synthetic_user_0861,2021,Nuclear Physics,UNDRGRAD
synthetic_repo_065,synthetic_user_0900,2021,Nuclear Physics,FACULTY
synthetic_repo_065,synthetic_user_0940,2021,Nuclear Physics,POSTDOC
synthetic_repo_065,synthetic_user_0988,2021,Nuclear Physics,SCIENTST
synthetic_repo_065,synthetic_user_0989,2021,Nuclear Physics,OTHER
synthetic_repo_065,synthetic_user_1027,2021,Nuclear Physics,FACULTY
synthetic_repo_065,synthetic_user_1139,2021,Nuclear Physics,PROSTAFF
synthetic_repo_065,synthetic_user_1177,2021,Nuclear Physics,PROSTAFF
synthetic_repo_066,synthetic_user_0320,2021,Nuclear Physics,PROSTAFF
synthetic_repo_066,synthetic_user_0527,2021,Nuclear Physics,PROSTAFF
synthetic_repo_066,synthetic_user_0564,2021,Nuclear Physics,SCIENTST
synthetic_repo_066,synthetic_user_0710,2021,Nuclear Physics,SCIENTST
synthetic_repo_066,synthetic_user_0712,2021,Nuclear Physics,SCIENTST
synthetic_repo_066,synthetic_user_0771,2021,Nuclear Physics,PROSTAFF
synthetic_repo_066,synthetic_user_0798,2021,Nuclear Physics,OTHER
synthetic_repo_066,synthetic_user_0802,2021,Nuclear Physics,POSTDOC
synthetic_repo_066,synthetic_user_0900,2021,Nuclear Physics,FACULTY
synthetic_repo_066,synthetic_user_0929,2021,Nuclear Physics,GRADUATE
synthetic_repo_066,synthetic_user_0989,2021,Nuclear Physics,OTHER
synthetic_repo_067,synthetic_user_0050,2021,Nuclear Physics,GRADUATE
synthetic_repo_067,synthetic_user_0051,2021,Nuclear Physics,POSTDOC
synthetic_repo_067,synthetic_user_0061,2021,Nuclear Physics,GRADUATE
synthetic_repo_067,synthetic_user_0069,2021,Nuclear Physics,FACULTY
synthetic_repo_067,synthetic_user_0137,2021,Nuclear Physics,FACULTY
synthetic_repo_067,synthetic_user_0145,2021,Nuclear Physics,POSTDOC
synthetic_repo_067,synthetic_user_0192,2021,Nuclear Physics,POSTDOC
synthetic_repo_067,synthetic_user_0339,2021,Nuclear Physics,SCIENTST
synthetic_repo_067,synthetic_user_0564,2021,Nuclear Physics,SCIENTST
synthetic_repo_067,synthetic_user_0576,2021,Nuclear Physics,PROSTAFF
synthetic_repo_067,synthetic_user_0696,2021,Nuclear Physics,FACULTY
synthetic_repo_067,synthetic_user_0789,2021,Nuclear Physics,SCIENTST
synthetic_repo_067,synthetic_user_0798,2021,Nuclear Physics,OTHER
synthetic_repo_067,synthetic_user_0817,2021,Nuclear Physics,PROSTAFF
synthetic_repo_067,synthetic_user_0876,2021,Nuclear Physics,GRADUATE
synthetic_repo_067,synthetic_user_0900,2021,Nuclear Physics,FACULTY
synthetic_repo_067,synthetic_user_0929,2021,Nuclear Physics,GRADUATE
synthetic_repo_067,synthetic_user_0951,2021,Nuclear Physics,GRADUATE
synthetic_repo_067,synthetic_user_0976,2021,Nuclear Physics,OTHER
synthetic_repo_067,synthetic_user_0989,2021,Nuclear Physics,OTHER
synthetic_repo_067,synthetic_user_1139,2021,Nuclear Physics,PROSTAFF
synthetic_repo_067,synthetic_user_1170,2021,Nuclear Physics,PROSTAFF
synthetic_repo_067,synthetic_user_1177,2021,Nuclear Physics,PROSTAFF
synthetic_repo_069,synthetic_user_0033,2021,Nuclear Physics,SCIENTST
synthetic_repo_069,synthetic_user_0053,2021,Nuclear Physics,FACULTY
synthetic_repo_069,synthetic_user_0069,2021,Nuclear Physics,FACULTY
synthetic_repo_069,synthetic_user_0137,2021,Nuclear Physics,FACULTY
synthetic_repo_069,synthetic_user_0208,2021,Nuclear Physics,GRADUATE
synthetic_repo_069,synthetic_user_0222,2021,Nuclear Physics,UNDRGRAD
synthetic_repo_069,synthetic_user_0292,2021,Nuclear Physics,PROSTAFF
synthetic_repo_069,synthetic_user_0320,2021,Nuclear Physics,PROSTAFF
synthetic_repo_069,synthetic_user_0339,2021,Nuclear Physics,SCIENTST
synthetic_repo_069,synthetic_user_0524,2021,Nuclear Physics,POSTDOC
synthetic_repo_069,synthetic_user_0576,2021,Nuclear Physics,PROSTAFF
synthetic_repo_069,synthetic_user_0596,2021,Nuclear Physics,POSTDOC
synthetic_repo_069,synthetic_user_0623,2021,Nuclear Physics,POSTDOC
synthetic_repo_069,synthetic_user_0660,2021,Nuclear Physics,PROSTAFF
synthetic_repo_069,synthetic_user_0706,2021,Nuclear Physics,SCIENTST
synthetic_repo_069,synthetic_user_0710,2021,Nuclear Physics,SCIENTST
synthetic_repo_069,synthetic_user_0738,2021,Nuclear Physics,GRADUATE
synthetic_repo_069,synthetic_user_0779,2021,Nuclear Physics,PROSTAFF
synthetic_repo_069,synthetic_user_0789,2021,Nuclear Physics,SCIENTST
synthetic_repo_069,synthetic_user_0817,2021,Nuclear Physics,PROSTAFF
synthetic_repo_069,synthetic_user_0818,2021,Nuclear Physics,SCIENTST
synthetic_repo_069,synthetic_user_0856,2021,Nuclear Physics,GRADUATE
synthetic_repo_069,synthetic_user_0876,2021,Nuclear Physics,GRADUATE
synthetic_repo_069,synthetic_user_0900,2021,Nuclear Physics,FACULTY
synthetic_repo_069,synthetic_user_0902,2021,Nuclear Physics,POSTDOC
synthetic_repo_069,synthetic_user_0929,2021,Nuclear Physics,GRADUATE
synthetic_repo_069,synthetic_user_0940,2021,Nuclear Physics,POSTDOC
synthetic_repo_069,synthetic_user_0951,2021,Nuclear Physics,GRADUATE
synthetic_repo_069,synthetic_user_0964,2021,Nuclear Physics,FACULTY
synthetic_repo_069,synthetic_user_1027,2021,Nuclear Physics,FACULTY
synthetic_repo_069,synthetic_user_1094,2021,Nuclear Physics,UNDRGRAD
synthetic_repo_069,synthetic_user_1130,2021,Nuclear Physics,PROSTAFF
synthetic_repo_069,synthetic_user_1146,2021,Nuclear Physics,UNDRGRAD
synthetic_repo_069,synthetic_user_1168,2021,Nuclear Physics,POSTDOC
synthetic_repo_069,synthetic_user_1177,2021,Nuclear Physics,PROSTAFF
synthetic_repo_070,synthetic_user_0022,2021,Nuclear Physics,GRADUATE
synthetic_repo_070,synthetic_user_0025,2021,Nuclear Physics,POSTDOC
synthetic_repo_070,synthetic_user_0050,2021,Nuclear Physics,GRADUATE
synthetic_repo_070,synthetic_user_0051,2021,Nuclear Physics,POSTDOC
synthetic_repo_070,synthetic_user_0054,2021,Nuclear Physics,PROSTAFF
synthetic_repo_070,synthetic_user_0068,2021,Nuclear Physics,FACULTY
synthetic_repo_070,synthetic_user_0139,2021,Nuclear Physics,POSTDOC
synthetic_repo_070,synthetic_user_0212,2021,Nuclear Physics,PROSTAFF
synthetic_repo_070,synthetic_user_0219,2021,Nuclear Physics,FACULTY
synthetic_repo_070,synthetic_user_0222,2021,Nuclear Physics,UNDRGRAD
synthetic_repo_070,synthetic_user_0320,2021,Nuclear Physics,PROSTAFF
synthetic_repo_070,synthetic_user_0375,2021,Nuclear Physics,POSTDOC
synthetic_repo_070,synthetic_user_0527,2021,Nuclear Physics,PROSTAFF
synthetic_repo_070,synthetic_user_0576,2021,Nuclear Physics,PROSTAFF
synthetic_repo_070,synthetic_user_0591,2021,Nuclear Physics,PROSTAFF
synthetic_repo_070,synthetic_user_0623,2021,Nuclear Physics,POSTDOC
synthetic_repo_070,synthetic_user_0641,2021,Nuclear Physics,GRADUATE
synthetic_repo_070,synthetic_user_0670,2021,Nuclear Physics,PROSTAFF
synthetic_repo_070,synthetic_user_0720,2021,Nuclear Physics,PROSTAFF
synthetic_repo_070,synthetic_user_0779,2021,Nuclear Physics,PROSTAFF
synthetic_repo_070,synthetic_user_0802,2021,Nuclear Physics,POSTDOC
synthetic_repo_070,synthetic_user_0807,2021,Nuclear Physics,GRADUATE
synthetic_repo_070,synthetic_user_0817,2021,Nuclear Physics,PROSTAFF
synthetic_repo_070,synthetic_user_0828,2021,Nuclear Physics,POSTDOC
synthetic_repo_070,synthetic_user_0836,2021,Nuclear Physics,SCIENTST
synthetic_repo_070,synthetic_user_0861,2021,Nuclear Physics,UNDRGRAD
synthetic_repo_070,synthetic_user_0870,2021,Nuclear Physics,FACULTY
synthetic_repo_070,synthetic_user_0876,2021,Nuclear Physics,GRADUATE
synthetic_repo_070,synthetic_user_0900,2021,Nuclear Physics,FACULTY
synthetic_repo_070,synthetic_user_0902,2021,Nuclear Physics,POSTDOC
synthetic_repo_070,synthetic_user_0929,2021,Nuclear Physics,GRADUATE
synthetic_repo_070,synthetic_user_0940,2021,Nuclear Physics,POSTDOC
synthetic_repo_070,synthetic_user_0951,2021,Nuclear Physics,GRADUATE
synthetic_repo_070,synthetic_user_0976,2021,Nuclear Physics,OTHER
synthetic_repo_070,synthetic_user_0989,2021,Nuclear Physics,OTHER
synthetic_repo_070,synthetic_user_1027,2021,Nuclear Physics,FACULTY
synthetic_repo_070,synthetic_user_1050,2021,Nuclear Physics,FACULTY
synthetic_repo_070,synthetic_user_1061,2021,Nuclear Physics,PROSTAFF
synthetic_repo_070,synthetic_user_1094,2021,Nuclear Physics,UNDRGRAD
synthetic_repo_070,synthetic_user_1177,2021,Nuclear Physics,PROSTAFF
synthetic_repo_070,synthetic_user_1188,2021,Nuclear Physics,UNDRGRAD
synthetic_repo_071,synthetic_user_0114,2021,ASCR Leadership Computing Challenge,POSTDOC
synthetic_repo_071,synthetic_user_0135,2021,ASCR Leadership Computing Challenge,SCIENTST
synthetic_repo_071,synthetic_user_0304,2021,ASCR Leadership Computing Challenge,FACULTY
synthetic_repo_071,synthetic_user_0394,2021,ASCR Leadership Computing Challenge,POSTDOC
synthetic_repo_071,synthetic_user_0693,2021,ASCR Leadership Computing Challenge,POSTDOC
synthetic_repo_071,synthetic_user_0746,2021,ASCR Leadership Computing Challenge,FACULTY
synthetic_repo_072,synthetic_user_0079,2021,ASCR Leadership Computing Challenge,OTHER
synthetic_repo_072,synthetic_user_0250,2021,ASCR Leadership Computing Challenge,GRADUATE
synthetic_repo_072,synthetic_user_0358,2021,ASCR Leadership Computing Challenge,PROSTAFF
synthetic_repo_072,synthetic_user_0724,2021,ASCR Leadership Computing Challenge,UNDRGRAD
synthetic_repo_072,synthetic_user_0744,2021,ASCR Leadership Computing Challenge,UNDRGRAD
synthetic_repo_072,synthetic_user_0925,2021,ASCR Leadership Computing Challenge,PROSTAFF
synthetic_repo_074,synthetic_user_0037,2021,ASCR Leadership Computing Challenge,PROSTAFF
synthetic_repo_074,synthetic_user_0218,2021,ASCR Leadership Computing Challenge,FACULTY
synthetic_repo_074,synthetic_user_0267,2021,ASCR Leadership Computing Challenge,SCIENTST
synthetic_repo_074,synthetic_user_0509,2021,ASCR Leadership Computing Challenge,OTHER
synthetic_repo_074,synthetic_user_0724,2021,ASCR Leadership Computing Challenge,UNDRGRAD
synthetic_repo_074,synthetic_user_0725,2021,ASCR Leadership Computing Challenge,SCIENTST
synthetic_repo_074,synthetic_user_1051,2021,ASCR Leadership Computing Challenge,PROSTAFF
synthetic_repo_074,synthetic_user_1139,2021,ASCR Leadership Computing Challenge,PROSTAFF
synthetic_repo_074,synthetic_user_1182,2021,ASCR Leadership Computing Challenge,POSTDOC
synthetic_repo_075,synthetic_user_0037,2021,ASCR Leadership Computing Challenge,PROSTAFF
synthetic_repo_075,synthetic_user_0074,2021,ASCR Leadership Computing Challenge,GRADUATE
synthetic_repo_075,synthetic_user_0108,2021,ASCR Leadership Computing Challenge,SCIENTST
synthetic_repo_075,synthetic_user_0113,2021,ASCR Leadership Computing Challenge,FACULTY
synthetic_repo_075,synthetic_user_0114,2021,ASCR Leadership Computing Challenge,POSTDOC
synthetic_repo_075,synthetic_user_0129,2021,ASCR Leadership Computing Challenge,SCIENTST
synthetic_repo_075,synthetic_user_0175,2021,ASCR Leadership Computing Challenge,SCIENTST
synthetic_repo_075,synthetic_user_0214,2021,ASCR Leadership Computing Challenge,POSTDOC
synthetic_repo_075,synthetic_user_0287,2021,ASCR Leadership Computing Challenge,OTHER
synthetic_repo_075,synthetic_user_0394,2021,ASCR Leadership Computing Challenge,POSTDOC
synthetic_repo_075,synthetic_user_0441,2021,ASCR Leadership Computing Challenge,POSTDOC
synthetic_repo_075,synthetic_user_0456,2021,ASCR Leadership Computing Challenge,PROSTAFF
synthetic_repo_075,synthetic_user_0725,2021,ASCR Leadership Computing Challenge,SCIENTST
synthetic_repo_075,synthetic_user_1154,2021,ASCR Leadership Computing Challenge,SCIENTST
synthetic_repo_075,synthetic_user_1182,2021,ASCR Leadership Computing Challenge,POSTDOC
synthetic_repo_076,synthetic_user_0063,2021,ASCR Leadership Computing Challenge,FACULTY
synthetic_repo_076,synthetic_user_0108,2021,ASCR Leadership Computing Challenge,SCIENTST
synthetic_repo_076,synthetic_user_0114,2021,ASCR Leadership Computing Challenge,POSTDOC
synthetic_repo_076,synthetic_user_0129,2021,ASCR Leadership Computing Challenge,SCIENTST
synthetic_repo_076,synthetic_user_0218,2021,ASCR Leadership Computing Challenge,FACULTY
synthetic_repo_076,synthetic_user_0267,2021,ASCR Leadership Computing Challenge,SCIENTST
synthetic_repo_076,synthetic_user_0312,2021,ASCR Leadership Computing Challenge,FACULTY
synthetic_repo_076,synthetic_user_0498,2021,ASCR Leadership Computing Challenge,POSTDOC
synthetic_repo_076,synthetic_user_0741,2021,ASCR Leadership Computing Challenge,GRADUATE
synthetic_repo_076,synthetic_user_1000,2021,ASCR Leadership Computing Challenge,POSTDOC
synthetic_repo_076,synthetic_user_1072,2021,ASCR Leadership Computing Challenge,SCIENTST
synthetic_repo_076,synthetic_user_1081,2021,ASCR Leadership Computing Challenge,POSTDOC
synthetic_repo_076,synthetic_user_1139,2021,ASCR Leadership Computing Challenge,PROSTAFF
synthetic_repo_076,synthetic_user_1174,2021,ASCR Leadership Computing Challenge,SCIENTST
synthetic_repo_077,synthetic_user_0037,2021,ASCR Leadership Computing Challenge,PROSTAFF
synthetic_repo_077,synthetic_user_0175,2021,ASCR Leadership Computing Challenge,SCIENTST
synthetic_repo_077,synthetic_user_0214,2021,ASCR Leadership Computing Challenge,POSTDOC
synthetic_repo_077,synthetic_user_0287,2021,ASCR Leadership Computing Challenge,OTHER
synthetic_repo_077,synthetic_user_0312,2021,ASCR Leadership Computing Challenge,FACULTY
synthetic_repo_077,synthetic_user_0441,2021,ASCR Leadership Computing Challenge,POSTDOC
synthetic_repo_077,synthetic_user_0498,2021,ASCR Leadership Computing Challenge,POSTDOC
synthetic_repo_077,synthetic_user_0566,2021,ASCR Leadership Computing Challenge,UNDRGRAD
synthetic_repo_077,synthetic_user_0631,2021,ASCR Leadership Computing Challenge,POSTDOC
synthetic_repo_077,synthetic_user_0724,2021,ASCR Leadership Computing Challenge,UNDRGRAD
synthetic_repo_077,synthetic_user_0725,2021,ASCR Leadership Computing Challenge,SCIENTST
synthetic_repo_077,synthetic_user_0749,2021,ASCR Leadership Computing Challenge,GRADUATE
synthetic_repo_077,synthetic_user_0759,2021,ASCR Leadership Computing Challenge,PROSTAFF
synthetic_repo_077,synthetic_user_0925,2021,ASCR Leadership Computing Challenge,PROSTAFF
synthetic_repo_077,synthetic_user_1051,2021,ASCR Leadership Computing Challenge,PROSTAFF
synthetic_repo_077,synthetic_user_1054,2021,ASCR Leadership Computing Challenge,FACULTY
synthetic_repo_077,synthetic_user_1072,2021,ASCR Leadership Computing Challenge,SCIENTST
synthetic_repo_077,synthetic_user_1139,2021,ASCR Leadership Computing Challenge,PROSTAFF
synthetic_repo_077,synthetic_user_1154,2021,ASCR Leadership Computing Challenge,SCIENTST
synthetic_repo_079,synthetic_user_0063,2021,ASCR Leadership Computing Challenge,FACULTY
synthetic_repo_079,synthetic_user_0108,2021,ASCR Leadership Computing Challenge,SCIENTST
synthetic_repo_079,synthetic_user_0113,2021,ASCR Leadership Computing Challenge,FACULTY
synthetic_repo_079,synthetic_user_0114,2021,ASCR Leadership Computing Challenge,POSTDOC
synthetic_repo_079,synthetic_user_0175,2021,ASCR Leadership Computing Challenge,SCIENTST
synthetic_repo_079,synthetic_user_0218,2021,ASCR Leadership Computing Challenge,FACULTY
synthetic_repo_079,synthetic_user_0230,2021,ASCR Leadership Computing Challenge,UNDRGRAD
synthetic_repo_079,synthetic_user_0264,2021,ASCR Leadership Computing Challenge,SCIENTST
synthetic_repo_079,synthetic_user_0267,2021,ASCR Leadership Computing Challenge,SCIENTST
synthetic_repo_079,synthetic_user_0273,2021,ASCR Leadership Computing Challenge,FACULTY
synthetic_repo_079,synthetic_user_0287,2021,ASCR Leadership Computing Challenge,OTHER
synthetic_repo_079,synthetic_user_0312,2021,ASCR Leadership Computing Challenge,FACULTY
synthetic_repo_079,synthetic_user_0359,2021,ASCR Leadership Computing Challenge,PROSTAFF
synthetic_repo_079,synthetic_user_0481,2021,ASCR Leadership Computing Challenge,POSTDOC
synthetic_repo_079,synthetic_user_0508,2021,ASCR Leadership Computing Challenge,FACULTY
synthetic_repo_079,synthetic_user_0515,2021,ASCR Leadership Computing Challenge,SCIENTST
synthetic_repo_079,synthetic_user_0568,2021,ASCR Leadership Computing Challenge,POSTDOC
synthetic_repo_079,synthetic_user_0597,2021,ASCR Leadership Computing Challenge,OTHER
synthetic_repo_079,synthetic_user_0637,2021,ASCR Leadership Computing Challenge,GRADUATE
synthetic_repo_079,synthetic_user_0675,2021,ASCR Leadership Computing Challenge,SCIENTST
synthetic_repo_079,synthetic_user_0693,2021,ASCR Leadership Computing Challenge,POSTDOC
synthetic_repo_079,synthetic_user_0724,2021,ASCR Leadership Computing Challenge,UNDRGRAD
synthetic_repo_079,synthetic_user_0741,2021,ASCR Leadership Computing Challenge,GRADUATE
synthetic_repo_079,synthetic_user_0744,2021,ASCR Leadership Computing Challenge,UNDRGRAD
synthetic_repo_079,synthetic_user_0746,2021,ASCR Leadership Computing Challenge,FACULTY
synthetic_repo_079,synthetic_user_0874,2021,ASCR Leadership Computing Challenge,NONE
synthetic_repo_079,synthetic_user_1000,2021,ASCR Leadership Computing Challenge,POSTDOC
synthetic_repo_079,synthetic_user_1025,2021,ASCR Leadership Computing Challenge,OTHER
synthetic_repo_079,synthetic_user_1031,2021,ASCR Leadership Computing Challenge,SCIENTST
synthetic_repo_079,synthetic_user_1054,2021,ASCR Leadership Computing Challenge,FACULTY
synthetic_repo_079,synthetic_user_1149,2021,ASCR Leadership Computing Challenge,POSTDOC
synthetic_repo_079,synthetic_user_1182,2021,ASCR Leadership Computing Challenge,POSTDOC
synthetic_repo_080,synthetic_user_0004,2021,ASCR Leadership Computing Challenge,PROSTAFF
synthetic_repo_080,synthetic_user_0037,2021,ASCR Leadership Computing Challenge,PROSTAFF
synthetic_repo_080,synthetic_user_0088,2021,ASCR Leadership Computing Challenge,GRADUATE
synthetic_repo_080,synthetic_user_0108,2021,ASCR Leadership Computing Challenge,SCIENTST
synthetic_repo_080,synthetic_user_0113,2021,ASCR Leadership Computing Challenge,FACULTY
synthetic_repo_080,synthetic_user_0114,2021,ASCR Leadership Computing Challenge,POSTDOC
synthetic_repo_080,synthetic_user_0175,2021,ASCR Leadership Computing Challenge,SCIENTST
synthetic_repo_080,synthetic_user_0214,2021,ASCR Leadership Computing Challenge,POSTDOC
synthetic_repo_080,synthetic_user_0218,2021,ASCR Leadership Computing Challenge,FACULTY
synthetic_repo_080,synthetic_user_0230,2021,ASCR Leadership Computing Challenge,UNDRGRAD
synthetic_repo_080,synthetic_user_0250,2021,ASCR Leadership Computing Challenge,GRADUATE
synthetic_repo_080,synthetic_user_0264,2021,ASCR Leadership Computing Challenge,SCIENTST
synthetic_repo_080,synthetic_user_0267,2021,ASCR Leadership Computing Challenge,SCIENTST
synthetic_repo_080,synthetic_user_0309,2021,ASCR Leadership Computing Challenge,GRADUATE
synthetic_repo_080,synthetic_user_0355,2021,ASCR Leadership Computing Challenge,OTHER
synthetic_repo_080,synthetic_user_0359,2021,ASCR Leadership Computing Challenge,PROSTAFF
synthetic_repo_080,synthetic_user_0368,2021,ASCR Leadership Computing Challenge,PROSTAFF
synthetic_repo_080,synthetic_user_0383,2021,ASCR Leadership Computing Challenge,POSTDOC
synthetic_repo_080,synthetic_user_0394,2021,ASCR Leadership Computing Challenge,POSTDOC
synthetic_repo_080,synthetic_user_0441,2021,ASCR Leadership Computing Challenge,POSTDOC
synthetic_repo_080,synthetic_user_0498,2021,ASCR Leadership Computing Challenge,POSTDOC
synthetic_repo_080,synthetic_user_0515,2021,ASCR Leadership Computing Challenge,SCIENTST
synthetic_repo_080,synthetic_user_0560,2021,ASCR Leadership Computing Challenge,PROSTAFF
synthetic_repo_080,synthetic_user_0597,2021,ASCR Leadership Computing Challenge,OTHER
synthetic_repo_080,synthetic_user_0637,2021,ASCR Leadership Computing Challenge,GRADUATE
synthetic_repo_080,synthetic_user_0685,2021,ASCR Leadership Computing Challenge,SCIENTST
synthetic_repo_080,synthetic_user_0693,2021,ASCR Leadership Computing Challenge,POSTDOC
synthetic_repo_080,synthetic_user_0724,2021,ASCR Leadership Computing Challenge,UNDRGRAD
synthetic_repo_080,synthetic_user_0725,2021,ASCR Leadership Computing Challenge,SCIENTST
synthetic_repo_080,synthetic_user_0744,2021,ASCR Leadership Computing Challenge,UNDRGRAD
synthetic_repo_080,synthetic_user_0746,2021,ASCR Leadership Computing Challenge,FACULTY
synthetic_repo_080,synthetic_user_0749,2021,ASCR Leadership Computing Challenge,GRADUATE
synthetic_repo_080,synthetic_user_0925,2021,ASCR Leadership Computing Challenge,PROSTAFF
synthetic_repo_080,synthetic_user_0955,2021,ASCR Leadership Computing Challenge,FACULTY
synthetic_repo_080,synthetic_user_0970,2021,ASCR Leadership Computing Challenge,GRADUATE
synthetic_repo_080,synthetic_user_0990,2021,ASCR Leadership Computing Challenge,GRADUATE
synthetic_repo_080,synthetic_user_1000,2021,ASCR Leadership Computing Challenge,POSTDOC
synthetic_repo_080,synthetic_user_1025,2021,ASCR Leadership Computing Challenge,OTHER
synthetic_repo_080,synthetic_user_1031,2021,ASCR Leadership Computing Challenge,SCIENTST
synthetic_repo_080,synthetic_user_1051,2021,ASCR Leadership Computing Challenge,PROSTAFF
synthetic_repo_080,synthetic_user_1072,2021,ASCR Leadership Computing Challenge,SCIENTST
synthetic_repo_080,synthetic_user_1121,2021,ASCR Leadership Computing Challenge,NONE
synthetic_repo_080,synthetic_user_1140,2021,ASCR Leadership Computing Challenge,OTHER
synthetic_repo_080,synthetic_user_1149,2021,ASCR Leadership Computing Challenge,POSTDOC
synthetic_repo_080,synthetic_user_1174,2021,ASCR Leadership Computing Challenge,SCIENTST
synthetic_repo_080,synthetic_user_1182,2021,ASCR Leadership Computing Challenge,POSTDOC
synthetic_singleton_repo_02,synthetic_user_1194,2021,High Energy Physics,FACULTY
synthetic_micro_repo_006,synthetic_user_0305,2022,Basic Energy Sciences,GRADUATE
synthetic_micro_repo_006,synthetic_user_0500,2022,Basic Energy Sciences,OTHER
synthetic_micro_repo_016,synthetic_user_0975,2022,High Energy Physics,GRADUATE
synthetic_micro_repo_016,synthetic_user_0980,2022,High Energy Physics,GRADUATE
synthetic_micro_repo_023,synthetic_user_0266,2022,NERSC Directors Reserve,SCIENTST
synthetic_micro_repo_023,synthetic_user_0348,2022,NERSC Directors Reserve,PROSTAFF
synthetic_micro_repo_036,synthetic_user_0046,2022,Advanced Scientific Computing Research,POSTDOC
synthetic_micro_repo_036,synthetic_user_1053,2022,Advanced Scientific Computing Research,UNDRGRAD
synthetic_micro_repo_045,synthetic_user_0084,2022,Fusion Energy Sciences,GRADUATE
synthetic_micro_repo_045,synthetic_user_0217,2022,Fusion Energy Sciences,FACULTY
synthetic_micro_repo_045,synthetic_user_0697,2022,Fusion Energy Sciences,FACULTY
synthetic_micro_repo_045,synthetic_user_0730,2022,Fusion Energy Sciences,FACULTY
synthetic_micro_repo_052,synthetic_user_0127,2022,Nuclear Physics,OTHER
synthetic_micro_repo_052,synthetic_user_1034,2022,Nuclear Physics,SCIENTST
synthetic_micro_repo_059,synthetic_user_0879,2022,ASCR Leadership Computing Challenge,FACULTY
synthetic_micro_repo_059,synthetic_user_1092,2022,ASCR Leadership Computing Challenge,SCIENTST
synthetic_repo_001,synthetic_user_0016,2022,Basic Energy Sciences,UNDRGRAD
synthetic_repo_001,synthetic_user_0428,2022,Basic Energy Sciences,PROSTAFF
synthetic_repo_001,synthetic_user_0438,2022,Basic Energy Sciences,UNDRGRAD
synthetic_repo_001,synthetic_user_0709,2022,Basic Energy Sciences,PROSTAFF
synthetic_repo_001,synthetic_user_1131,2022,Basic Energy Sciences,OTHER
synthetic_repo_002,synthetic_user_0438,2022,Basic Energy Sciences,UNDRGRAD
synthetic_repo_002,synthetic_user_0463,2022,Basic Energy Sciences,GRADUATE
synthetic_repo_002,synthetic_user_0764,2022,Basic Energy Sciences,POSTDOC
synthetic_repo_002,synthetic_user_0810,2022,Basic Energy Sciences,GRADUATE
synthetic_repo_002,synthetic_user_1016,2022,Basic Energy Sciences,FACULTY
synthetic_repo_002,synthetic_user_1017,2022,Basic Energy Sciences,FACULTY
synthetic_repo_002,synthetic_user_1032,2022,Basic Energy Sciences,GRADUATE
synthetic_repo_004,synthetic_user_0059,2022,Basic Energy Sciences,PROSTAFF
synthetic_repo_004,synthetic_user_0160,2022,Basic Energy Sciences,SCIENTST
synthetic_repo_004,synthetic_user_0280,2022,Basic Energy Sciences,FACULTY
synthetic_repo_004,synthetic_user_0337,2022,Basic Energy Sciences,SCIENTST
synthetic_repo_004,synthetic_user_0423,2022,Basic Energy Sciences,FACULTY
synthetic_repo_004,synthetic_user_0621,2022,Basic Energy Sciences,POSTDOC
synthetic_repo_004,synthetic_user_0783,2022,Basic Energy Sciences,SCIENTST
synthetic_repo_004,synthetic_user_0810,2022,Basic Energy Sciences,GRADUATE
synthetic_repo_004,synthetic_user_0864,2022,Basic Energy Sciences,POSTDOC
synthetic_repo_004,synthetic_user_1147,2022,Basic Energy Sciences,SCIENTST
synthetic_repo_005,synthetic_user_0016,2022,Basic Energy Sciences,UNDRGRAD
synthetic_repo_005,synthetic_user_0148,2022,Basic Energy Sciences,FACULTY
synthetic_repo_005,synthetic_user_0216,2022,Basic Energy Sciences,PROSTAFF
synthetic_repo_005,synthetic_user_0463,2022,Basic Energy Sciences,GRADUATE
synthetic_repo_005,synthetic_user_0511,2022,Basic Energy Sciences,GRADUATE
synthetic_repo_005,synthetic_user_0520,2022,Basic Energy Sciences,POSTDOC
synthetic_repo_005,synthetic_user_0555,2022,Basic Energy Sciences,GRADUATE
synthetic_repo_005,synthetic_user_0640,2022,Basic Energy Sciences,NONE
synthetic_repo_005,synthetic_user_0781,2022,Basic Energy Sciences,PROSTAFF
synthetic_repo_005,synthetic_user_0864,2022,Basic Energy Sciences,POSTDOC
synthetic_repo_005,synthetic_user_0905,2022,Basic Energy Sciences,GRADUATE
synthetic_repo_005,synthetic_user_0920,2022,Basic Energy Sciences,PROSTAFF
synthetic_repo_005,synthetic_user_0922,2022,Basic Energy Sciences,POSTDOC
synthetic_repo_005,synthetic_user_1018,2022,Basic Energy Sciences,GRADUATE
synthetic_repo_005,synthetic_user_1032,2022,Basic Energy Sciences,GRADUATE
synthetic_repo_005,synthetic_user_1044,2022,Basic Energy Sciences,PROSTAFF
synthetic_repo_005,synthetic_user_1059,2022,Basic Energy Sciences,SCIENTST
synthetic_repo_006,synthetic_user_0067,2022,Basic Energy Sciences,POSTDOC
synthetic_repo_006,synthetic_user_0404,2022,Basic Energy Sciences,UNDRGRAD
synthetic_repo_006,synthetic_user_0437,2022,Basic Energy Sciences,GRADUATE
synthetic_repo_006,synthetic_user_0438,2022,Basic Energy Sciences,UNDRGRAD
synthetic_repo_006,synthetic_user_0520,2022,Basic Energy Sciences,POSTDOC
synthetic_repo_006,synthetic_user_0640,2022,Basic Energy Sciences,NONE
synthetic_repo_006,synthetic_user_0822,2022,Basic Energy Sciences,FACULTY
synthetic_repo_006,synthetic_user_0864,2022,Basic Energy Sciences,POSTDOC
synthetic_repo_006,synthetic_user_0920,2022,Basic Energy Sciences,PROSTAFF
synthetic_repo_006,synthetic_user_0922,2022,Basic Energy Sciences,POSTDOC
synthetic_repo_006,synthetic_user_1016,2022,Basic Energy Sciences,FACULTY
synthetic_repo_006,synthetic_user_1018,2022,Basic Energy Sciences,GRADUATE
synthetic_repo_006,synthetic_user_1032,2022,Basic Energy Sciences,GRADUATE
synthetic_repo_006,synthetic_user_1147,2022,Basic Energy Sciences,SCIENTST
synthetic_repo_006,synthetic_user_1178,2022,Basic Energy Sciences,FACULTY
synthetic_repo_007,synthetic_user_0011,2022,Basic Energy Sciences,NONE
synthetic_repo_007,synthetic_user_0067,2022,Basic Energy Sciences,POSTDOC
synthetic_repo_007,synthetic_user_0148,2022,Basic Energy Sciences,FACULTY
synthetic_repo_007,synthetic_user_0322,2022,Basic Energy Sciences,GRADUATE
synthetic_repo_007,synthetic_user_0373,2022,Basic Energy Sciences,UNDRGRAD
synthetic_repo_007,synthetic_user_0544,2022,Basic Energy Sciences,OTHER
synthetic_repo_007,synthetic_user_0547,2022,Basic Energy Sciences,SCIENTST
synthetic_repo_007,synthetic_user_0590,2022,Basic Energy Sciences,PROSTAFF
synthetic_repo_007,synthetic_user_0621,2022,Basic Energy Sciences,POSTDOC
synthetic_repo_007,synthetic_user_0640,2022,Basic Energy Sciences,NONE
synthetic_repo_007,synthetic_user_0704,2022,Basic Energy Sciences,GRADUATE
synthetic_repo_007,synthetic_user_0810,2022,Basic Energy Sciences,GRADUATE
synthetic_repo_007,synthetic_user_0820,2022,Basic Energy Sciences,PROSTAFF
synthetic_repo_007,synthetic_user_0864,2022,Basic Energy Sciences,POSTDOC
synthetic_repo_007,synthetic_user_0905,2022,Basic Energy Sciences,GRADUATE
synthetic_repo_007,synthetic_user_1137,2022,Basic Energy Sciences,UNDRGRAD
synthetic_repo_007,synthetic_user_1147,2022,Basic Energy Sciences,SCIENTST
synthetic_repo_007,synthetic_user_1178,2022,Basic Energy Sciences,FACULTY
synthetic_repo_008,synthetic_user_0002,2022,Basic Energy Sciences,NONE
synthetic_repo_008,synthetic_user_0011,2022,Basic Energy Sciences,NONE
synthetic_repo_008,synthetic_user_0059,2022,Basic Energy Sciences,PROSTAFF
synthetic_repo_008,synthetic_user_0082,2022,Basic Energy Sciences,GRADUATE
synthetic_repo_008,synthetic_user_0205,2022,Basic Energy Sciences,SCIENTST
synthetic_repo_008,synthetic_user_0216,2022,Basic Energy Sciences,PROSTAFF
synthetic_repo_008,synthetic_user_0337,2022,Basic Energy Sciences,SCIENTST
synthetic_repo_008,synthetic_user_0438,2022,Basic Energy Sciences,UNDRGRAD
synthetic_repo_008,synthetic_user_0511,2022,Basic Energy Sciences,GRADUATE
synthetic_repo_008,synthetic_user_0555,2022,Basic Energy Sciences,GRADUATE
synthetic_repo_008,synthetic_user_0621,2022,Basic Energy Sciences,POSTDOC
synthetic_repo_008,synthetic_user_0640,2022,Basic Energy Sciences,NONE
synthetic_repo_008,synthetic_user_0831,2022,Basic Energy Sciences,UNDRGRAD
synthetic_repo_008,synthetic_user_0890,2022,Basic Energy Sciences,SCIENTST
synthetic_repo_008,synthetic_user_0896,2022,Basic Energy Sciences,UNDRGRAD
synthetic_repo_008,synthetic_user_0905,2022,Basic Energy Sciences,GRADUATE
synthetic_repo_008,synthetic_user_0920,2022,Basic Energy Sciences,PROSTAFF
synthetic_repo_008,synthetic_user_1015,2022,Basic Energy Sciences,GRADUATE
synthetic_repo_008,synthetic_user_1017,2022,Basic Energy Sciences,FACULTY
synthetic_repo_008,synthetic_user_1018,2022,Basic Energy Sciences,GRADUATE
synthetic_repo_008,synthetic_user_1032,2022,Basic Energy Sciences,GRADUATE
synthetic_repo_008,synthetic_user_1147,2022,Basic Energy Sciences,SCIENTST
synthetic_repo_009,synthetic_user_0015,2022,Basic Energy Sciences,GRADUATE
synthetic_repo_009,synthetic_user_0016,2022,Basic Energy Sciences,UNDRGRAD
synthetic_repo_009,synthetic_user_0032,2022,Basic Energy Sciences,GRADUATE
synthetic_repo_009,synthetic_user_0035,2022,Basic Energy Sciences,UNDRGRAD
synthetic_repo_009,synthetic_user_0067,2022,Basic Energy Sciences,POSTDOC
synthetic_repo_009,synthetic_user_0104,2022,Basic Energy Sciences,GRADUATE
synthetic_repo_009,synthetic_user_0148,2022,Basic Energy Sciences,FACULTY
synthetic_repo_009,synthetic_user_0160,2022,Basic Energy Sciences,SCIENTST
synthetic_repo_009,synthetic_user_0191,2022,Basic Energy Sciences,FACULTY
synthetic_repo_009,synthetic_user_0205,2022,Basic Energy Sciences,SCIENTST
synthetic_repo_009,synthetic_user_0280,2022,Basic Energy Sciences,FACULTY
synthetic_repo_009,synthetic_user_0285,2022,Basic Energy Sciences,PROSTAFF
synthetic_repo_009,synthetic_user_0398,2022,Basic Energy Sciences,OTHER
synthetic_repo_009,synthetic_user_0401,2022,Basic Energy Sciences,OTHER
synthetic_repo_009,synthetic_user_0437,2022,Basic Energy Sciences,GRADUATE
synthetic_repo_009,synthetic_user_0438,2022,Basic Energy Sciences,UNDRGRAD
synthetic_repo_009,synthetic_user_0448,2022,Basic Energy Sciences,OTHER
synthetic_repo_009,synthetic_user_0480,2022,Basic Energy Sciences,FACULTY
synthetic_repo_009,synthetic_user_0520,2022,Basic Energy Sciences,POSTDOC
synthetic_repo_009,synthetic_user_0590,2022,Basic Energy Sciences,PROSTAFF
synthetic_repo_009,synthetic_user_0621,2022,Basic Energy Sciences,POSTDOC
synthetic_repo_009,synthetic_user_0640,2022,Basic Energy Sciences,NONE
synthetic_repo_009,synthetic_user_0673,2022,Basic Energy Sciences,GRADUATE
synthetic_repo_009,synthetic_user_0709,2022,Basic Energy Sciences,PROSTAFF
synthetic_repo_009,synthetic_user_0764,2022,Basic Energy Sciences,POSTDOC
synthetic_repo_009,synthetic_user_0790,2022,Basic Energy Sciences,POSTDOC
synthetic_repo_009,synthetic_user_0810,2022,Basic Energy Sciences,GRADUATE
synthetic_repo_009,synthetic_user_0822,2022,Basic Energy Sciences,FACULTY
synthetic_repo_009,synthetic_user_0864,2022,Basic Energy Sciences,POSTDOC
synthetic_repo_009,synthetic_user_0920,2022,Basic Energy Sciences,PROSTAFF
synthetic_repo_009,synthetic_user_0959,2022,Basic Energy Sciences,PROSTAFF
synthetic_repo_009,synthetic_user_1017,2022,Basic Energy Sciences,FACULTY
synthetic_repo_009,synthetic_user_1018,2022,Basic Energy Sciences,GRADUATE
synthetic_repo_009,synthetic_user_1032,2022,Basic Energy Sciences,GRADUATE
synthetic_repo_009,synthetic_user_1059,2022,Basic Energy Sciences,SCIENTST
synthetic_repo_009,synthetic_user_1110,2022,Basic Energy Sciences,POSTDOC
synthetic_repo_009,synthetic_user_1116,2022,Basic Energy Sciences,UNDRGRAD
synthetic_repo_009,synthetic_user_1119,2022,Basic Energy Sciences,PROSTAFF
synthetic_repo_009,synthetic_user_1131,2022,Basic Energy Sciences,OTHER
synthetic_repo_009,synthetic_user_1147,2022,Basic Energy Sciences,SCIENTST
synthetic_repo_010,synthetic_user_0005,2022,Basic Energy Sciences,PROSTAFF
synthetic_repo_010,synthetic_user_0011,2022,Basic Energy Sciences,NONE
synthetic_repo_010,synthetic_user_0015,2022,Basic Energy Sciences,GRADUATE
synthetic_repo_010,synthetic_user_0040,2022,Basic Energy Sciences,POSTDOC
synthetic_repo_010,synthetic_user_0073,2022,Basic Energy Sciences,SCIENTST
synthetic_repo_010,synthetic_user_0100,2022,Basic Energy Sciences,PROSTAFF
synthetic_repo_010,synthetic_user_0131,2022,Basic Energy Sciences,FACULTY
synthetic_repo_010,synthetic_user_0148,2022,Basic Energy Sciences,FACULTY
synthetic_repo_010,synthetic_user_0160,2022,Basic Energy Sciences,SCIENTST
synthetic_repo_010,synthetic_user_0177,2022,Basic Energy Sciences,OTHER
synthetic_repo_010,synthetic_user_0205,2022,Basic Energy Sciences,SCIENTST
synthetic_repo_010,synthetic_user_0237,2022,Basic Energy Sciences,NONE
synthetic_repo_010,synthetic_user_0280,2022,Basic Energy Sciences,FACULTY
synthetic_repo_010,synthetic_user_0294,2022,Basic Energy Sciences,SCIENTST
synthetic_repo_010,synthetic_user_0322,2022,Basic Energy Sciences,GRADUATE
synthetic_repo_010,synthetic_user_0327,2022,Basic Energy Sciences,POSTDOC
synthetic_repo_010,synthetic_user_0362,2022,Basic Energy Sciences,FACULTY
synthetic_repo_010,synthetic_user_0396,2022,Basic Energy Sciences,FACULTY
synthetic_repo_010,synthetic_user_0398,2022,Basic Energy Sciences,OTHER
synthetic_repo_010,synthetic_user_0437,2022,Basic Energy Sciences,GRADUATE
synthetic_repo_010,synthetic_user_0438,2022,Basic Energy Sciences,UNDRGRAD
synthetic_repo_010,synthetic_user_0463,2022,Basic Energy Sciences,GRADUATE
synthetic_repo_010,synthetic_user_0511,2022,Basic Energy Sciences,GRADUATE
synthetic_repo_010,synthetic_user_0544,2022,Basic Energy Sciences,OTHER
synthetic_repo_010,synthetic_user_0547,2022,Basic Energy Sciences,SCIENTST
synthetic_repo_010,synthetic_user_0555,2022,Basic Energy Sciences,GRADUATE
synthetic_repo_010,synthetic_user_0621,2022,Basic Energy Sciences,POSTDOC
synthetic_repo_010,synthetic_user_0640,2022,Basic Energy Sciences,NONE
synthetic_repo_010,synthetic_user_0709,2022,Basic Energy Sciences,PROSTAFF
synthetic_repo_010,synthetic_user_0732,2022,Basic Energy Sciences,POSTDOC
synthetic_repo_010,synthetic_user_0736,2022,Basic Energy Sciences,POSTDOC
synthetic_repo_010,synthetic_user_0764,2022,Basic Energy Sciences,POSTDOC
synthetic_repo_010,synthetic_user_0781,2022,Basic Energy Sciences,PROSTAFF
synthetic_repo_010,synthetic_user_0783,2022,Basic Energy Sciences,SCIENTST
synthetic_repo_010,synthetic_user_0810,2022,Basic Energy Sciences,GRADUATE
synthetic_repo_010,synthetic_user_0822,2022,Basic Energy Sciences,FACULTY
synthetic_repo_010,synthetic_user_0831,2022,Basic Energy Sciences,UNDRGRAD
synthetic_repo_010,synthetic_user_0860,2022,Basic Energy Sciences,PROSTAFF
synthetic_repo_010,synthetic_user_0862,2022,Basic Energy Sciences,GRADUATE
synthetic_repo_010,synthetic_user_0864,2022,Basic Energy Sciences,POSTDOC
synthetic_repo_010,synthetic_user_0905,2022,Basic Energy Sciences,GRADUATE
synthetic_repo_010,synthetic_user_0959,2022,Basic Energy Sciences,PROSTAFF
synthetic_repo_010,synthetic_user_1015,2022,Basic Energy Sciences,GRADUATE
synthetic_repo_010,synthetic_user_1018,2022,Basic Energy Sciences,GRADUATE
synthetic_repo_010,synthetic_user_1032,2022,Basic Energy Sciences,GRADUATE
synthetic_repo_010,synthetic_user_1097,2022,Basic Energy Sciences,PROSTAFF
synthetic_repo_010,synthetic_user_1137,2022,Basic Energy Sciences,UNDRGRAD
synthetic_repo_010,synthetic_user_1147,2022,Basic Energy Sciences,SCIENTST
synthetic_repo_010,synthetic_user_1178,2022,Basic Energy Sciences,FACULTY
synthetic_repo_011,synthetic_user_0457,2022,High Energy Physics,FACULTY
synthetic_repo_011,synthetic_user_0665,2022,High Energy Physics,GRADUATE
synthetic_repo_011,synthetic_user_0713,2022,High Energy Physics,OTHER
synthetic_repo_011,synthetic_user_0915,2022,High Energy Physics,POSTDOC
synthetic_repo_011,synthetic_user_1161,2022,High Energy Physics,PROSTAFF
synthetic_repo_012,synthetic_user_0151,2022,High Energy Physics,PROSTAFF
synthetic_repo_012,synthetic_user_0445,2022,High Energy Physics,GRADUATE
synthetic_repo_012,synthetic_user_0450,2022,High Energy Physics,FACULTY
synthetic_repo_012,synthetic_user_0457,2022,High Energy Physics,FACULTY
synthetic_repo_012,synthetic_user_0475,2022,High Energy Physics,GRADUATE
synthetic_repo_012,synthetic_user_0702,2022,High Energy Physics,FACULTY
synthetic_repo_012,synthetic_user_1137,2022,High Energy Physics,UNDRGRAD
synthetic_repo_014,synthetic_user_0067,2022,High Energy Physics,POSTDOC
synthetic_repo_014,synthetic_user_0265,2022,High Energy Physics,OTHER
synthetic_repo_014,synthetic_user_0279,2022,High Energy Physics,GRADUATE
synthetic_repo_014,synthetic_user_0390,2022,High Energy Physics,GRADUATE
synthetic_repo_014,synthetic_user_0442,2022,High Energy Physics,GRADUATE
synthetic_repo_014,synthetic_user_0457,2022,High Energy Physics,FACULTY
synthetic_repo_014,synthetic_user_0713,2022,High Energy Physics,OTHER
synthetic_repo_014,synthetic_user_0915,2022,High Energy Physics,POSTDOC
synthetic_repo_014,synthetic_user_1114,2022,High Energy Physics,POSTDOC
synthetic_repo_014,synthetic_user_1171,2022,High Energy Physics,SCIENTST
synthetic_repo_015,synthetic_user_0179,2022,High Energy Physics,PROSTAFF
synthetic_repo_015,synthetic_user_0203,2022,High Energy Physics,SCIENTST
synthetic_repo_015,synthetic_user_0255,2022,High Energy Physics,SCIENTST
synthetic_repo_015,synthetic_user_0347,2022,High Energy Physics,GRADUATE
synthetic_repo_015,synthetic_user_0380,2022,High Energy Physics,POSTDOC
synthetic_repo_015,synthetic_user_0445,2022,High Energy Physics,GRADUATE
synthetic_repo_015,synthetic_user_0472,2022,High Energy Physics,SCIENTST
synthetic_repo_015,synthetic_user_0478,2022,High Energy Physics,SCIENTST
synthetic_repo_015,synthetic_user_0529,2022,High Energy Physics,POSTDOC
synthetic_repo_015,synthetic_user_0649,2022,High Energy Physics,FACULTY
synthetic_repo_015,synthetic_user_0872,2022,High Energy Physics,POSTDOC
synthetic_repo_015,synthetic_user_0912,2022,High Energy Physics,OTHER
synthetic_repo_015,synthetic_user_0915,2022,High Energy Physics,POSTDOC
synthetic_repo_015,synthetic_user_0933,2022,High Energy Physics,GRADUATE
synthetic_repo_015,synthetic_user_0983,2022,High Energy Physics,GRADUATE
synthetic_repo_015,synthetic_user_1039,2022,High Energy Physics,POSTDOC
synthetic_repo_016,synthetic_user_0154,2022,High Energy Physics,SCIENTST
synthetic_repo_016,synthetic_user_0162,2022,High Energy Physics,PROSTAFF
synthetic_repo_016,synthetic_user_0176,2022,High Energy Physics,OTHER
synthetic_repo_016,synthetic_user_0255,2022,High Energy Physics,SCIENTST
synthetic_repo_016,synthetic_user_0279,2022,High Energy Physics,GRADUATE
synthetic_repo_016,synthetic_user_0422,2022,High Energy Physics,GRADUATE
synthetic_repo_016,synthetic_user_0430,2022,High Energy Physics,FACULTY
synthetic_repo_016,synthetic_user_0450,2022,High Energy Physics,FACULTY
synthetic_repo_016,synthetic_user_0529,2022,High Energy Physics,POSTDOC
synthetic_repo_016,synthetic_user_0642,2022,High Energy Physics,SCIENTST
synthetic_repo_016,synthetic_user_0800,2022,High Energy Physics,GRADUATE
synthetic_repo_016,synthetic_user_0872,2022,High Energy Physics,POSTDOC
synthetic_repo_016,synthetic_user_0912,2022,High Energy Physics,OTHER
synthetic_repo_016,synthetic_user_0915,2022,High Energy Physics,POSTDOC
synthetic_repo_016,synthetic_user_1039,2022,High Energy Physics,POSTDOC
synthetic_repo_016,synthetic_user_1171,2022,High Energy Physics,SCIENTST
synthetic_repo_017,synthetic_user_0133,2022,High Energy Physics,UNDRGRAD
synthetic_repo_017,synthetic_user_0203,2022,High Energy Physics,SCIENTST
synthetic_repo_017,synthetic_user_0255,2022,High Energy Physics,SCIENTST
synthetic_repo_017,synthetic_user_0308,2022,High Energy Physics,GRADUATE
synthetic_repo_017,synthetic_user_0318,2022,High Energy Physics,GRADUATE
synthetic_repo_017,synthetic_user_0380,2022,High Energy Physics,POSTDOC
synthetic_repo_017,synthetic_user_0429,2022,High Energy Physics,SCIENTST
synthetic_repo_017,synthetic_user_0450,2022,High Energy Physics,FACULTY
synthetic_repo_017,synthetic_user_0457,2022,High Energy Physics,FACULTY
synthetic_repo_017,synthetic_user_0472,2022,High Energy Physics,SCIENTST
synthetic_repo_017,synthetic_user_0475,2022,High Energy Physics,GRADUATE
synthetic_repo_017,synthetic_user_0529,2022,High Energy Physics,POSTDOC
synthetic_repo_017,synthetic_user_0574,2022,High Energy Physics,GRADUATE
synthetic_repo_017,synthetic_user_0602,2022,High Energy Physics,SCIENTST
synthetic_repo_017,synthetic_user_0713,2022,High Energy Physics,OTHER
synthetic_repo_017,synthetic_user_0715,2022,High Energy Physics,UNDRGRAD
synthetic_repo_017,synthetic_user_0833,2022,High Energy Physics,POSTDOC
synthetic_repo_017,synthetic_user_0912,2022,High Energy Physics,OTHER
synthetic_repo_017,synthetic_user_0933,2022,High Energy Physics,GRADUATE
synthetic_repo_017,synthetic_user_1039,2022,High Energy Physics,POSTDOC
synthetic_repo_017,synthetic_user_1058,2022,High Energy Physics,SCIENTST
synthetic_repo_017,synthetic_user_1137,2022,High Energy Physics,UNDRGRAD
synthetic_repo_018,synthetic_user_0066,2022,High Energy Physics,GRADUATE
synthetic_repo_018,synthetic_user_0154,2022,High Energy Physics,SCIENTST
synthetic_repo_018,synthetic_user_0255,2022,High Energy Physics,SCIENTST
synthetic_repo_018,synthetic_user_0270,2022,High Energy Physics,PROSTAFF
synthetic_repo_018,synthetic_user_0279,2022,High Energy Physics,GRADUATE
synthetic_repo_018,synthetic_user_0308,2022,High Energy Physics,GRADUATE
synthetic_repo_018,synthetic_user_0341,2022,High Energy Physics,PROSTAFF
synthetic_repo_018,synthetic_user_0380,2022,High Energy Physics,POSTDOC
synthetic_repo_018,synthetic_user_0422,2022,High Energy Physics,GRADUATE
synthetic_repo_018,synthetic_user_0434,2022,High Energy Physics,POSTDOC
synthetic_repo_018,synthetic_user_0445,2022,High Energy Physics,GRADUATE
synthetic_repo_018,synthetic_user_0450,2022,High Energy Physics,FACULTY
synthetic_repo_018,synthetic_user_0457,2022,High Energy Physics,FACULTY
synthetic_repo_018,synthetic_user_0472,2022,High Energy Physics,SCIENTST
synthetic_repo_018,synthetic_user_0526,2022,High Energy Physics,PROSTAFF
synthetic_repo_018,synthetic_user_0594,2022,High Energy Physics,POSTDOC
synthetic_repo_018,synthetic_user_0643,2022,High Energy Physics,UNDRGRAD
synthetic_repo_018,synthetic_user_0665,2022,High Energy Physics,GRADUATE
synthetic_repo_018,synthetic_user_0833,2022,High Energy Physics,POSTDOC
synthetic_repo_018,synthetic_user_0866,2022,High Energy Physics,PROSTAFF
synthetic_repo_018,synthetic_user_0912,2022,High Energy Physics,OTHER
synthetic_repo_018,synthetic_user_0915,2022,High Energy Physics,POSTDOC
synthetic_repo_019,synthetic_user_0133,2022,High Energy Physics,UNDRGRAD
synthetic_repo_019,synthetic_user_0255,2022,High Energy Physics,SCIENTST
synthetic_repo_019,synthetic_user_0308,2022,High Energy Physics,GRADUATE
synthetic_repo_019,synthetic_user_0322,2022,High Energy Physics,GRADUATE
synthetic_repo_019,synthetic_user_0325,2022,High Energy Physics,SCIENTST
synthetic_repo_019,synthetic_user_0335,2022,High Energy Physics,POSTDOC
synthetic_repo_019,synthetic_user_0341,2022,High Energy Physics,PROSTAFF
synthetic_repo_019,synthetic_user_0347,2022,High Energy Physics,GRADUATE
synthetic_repo_019,synthetic_user_0380,2022,High Energy Physics,POSTDOC
synthetic_repo_019,synthetic_user_0450,2022,High Energy Physics,FACULTY
synthetic_repo_019,synthetic_user_0457,2022,High Energy Physics,FACULTY
synthetic_repo_019,synthetic_user_0488,2022,High Energy Physics,FACULTY
synthetic_repo_019,synthetic_user_0529,2022,High Energy Physics,POSTDOC
synthetic_repo_019,synthetic_user_0635,2022,High Energy Physics,PROSTAFF
synthetic_repo_019,synthetic_user_0642,2022,High Energy Physics,SCIENTST
synthetic_repo_019,synthetic_user_0713,2022,High Energy Physics,OTHER
synthetic_repo_019,synthetic_user_0715,2022,High Energy Physics,UNDRGRAD
synthetic_repo_019,synthetic_user_0872,2022,High Energy Physics,POSTDOC
synthetic_repo_019,synthetic_user_0889,2022,High Energy Physics,SCIENTST
synthetic_repo_019,synthetic_user_0912,2022,High Energy Physics,OTHER
synthetic_repo_019,synthetic_user_0915,2022,High Energy Physics,POSTDOC
synthetic_repo_019,synthetic_user_0938,2022,High Energy Physics,SCIENTST
synthetic_repo_019,synthetic_user_1024,2022,High Energy Physics,OTHER
synthetic_repo_019,synthetic_user_1039,2022,High Energy Physics,POSTDOC
synthetic_repo_019,synthetic_user_1145,2022,High Energy Physics,POSTDOC
synthetic_repo_019,synthetic_user_1161,2022,High Energy Physics,PROSTAFF
synthetic_repo_020,synthetic_user_0004,2022,High Energy Physics,PROSTAFF
synthetic_repo_020,synthetic_user_0066,2022,High Energy Physics,GRADUATE
synthetic_repo_020,synthetic_user_0067,2022,High Energy Physics,POSTDOC
synthetic_repo_020,synthetic_user_0070,2022,High Energy Physics,UNDRGRAD
synthetic_repo_020,synthetic_user_0101,2022,High Energy Physics,PROSTAFF
synthetic_repo_020,synthetic_user_0117,2022,High Energy Physics,PROSTAFF
synthetic_repo_020,synthetic_user_0154,2022,High Energy Physics,SCIENTST
synthetic_repo_020,synthetic_user_0176,2022,High Energy Physics,OTHER
synthetic_repo_020,synthetic_user_0255,2022,High Energy Physics,SCIENTST
synthetic_repo_020,synthetic_user_0271,2022,High Energy Physics,FACULTY
synthetic_repo_020,synthetic_user_0279,2022,High Energy Physics,GRADUATE
synthetic_repo_020,synthetic_user_0293,2022,High Energy Physics,GRADUATE
synthetic_repo_020,synthetic_user_0308,2022,High Energy Physics,GRADUATE
synthetic_repo_020,synthetic_user_0318,2022,High Energy Physics,GRADUATE
synthetic_repo_020,synthetic_user_0325,2022,High Energy Physics,SCIENTST
synthetic_repo_020,synthetic_user_0335,2022,High Energy Physics,POSTDOC
synthetic_repo_020,synthetic_user_0341,2022,High Energy Physics,PROSTAFF
synthetic_repo_020,synthetic_user_0347,2022,High Energy Physics,GRADUATE
synthetic_repo_020,synthetic_user_0380,2022,High Energy Physics,POSTDOC
synthetic_repo_020,synthetic_user_0390,2022,High Energy Physics,GRADUATE
synthetic_repo_020,synthetic_user_0422,2022,High Energy Physics,GRADUATE
synthetic_repo_020,synthetic_user_0429,2022,High Energy Physics,SCIENTST
synthetic_repo_020,synthetic_user_0430,2022,High Energy Physics,FACULTY
synthetic_repo_020,synthetic_user_0434,2022,High Energy Physics,POSTDOC
synthetic_repo_020,synthetic_user_0450,2022,High Energy Physics,FACULTY
synthetic_repo_020,synthetic_user_0457,2022,High Energy Physics,FACULTY
synthetic_repo_020,synthetic_user_0472,2022,High Energy Physics,SCIENTST
synthetic_repo_020,synthetic_user_0475,2022,High Energy Physics,GRADUATE
synthetic_repo_020,synthetic_user_0488,2022,High Energy Physics,FACULTY
synthetic_repo_020,synthetic_user_0499,2022,High Energy Physics,POSTDOC
synthetic_repo_020,synthetic_user_0519,2022,High Energy Physics,PROSTAFF
synthetic_repo_020,synthetic_user_0529,2022,High Energy Physics,POSTDOC
synthetic_repo_020,synthetic_user_0594,2022,High Energy Physics,POSTDOC
synthetic_repo_020,synthetic_user_0602,2022,High Energy Physics,SCIENTST
synthetic_repo_020,synthetic_user_0635,2022,High Energy Physics,PROSTAFF
synthetic_repo_020,synthetic_user_0642,2022,High Energy Physics,SCIENTST
synthetic_repo_020,synthetic_user_0643,2022,High Energy Physics,UNDRGRAD
synthetic_repo_020,synthetic_user_0649,2022,High Energy Physics,FACULTY
synthetic_repo_020,synthetic_user_0665,2022,High Energy Physics,GRADUATE
synthetic_repo_020,synthetic_user_0703,2022,High Energy Physics,GRADUATE
synthetic_repo_020,synthetic_user_0713,2022,High Energy Physics,OTHER
synthetic_repo_020,synthetic_user_0715,2022,High Energy Physics,UNDRGRAD
synthetic_repo_020,synthetic_user_0800,2022,High Energy Physics,GRADUATE
synthetic_repo_020,synthetic_user_0833,2022,High Energy Physics,POSTDOC
synthetic_repo_020,synthetic_user_0889,2022,High Energy Physics,SCIENTST
synthetic_repo_020,synthetic_user_0912,2022,High Energy Physics,OTHER
synthetic_repo_020,synthetic_user_0933,2022,High Energy Physics,GRADUATE
synthetic_repo_020,synthetic_user_0938,2022,High Energy Physics,SCIENTST
synthetic_repo_020,synthetic_user_0965,2022,High Energy Physics,GRADUATE
synthetic_repo_020,synthetic_user_0983,2022,High Energy Physics,GRADUATE
synthetic_repo_020,synthetic_user_1024,2022,High Energy Physics,OTHER
synthetic_repo_020,synthetic_user_1029,2022,High Energy Physics,SCIENTST
synthetic_repo_020,synthetic_user_1039,2022,High Energy Physics,POSTDOC
synthetic_repo_020,synthetic_user_1058,2022,High Energy Physics,SCIENTST
synthetic_repo_020,synthetic_user_1076,2022,High Energy Physics,POSTDOC
synthetic_repo_020,synthetic_user_1090,2022,High Energy Physics,OTHER
synthetic_repo_020,synthetic_user_1114,2022,High Energy Physics,POSTDOC
synthetic_repo_020,synthetic_user_1137,2022,High Energy Physics,UNDRGRAD
synthetic_repo_020,synthetic_user_1145,2022,High Energy Physics,POSTDOC
synthetic_repo_020,synthetic_user_1161,2022,High Energy Physics,PROSTAFF
synthetic_repo_021,synthetic_user_0095,2022,NERSC Directors Reserve,GRADUATE
synthetic_repo_021,synthetic_user_0115,2022,NERSC Directors Reserve,GRADUATE
synthetic_repo_021,synthetic_user_0188,2022,NERSC Directors Reserve,GRADUATE
synthetic_repo_021,synthetic_user_0278,2022,NERSC Directors Reserve,PROSTAFF
synthetic_repo_021,synthetic_user_1106,2022,NERSC Directors Reserve,FACULTY
synthetic_repo_022,synthetic_user_0095,2022,NERSC Directors Reserve,GRADUATE
synthetic_repo_022,synthetic_user_0232,2022,NERSC Directors Reserve,PROSTAFF
synthetic_repo_022,synthetic_user_0278,2022,NERSC Directors Reserve,PROSTAFF
synthetic_repo_022,synthetic_user_0554,2022,NERSC Directors Reserve,POSTDOC
synthetic_repo_022,synthetic_user_0626,2022,NERSC Directors Reserve,FACULTY
synthetic_repo_022,synthetic_user_0650,2022,NERSC Directors Reserve,POSTDOC
synthetic_repo_022,synthetic_user_0740,2022,NERSC Directors Reserve,PROSTAFF
synthetic_repo_022,synthetic_user_1155,2022,NERSC Directors Reserve,PROSTAFF
synthetic_repo_024,synthetic_user_0095,2022,NERSC Directors Reserve,GRADUATE
synthetic_repo_024,synthetic_user_0207,2022,NERSC Directors Reserve,PROSTAFF
synthetic_repo_024,synthetic_user_0232,2022,NERSC Directors Reserve,PROSTAFF
synthetic_repo_024,synthetic_user_0252,2022,NERSC Directors Reserve,SCIENTST
synthetic_repo_024,synthetic_user_0334,2022,NERSC Directors Reserve,POSTDOC
synthetic_repo_024,synthetic_user_0475,2022,NERSC Directors Reserve,GRADUATE
synthetic_repo_024,synthetic_user_0582,2022,NERSC Directors Reserve,SCIENTST
synthetic_repo_024,synthetic_user_1021,2022,NERSC Directors Reserve,FACULTY
synthetic_repo_024,synthetic_user_1070,2022,NERSC Directors Reserve,SCIENTST
synthetic_repo_024,synthetic_user_1111,2022,NERSC Directors Reserve,GRADUATE
synthetic_repo_024,synthetic_user_1134,2022,NERSC Directors Reserve,GRADUATE
synthetic_repo_025,synthetic_user_0003,2022,NERSC Directors Reserve,UNDRGRAD
synthetic_repo_025,synthetic_user_0080,2022,NERSC Directors Reserve,GRADUATE
synthetic_repo_025,synthetic_user_0095,2022,NERSC Directors Reserve,GRADUATE
synthetic_repo_025,synthetic_user_0346,2022,NERSC Directors Reserve,GRADUATE
synthetic_repo_025,synthetic_user_0353,2022,NERSC Directors Reserve,NONE
synthetic_repo_025,synthetic_user_0387,2022,NERSC Directors Reserve,POSTDOC
synthetic_repo_025,synthetic_user_0400,2022,NERSC Directors Reserve,PROSTAFF
synthetic_repo_025,synthetic_user_0439,2022,NERSC Directors Reserve,GRADUATE
synthetic_repo_025,synthetic_user_0465,2022,NERSC Directors Reserve,GRADUATE
synthetic_repo_025,synthetic_user_0554,2022,NERSC Directors Reserve,POSTDOC
synthetic_repo_025,synthetic_user_0650,2022,NERSC Directors Reserve,POSTDOC
synthetic_repo_025,synthetic_user_0803,2022,NERSC Directors Reserve,SCIENTST
synthetic_repo_025,synthetic_user_0960,2022,NERSC Directors Reserve,NONE
synthetic_repo_025,synthetic_user_1052,2022,NERSC Directors Reserve,SCIENTST
synthetic_repo_025,synthetic_user_1111,2022,NERSC Directors Reserve,GRADUATE
synthetic_repo_026,synthetic_user_0035,2022,NERSC Directors Reserve,UNDRGRAD
synthetic_repo_026,synthetic_user_0278,2022,NERSC Directors Reserve,PROSTAFF
synthetic_repo_026,synthetic_user_0323,2022,NERSC Directors Reserve,POSTDOC
synthetic_repo_026,synthetic_user_0333,2022,NERSC Directors Reserve,SCIENTST
synthetic_repo_026,synthetic_user_0334,2022,NERSC Directors Reserve,POSTDOC
synthetic_repo_026,synthetic_user_0353,2022,NERSC Directors Reserve,NONE
synthetic_repo_026,synthetic_user_0483,2022,NERSC Directors Reserve,SCIENTST
synthetic_repo_026,synthetic_user_0545,2022,NERSC Directors Reserve,OTHER
synthetic_repo_026,synthetic_user_0554,2022,NERSC Directors Reserve,POSTDOC
synthetic_repo_026,synthetic_user_0563,2022,NERSC Directors Reserve,POSTDOC
synthetic_repo_026,synthetic_user_0583,2022,NERSC Directors Reserve,UNDRGRAD
synthetic_repo_026,synthetic_user_0626,2022,NERSC Directors Reserve,FACULTY
synthetic_repo_026,synthetic_user_0668,2022,NERSC Directors Reserve,UNDRGRAD
synthetic_repo_026,synthetic_user_0676,2022,NERSC Directors Reserve,POSTDOC
synthetic_repo_026,synthetic_user_0950,2022,NERSC Directors Reserve,POSTDOC
synthetic_repo_026,synthetic_user_0960,2022,NERSC Directors Reserve,NONE
synthetic_repo_026,synthetic_user_1111,2022,NERSC Directors Reserve,GRADUATE
synthetic_repo_026,synthetic_user_1127,2022,NERSC Directors Reserve,SCIENTST
synthetic_repo_026,synthetic_user_1155,2022,NERSC Directors Reserve,PROSTAFF
synthetic_repo_026,synthetic_user_1176,2022,NERSC Directors Reserve,SCIENTST
synthetic_repo_027,synthetic_user_0095,2022,NERSC Directors Reserve,GRADUATE
synthetic_repo_027,synthetic_user_0118,2022,NERSC Directors Reserve,PROSTAFF
synthetic_repo_027,synthetic_user_0400,2022,NERSC Directors Reserve,PROSTAFF
synthetic_repo_027,synthetic_user_0439,2022,NERSC Directors Reserve,GRADUATE
synthetic_repo_027,synthetic_user_0554,2022,NERSC Directors Reserve,POSTDOC
synthetic_repo_027,synthetic_user_0578,2022,NERSC Directors Reserve,GRADUATE
synthetic_repo_027,synthetic_user_0588,2022,NERSC Directors Reserve,NONE
synthetic_repo_027,synthetic_user_0729,2022,NERSC Directors Reserve,UNDRGRAD
synthetic_repo_027,synthetic_user_0885,2022,NERSC Directors Reserve,FACULTY
synthetic_repo_027,synthetic_user_0935,2022,NERSC Directors Reserve,POSTDOC
synthetic_repo_027,synthetic_user_0942,2022,NERSC Directors Reserve,POSTDOC
synthetic_repo_027,synthetic_user_1021,2022,NERSC Directors Reserve,FACULTY
synthetic_repo_027,synthetic_user_1112,2022,NERSC Directors Reserve,FACULTY
synthetic_repo_027,synthetic_user_1155,2022,NERSC Directors Reserve,PROSTAFF
synthetic_repo_028,synthetic_user_0095,2022,NERSC Directors Reserve,GRADUATE
synthetic_repo_028,synthetic_user_0106,2022,NERSC Directors Reserve,GRADUATE
synthetic_repo_028,synthetic_user_0115,2022,NERSC Directors Reserve,GRADUATE
synthetic_repo_028,synthetic_user_0118,2022,NERSC Directors Reserve,PROSTAFF
synthetic_repo_028,synthetic_user_0185,2022,NERSC Directors Reserve,UNDRGRAD
synthetic_repo_028,synthetic_user_0188,2022,NERSC Directors Reserve,GRADUATE
synthetic_repo_028,synthetic_user_0209,2022,NERSC Directors Reserve,POSTDOC
synthetic_repo_028,synthetic_user_0263,2022,NERSC Directors Reserve,GRADUATE
synthetic_repo_028,synthetic_user_0278,2022,NERSC Directors Reserve,PROSTAFF
synthetic_repo_028,synthetic_user_0334,2022,NERSC Directors Reserve,POSTDOC
synthetic_repo_028,synthetic_user_0350,2022,NERSC Directors Reserve,FACULTY
synthetic_repo_028,synthetic_user_0387,2022,NERSC Directors Reserve,POSTDOC
synthetic_repo_028,synthetic_user_0439,2022,NERSC Directors Reserve,GRADUATE
synthetic_repo_028,synthetic_user_0545,2022,NERSC Directors Reserve,OTHER
synthetic_repo_028,synthetic_user_0554,2022,NERSC Directors Reserve,POSTDOC
synthetic_repo_028,synthetic_user_0575,2022,NERSC Directors Reserve,PROSTAFF
synthetic_repo_028,synthetic_user_0588,2022,NERSC Directors Reserve,NONE
synthetic_repo_028,synthetic_user_0626,2022,NERSC Directors Reserve,FACULTY
synthetic_repo_028,synthetic_user_0722,2022,NERSC Directors Reserve,POSTDOC
synthetic_repo_028,synthetic_user_0882,2022,NERSC Directors Reserve,PROSTAFF
synthetic_repo_028,synthetic_user_0935,2022,NERSC Directors Reserve,POSTDOC
synthetic_repo_028,synthetic_user_1106,2022,NERSC Directors Reserve,FACULTY
synthetic_repo_028,synthetic_user_1155,2022,NERSC Directors Reserve,PROSTAFF
synthetic_repo_029,synthetic_user_0095,2022,NERSC Directors Reserve,GRADUATE
synthetic_repo_029,synthetic_user_0106,2022,NERSC Directors Reserve,GRADUATE
synthetic_repo_029,synthetic_user_0115,2022,NERSC Directors Reserve,GRADUATE
synthetic_repo_029,synthetic_user_0185,2022,NERSC Directors Reserve,UNDRGRAD
synthetic_repo_029,synthetic_user_0188,2022,NERSC Directors Reserve,GRADUATE
synthetic_repo_029,synthetic_user_0232,2022,NERSC Directors Reserve,PROSTAFF
synthetic_repo_029,synthetic_user_0248,2022,NERSC Directors Reserve,GRADUATE
synthetic_repo_029,synthetic_user_0263,2022,NERSC Directors Reserve,GRADUATE
synthetic_repo_029,synthetic_user_0278,2022,NERSC Directors Reserve,PROSTAFF
synthetic_repo_029,synthetic_user_0334,2022,NERSC Directors Reserve,POSTDOC
synthetic_repo_029,synthetic_user_0346,2022,NERSC Directors Reserve,GRADUATE
synthetic_repo_029,synthetic_user_0350,2022,NERSC Directors Reserve,FACULTY
synthetic_repo_029,synthetic_user_0353,2022,NERSC Directors Reserve,NONE
synthetic_repo_029,synthetic_user_0387,2022,NERSC Directors Reserve,POSTDOC
synthetic_repo_029,synthetic_user_0400,2022,NERSC Directors Reserve,PROSTAFF
synthetic_repo_029,synthetic_user_0439,2022,NERSC Directors Reserve,GRADUATE
synthetic_repo_029,synthetic_user_0465,2022,NERSC Directors Reserve,GRADUATE
synthetic_repo_029,synthetic_user_0479,2022,NERSC Directors Reserve,OTHER
synthetic_repo_029,synthetic_user_0554,2022,NERSC Directors Reserve,POSTDOC
synthetic_repo_029,synthetic_user_0563,2022,NERSC Directors Reserve,POSTDOC
synthetic_repo_029,synthetic_user_0578,2022,NERSC Directors Reserve,GRADUATE
synthetic_repo_029,synthetic_user_0583,2022,NERSC Directors Reserve,UNDRGRAD
synthetic_repo_029,synthetic_user_0650,2022,NERSC Directors Reserve,POSTDOC
synthetic_repo_029,synthetic_user_0668,2022,NERSC Directors Reserve,UNDRGRAD
synthetic_repo_029,synthetic_user_0722,2022,NERSC Directors Reserve,POSTDOC
synthetic_repo_029,synthetic_user_0729,2022,NERSC Directors Reserve,UNDRGRAD
synthetic_repo_029,synthetic_user_0740,2022,NERSC Directors Reserve,PROSTAFF
synthetic_repo_029,synthetic_user_0803,2022,NERSC Directors Reserve,SCIENTST
synthetic_repo_029,synthetic_user_0826,2022,NERSC Directors Reserve,POSTDOC
synthetic_repo_029,synthetic_user_0841,2022,NERSC Directors Reserve,SCIENTST
synthetic_repo_029,synthetic_user_0865,2022,NERSC Directors Reserve,PROSTAFF
synthetic_repo_029,synthetic_user_0885,2022,NERSC Directors Reserve,FACULTY
synthetic_repo_029,synthetic_user_0926,2022,NERSC Directors Reserve,UNDRGRAD
synthetic_repo_029,synthetic_user_0950,2022,NERSC Directors Reserve,POSTDOC
synthetic_repo_029,synthetic_user_0994,2022,NERSC Directors Reserve,SCIENTST
synthetic_repo_029,synthetic_user_1070,2022,NERSC Directors Reserve,SCIENTST
synthetic_repo_029,synthetic_user_1106,2022,NERSC Directors Reserve,FACULTY
synthetic_repo_029,synthetic_user_1111,2022,NERSC Directors Reserve,GRADUATE
synthetic_repo_029,synthetic_user_1135,2022,NERSC Directors Reserve,SCIENTST
synthetic_repo_029,synthetic_user_1151,2022,NERSC Directors Reserve,SCIENTST
synthetic_repo_029,synthetic_user_1155,2022,NERSC Directors Reserve,PROSTAFF
synthetic_repo_030,synthetic_user_0023,2022,NERSC Directors Reserve,PROSTAFF
synthetic_repo_030,synthetic_user_0095,2022,NERSC Directors Reserve,GRADUATE
synthetic_repo_030,synthetic_user_0118,2022,NERSC Directors Reserve,PROSTAFF
synthetic_repo_030,synthetic_user_0152,2022,NERSC Directors Reserve,SCIENTST
synthetic_repo_030,synthetic_user_0185,2022,NERSC Directors Reserve,UNDRGRAD
synthetic_repo_030,synthetic_user_0207,2022,NERSC Directors Reserve,PROSTAFF
synthetic_repo_030,synthetic_user_0209,2022,NERSC Directors Reserve,POSTDOC
synthetic_repo_030,synthetic_user_0248,2022,NERSC Directors Reserve,GRADUATE
synthetic_repo_030,synthetic_user_0252,2022,NERSC Directors Reserve,SCIENTST
synthetic_repo_030,synthetic_user_0263,2022,NERSC Directors Reserve,GRADUATE
synthetic_repo_030,synthetic_user_0278,2022,NERSC Directors Reserve,PROSTAFF
synthetic_repo_030,synthetic_user_0334,2022,NERSC Directors Reserve,POSTDOC
synthetic_repo_030,synthetic_user_0346,2022,NERSC Directors Reserve,GRADUATE
synthetic_repo_030,synthetic_user_0350,2022,NERSC Directors Reserve,FACULTY
synthetic_repo_030,synthetic_user_0353,2022,NERSC Directors Reserve,NONE
synthetic_repo_030,synthetic_user_0387,2022,NERSC Directors Reserve,POSTDOC
synthetic_repo_030,synthetic_user_0400,2022,NERSC Directors Reserve,PROSTAFF
synthetic_repo_030,synthetic_user_0419,2022,NERSC Directors Reserve,SCIENTST
synthetic_repo_030,synthetic_user_0439,2022,NERSC Directors Reserve,GRADUATE
synthetic_repo_030,synthetic_user_0465,2022,NERSC Directors Reserve,GRADUATE
synthetic_repo_030,synthetic_user_0471,2022,NERSC Directors Reserve,SCIENTST
synthetic_repo_030,synthetic_user_0475,2022,NERSC Directors Reserve,GRADUATE
synthetic_repo_030,synthetic_user_0512,2022,NERSC Directors Reserve,SCIENTST
synthetic_repo_030,synthetic_user_0541,2022,NERSC Directors Reserve,FACULTY
synthetic_repo_030,synthetic_user_0545,2022,NERSC Directors Reserve,OTHER
synthetic_repo_030,synthetic_user_0554,2022,NERSC Directors Reserve,POSTDOC
synthetic_repo_030,synthetic_user_0583,2022,NERSC Directors Reserve,UNDRGRAD
synthetic_repo_030,synthetic_user_0588,2022,NERSC Directors Reserve,NONE
synthetic_repo_030,synthetic_user_0592,2022,NERSC Directors Reserve,FACULTY
synthetic_repo_030,synthetic_user_0614,2022,NERSC Directors Reserve,SCIENTST
synthetic_repo_030,synthetic_user_0626,2022,NERSC Directors Reserve,FACULTY
synthetic_repo_030,synthetic_user_0633,2022,NERSC Directors Reserve,PROSTAFF
synthetic_repo_030,synthetic_user_0650,2022,NERSC Directors Reserve,POSTDOC
synthetic_repo_030,synthetic_user_0666,2022,NERSC Directors Reserve,SCIENTST
synthetic_repo_030,synthetic_user_0668,2022,NERSC Directors Reserve,UNDRGRAD
synthetic_repo_030,synthetic_user_0733,2022,NERSC Directors Reserve,OTHER
synthetic_repo_030,synthetic_user_0740,2022,NERSC Directors Reserve,PROSTAFF
synthetic_repo_030,synthetic_user_0768,2022,NERSC Directors Reserve,POSTDOC
synthetic_repo_030,synthetic_user_0841,2022,NERSC Directors Reserve,SCIENTST
synthetic_repo_030,synthetic_user_0882,2022,NERSC Directors Reserve,PROSTAFF
synthetic_repo_030,synthetic_user_0885,2022,NERSC Directors Reserve,FACULTY
synthetic_repo_030,synthetic_user_0926,2022,NERSC Directors Reserve,UNDRGRAD
synthetic_repo_030,synthetic_user_0935,2022,NERSC Directors Reserve,POSTDOC
synthetic_repo_030,synthetic_user_0942,2022,NERSC Directors Reserve,POSTDOC
synthetic_repo_030,synthetic_user_0960,2022,NERSC Directors Reserve,NONE
synthetic_repo_030,synthetic_user_0996,2022,NERSC Directors Reserve,SCIENTST
synthetic_repo_030,synthetic_user_1070,2022,NERSC Directors Reserve,SCIENTST
synthetic_repo_030,synthetic_user_1112,2022,NERSC Directors Reserve,FACULTY
synthetic_repo_030,synthetic_user_1135,2022,NERSC Directors Reserve,SCIENTST
synthetic_repo_030,synthetic_user_1155,2022,NERSC Directors Reserve,PROSTAFF
synthetic_repo_031,synthetic_user_0062,2022,Biological and Environmental Research,UNDRGRAD
synthetic_repo_031,synthetic_user_0156,2022,Biological and Environmental Research,PROSTAFF
synthetic_repo_031,synthetic_user_0536,2022,Biological and Environmental Research,FACULTY
synthetic_repo_031,synthetic_user_0799,2022,Biological and Environmental Research,PROSTAFF
synthetic_repo_031,synthetic_user_1181,2022,Biological and Environmental Research,OTHER
synthetic_repo_032,synthetic_user_0036,2022,Biological and Environmental Research,POSTDOC
synthetic_repo_032,synthetic_user_0094,2022,Biological and Environmental Research,GRADUATE
synthetic_repo_032,synthetic_user_0243,2022,Biological and Environmental Research,POSTDOC
synthetic_repo_032,synthetic_user_0476,2022,Biological and Environmental Research,GRADUATE
synthetic_repo_032,synthetic_user_0910,2022,Biological and Environmental Research,PROSTAFF
synthetic_repo_034,synthetic_user_0085,2022,Biological and Environmental Research,GRADUATE
synthetic_repo_034,synthetic_user_0105,2022,Biological and Environmental Research,PROSTAFF
synthetic_repo_034,synthetic_user_0156,2022,Biological and Environmental Research,PROSTAFF
synthetic_repo_034,synthetic_user_0243,2022,Biological and Environmental Research,POSTDOC
synthetic_repo_034,synthetic_user_0284,2022,Biological and Environmental Research,GRADUATE
synthetic_repo_034,synthetic_user_0378,2022,Biological and Environmental Research,POSTDOC
synthetic_repo_034,synthetic_user_0569,2022,Biological and Environmental Research,PROSTAFF
synthetic_repo_034,synthetic_user_0651,2022,Biological and Environmental Research,SCIENTST
synthetic_repo_034,synthetic_user_0770,2022,Biological and Environmental Research,PROSTAFF
synthetic_repo_034,synthetic_user_0838,2022,Biological and Environmental Research,PROSTAFF
synthetic_repo_034,synthetic_user_0931,2022,Biological and Environmental Research,FACULTY
synthetic_repo_034,synthetic_user_0956,2022,Biological and Environmental Research,PROSTAFF
synthetic_repo_035,synthetic_user_0036,2022,Biological and Environmental Research,POSTDOC
synthetic_repo_035,synthetic_user_0085,2022,Biological and Environmental Research,GRADUATE
synthetic_repo_035,synthetic_user_0223,2022,Biological and Environmental Research,GRADUATE
synthetic_repo_035,synthetic_user_0236,2022,Biological and Environmental Research,FACULTY
synthetic_repo_035,synthetic_user_0243,2022,Biological and Environmental Research,POSTDOC
synthetic_repo_035,synthetic_user_0533,2022,Biological and Environmental Research,OTHER
synthetic_repo_035,synthetic_user_0538,2022,Biological and Environmental Research,POSTDOC
synthetic_repo_035,synthetic_user_0589,2022,Biological and Environmental Research,PROSTAFF
synthetic_repo_035,synthetic_user_0623,2022,Biological and Environmental Research,POSTDOC
synthetic_repo_035,synthetic_user_0674,2022,Biological and Environmental Research,SCIENTST
synthetic_repo_035,synthetic_user_0911,2022,Biological and Environmental Research,SCIENTST
synthetic_repo_035,synthetic_user_0931,2022,Biological and Environmental Research,FACULTY
synthetic_repo_035,synthetic_user_0956,2022,Biological and Environmental Research,PROSTAFF
synthetic_repo_035,synthetic_user_1164,2022,Biological and Environmental Research,SCIENTST
synthetic_repo_036,synthetic_user_0094,2022,Biological and Environmental Research,GRADUATE
synthetic_repo_036,synthetic_user_0105,2022,Biological and Environmental Research,PROSTAFF
synthetic_repo_036,synthetic_user_0156,2022,Biological and Environmental Research,PROSTAFF
synthetic_repo_036,synthetic_user_0220,2022,Biological and Environmental Research,NONE
synthetic_repo_036,synthetic_user_0223,2022,Biological and Environmental Research,GRADUATE
synthetic_repo_036,synthetic_user_0243,2022,Biological and Environmental Research,POSTDOC
synthetic_repo_036,synthetic_user_0310,2022,Biological and Environmental Research,GRADUATE
synthetic_repo_036,synthetic_user_0406,2022,Biological and Environmental Research,UNDRGRAD
synthetic_repo_036,synthetic_user_0623,2022,Biological and Environmental Research,POSTDOC
synthetic_repo_036,synthetic_user_0783,2022,Biological and Environmental Research,SCIENTST
synthetic_repo_036,synthetic_user_0858,2022,Biological and Environmental Research,GRADUATE
synthetic_repo_036,synthetic_user_0910,2022,Biological and Environmental Research,PROSTAFF
synthetic_repo_036,synthetic_user_0911,2022,Biological and Environmental Research,SCIENTST
synthetic_repo_036,synthetic_user_1113,2022,Biological and Environmental Research,SCIENTST
synthetic_repo_036,synthetic_user_1164,2022,Biological and Environmental Research,SCIENTST
synthetic_repo_036,synthetic_user_1181,2022,Biological and Environmental Research,OTHER
synthetic_repo_037,synthetic_user_0036,2022,Biological and Environmental Research,POSTDOC
synthetic_repo_037,synthetic_user_0068,2022,Biological and Environmental Research,FACULTY
synthetic_repo_037,synthetic_user_0089,2022,Biological and Environmental Research,POSTDOC
synthetic_repo_037,synthetic_user_0094,2022,Biological and Environmental Research,GRADUATE
synthetic_repo_037,synthetic_user_0109,2022,Biological and Environmental Research,UNDRGRAD
synthetic_repo_037,synthetic_user_0220,2022,Biological and Environmental Research,NONE
synthetic_repo_037,synthetic_user_0223,2022,Biological and Environmental Research,GRADUATE
synthetic_repo_037,synthetic_user_0236,2022,Biological and Environmental Research,FACULTY
synthetic_repo_037,synthetic_user_0378,2022,Biological and Environmental Research,POSTDOC
synthetic_repo_037,synthetic_user_0531,2022,Biological and Environmental Research,OTHER
synthetic_repo_037,synthetic_user_0533,2022,Biological and Environmental Research,OTHER
synthetic_repo_037,synthetic_user_0540,2022,Biological and Environmental Research,GRADUATE
synthetic_repo_037,synthetic_user_0556,2022,Biological and Environmental Research,POSTDOC
synthetic_repo_037,synthetic_user_0674,2022,Biological and Environmental Research,SCIENTST
synthetic_repo_037,synthetic_user_0714,2022,Biological and Environmental Research,GRADUATE
synthetic_repo_037,synthetic_user_0772,2022,Biological and Environmental Research,POSTDOC
synthetic_repo_037,synthetic_user_0835,2022,Biological and Environmental Research,POSTDOC
synthetic_repo_037,synthetic_user_0914,2022,Biological and Environmental Research,FACULTY
synthetic_repo_037,synthetic_user_0931,2022,Biological and Environmental Research,FACULTY
synthetic_repo_037,synthetic_user_1113,2022,Biological and Environmental Research,SCIENTST
synthetic_repo_037,synthetic_user_1164,2022,Biological and Environmental Research,SCIENTST
synthetic_repo_037,synthetic_user_1165,2022,Biological and Environmental Research,FACULTY
synthetic_repo_038,synthetic_user_0036,2022,Biological and Environmental Research,POSTDOC
synthetic_repo_038,synthetic_user_0062,2022,Biological and Environmental Research,UNDRGRAD
synthetic_repo_038,synthetic_user_0094,2022,Biological and Environmental Research,GRADUATE
synthetic_repo_038,synthetic_user_0105,2022,Biological and Environmental Research,PROSTAFF
synthetic_repo_038,synthetic_user_0110,2022,Biological and Environmental Research,UNDRGRAD
synthetic_repo_038,synthetic_user_0156,2022,Biological and Environmental Research,PROSTAFF
synthetic_repo_038,synthetic_user_0220,2022,Biological and Environmental Research,NONE
synthetic_repo_038,synthetic_user_0268,2022,Biological and Environmental Research,GRADUATE
synthetic_repo_038,synthetic_user_0378,2022,Biological and Environmental Research,POSTDOC
synthetic_repo_038,synthetic_user_0443,2022,Biological and Environmental Research,SCIENTST
synthetic_repo_038,synthetic_user_0533,2022,Biological and Environmental Research,OTHER
synthetic_repo_038,synthetic_user_0538,2022,Biological and Environmental Research,POSTDOC
synthetic_repo_038,synthetic_user_0556,2022,Biological and Environmental Research,POSTDOC
synthetic_repo_038,synthetic_user_0613,2022,Biological and Environmental Research,PROSTAFF
synthetic_repo_038,synthetic_user_0651,2022,Biological and Environmental Research,SCIENTST
synthetic_repo_038,synthetic_user_0655,2022,Biological and Environmental Research,FACULTY
synthetic_repo_038,synthetic_user_0669,2022,Biological and Environmental Research,SCIENTST
synthetic_repo_038,synthetic_user_0674,2022,Biological and Environmental Research,SCIENTST
synthetic_repo_038,synthetic_user_0695,2022,Biological and Environmental Research,OTHER
synthetic_repo_038,synthetic_user_0858,2022,Biological and Environmental Research,GRADUATE
synthetic_repo_038,synthetic_user_0910,2022,Biological and Environmental Research,PROSTAFF
synthetic_repo_038,synthetic_user_0911,2022,Biological and Environmental Research,SCIENTST
synthetic_repo_038,synthetic_user_0931,2022,Biological and Environmental Research,FACULTY
synthetic_repo_039,synthetic_user_0062,2022,Biological and Environmental Research,UNDRGRAD
synthetic_repo_039,synthetic_user_0094,2022,Biological and Environmental Research,GRADUATE
synthetic_repo_039,synthetic_user_0099,2022,Biological and Environmental Research,GRADUATE
synthetic_repo_039,synthetic_user_0105,2022,Biological and Environmental Research,PROSTAFF
synthetic_repo_039,synthetic_user_0156,2022,Biological and Environmental Research,PROSTAFF
synthetic_repo_039,synthetic_user_0220,2022,Biological and Environmental Research,NONE
synthetic_repo_039,synthetic_user_0223,2022,Biological and Environmental Research,GRADUATE
synthetic_repo_039,synthetic_user_0236,2022,Biological and Environmental Research,FACULTY
synthetic_repo_039,synthetic_user_0243,2022,Biological and Environmental Research,POSTDOC
synthetic_repo_039,synthetic_user_0310,2022,Biological and Environmental Research,GRADUATE
synthetic_repo_039,synthetic_user_0358,2022,Biological and Environmental Research,PROSTAFF
synthetic_repo_039,synthetic_user_0378,2022,Biological and Environmental Research,POSTDOC
synthetic_repo_039,synthetic_user_0476,2022,Biological and Environmental Research,GRADUATE
synthetic_repo_039,synthetic_user_0531,2022,Biological and Environmental Research,OTHER
synthetic_repo_039,synthetic_user_0533,2022,Biological and Environmental Research,OTHER
synthetic_repo_039,synthetic_user_0538,2022,Biological and Environmental Research,POSTDOC
synthetic_repo_039,synthetic_user_0569,2022,Biological and Environmental Research,PROSTAFF
synthetic_repo_039,synthetic_user_0613,2022,Biological and Environmental Research,PROSTAFF
synthetic_repo_039,synthetic_user_0646,2022,Biological and Environmental Research,FACULTY
synthetic_repo_039,synthetic_user_0655,2022,Biological and Environmental Research,FACULTY
synthetic_repo_039,synthetic_user_0674,2022,Biological and Environmental Research,SCIENTST
synthetic_repo_039,synthetic_user_0714,2022,Biological and Environmental Research,GRADUATE
synthetic_repo_039,synthetic_user_0757,2022,Biological and Environmental Research,SCIENTST
synthetic_repo_039,synthetic_user_0772,2022,Biological and Environmental Research,POSTDOC
synthetic_repo_039,synthetic_user_0783,2022,Biological and Environmental Research,SCIENTST
synthetic_repo_039,synthetic_user_0799,2022,Biological and Environmental Research,PROSTAFF
synthetic_repo_039,synthetic_user_0893,2022,Biological and Environmental Research,GRADUATE
synthetic_repo_039,synthetic_user_0910,2022,Biological and Environmental Research,PROSTAFF
synthetic_repo_039,synthetic_user_0911,2022,Biological and Environmental Research,SCIENTST
synthetic_repo_039,synthetic_user_0923,2022,Biological and Environmental Research,FACULTY
synthetic_repo_039,synthetic_user_0924,2022,Biological and Environmental Research,PROSTAFF
synthetic_repo_039,synthetic_user_0931,2022,Biological and Environmental Research,FACULTY
synthetic_repo_039,synthetic_user_0956,2022,Biological and Environmental Research,PROSTAFF
synthetic_repo_039,synthetic_user_1113,2022,Biological and Environmental Research,SCIENTST
synthetic_repo_039,synthetic_user_1149,2022,Biological and Environmental Research,POSTDOC
synthetic_repo_039,synthetic_user_1181,2022,Biological and Environmental Research,OTHER
synthetic_repo_040,synthetic_user_0017,2022,Biological and Environmental Research,FACULTY
synthetic_repo_040,synthetic_user_0026,2022,Biological and Environmental Research,POSTDOC
synthetic_repo_040,synthetic_user_0036,2022,Biological and Environmental Research,POSTDOC
synthetic_repo_040,synthetic_user_0044,2022,Biological and Environmental Research,FACULTY
synthetic_repo_040,synthetic_user_0062,2022,Biological and Environmental Research,UNDRGRAD
synthetic_repo_040,synthetic_user_0085,2022,Biological and Environmental Research,GRADUATE
synthetic_repo_040,synthetic_user_0089,2022,Biological and Environmental Research,POSTDOC
synthetic_repo_040,synthetic_user_0094,2022,Biological and Environmental Research,GRADUATE
synthetic_repo_040,synthetic_user_0099,2022,Biological and Environmental Research,GRADUATE
synthetic_repo_040,synthetic_user_0110,2022,Biological and Environmental Research,UNDRGRAD
synthetic_repo_040,synthetic_user_0156,2022,Biological and Environmental Research,PROSTAFF
synthetic_repo_040,synthetic_user_0186,2022,Biological and Environmental Research,GRADUATE
synthetic_repo_040,synthetic_user_0195,2022,Biological and Environmental Research,POSTDOC
synthetic_repo_040,synthetic_user_0220,2022,Biological and Environmental Research,NONE
synthetic_repo_040,synthetic_user_0223,2022,Biological and Environmental Research,GRADUATE
synthetic_repo_040,synthetic_user_0236,2022,Biological and Environmental Research,FACULTY
synthetic_repo_040,synthetic_user_0243,2022,Biological and Environmental Research,POSTDOC
synthetic_repo_040,synthetic_user_0310,2022,Biological and Environmental Research,GRADUATE
synthetic_repo_040,synthetic_user_0330,2022,Biological and Environmental Research,FACULTY
synthetic_repo_040,synthetic_user_0378,2022,Biological and Environmental Research,POSTDOC
synthetic_repo_040,synthetic_user_0424,2022,Biological and Environmental Research,PROSTAFF
synthetic_repo_040,synthetic_user_0512,2022,Biological and Environmental Research,SCIENTST
synthetic_repo_040,synthetic_user_0531,2022,Biological and Environmental Research,OTHER
synthetic_repo_040,synthetic_user_0532,2022,Biological and Environmental Research,GRADUATE
synthetic_repo_040,synthetic_user_0533,2022,Biological and Environmental Research,OTHER
synthetic_repo_040,synthetic_user_0538,2022,Biological and Environmental Research,POSTDOC
synthetic_repo_040,synthetic_user_0540,2022,Biological and Environmental Research,GRADUATE
synthetic_repo_040,synthetic_user_0556,2022,Biological and Environmental Research,POSTDOC
synthetic_repo_040,synthetic_user_0569,2022,Biological and Environmental Research,PROSTAFF
synthetic_repo_040,synthetic_user_0571,2022,Biological and Environmental Research,GRADUATE
synthetic_repo_040,synthetic_user_0623,2022,Biological and Environmental Research,POSTDOC
synthetic_repo_040,synthetic_user_0669,2022,Biological and Environmental Research,SCIENTST
synthetic_repo_040,synthetic_user_0674,2022,Biological and Environmental Research,SCIENTST
synthetic_repo_040,synthetic_user_0714,2022,Biological and Environmental Research,GRADUATE
synthetic_repo_040,synthetic_user_0757,2022,Biological and Environmental Research,SCIENTST
synthetic_repo_040,synthetic_user_0770,2022,Biological and Environmental Research,PROSTAFF
synthetic_repo_040,synthetic_user_0772,2022,Biological and Environmental Research,POSTDOC
synthetic_repo_040,synthetic_user_0799,2022,Biological and Environmental Research,PROSTAFF
synthetic_repo_040,synthetic_user_0812,2022,Biological and Environmental Research,SCIENTST
synthetic_repo_040,synthetic_user_0835,2022,Biological and Environmental Research,POSTDOC
synthetic_repo_040,synthetic_user_0854,2022,Biological and Environmental Research,POSTDOC
synthetic_repo_040,synthetic_user_0857,2022,Biological and Environmental Research,SCIENTST
synthetic_repo_040,synthetic_user_0910,2022,Biological and Environmental Research,PROSTAFF
synthetic_repo_040,synthetic_user_0911,2022,Biological and Environmental Research,SCIENTST
synthetic_repo_040,synthetic_user_0916,2022,Biological and Environmental Research,UNDRGRAD
synthetic_repo_040,synthetic_user_0923,2022,Biological and Environmental Research,FACULTY
synthetic_repo_040,synthetic_user_0931,2022,Biological and Environmental Research,FACULTY
synthetic_repo_040,synthetic_user_1046,2022,Biological and Environmental Research,SCIENTST
synthetic_repo_040,synthetic_user_1113,2022,Biological and Environmental Research,SCIENTST
synthetic_repo_040,synthetic_user_1149,2022,Biological and Environmental Research,POSTDOC
synthetic_repo_040,synthetic_user_1165,2022,Biological and Environmental Research,FACULTY
synthetic_repo_040,synthetic_user_1181,2022,Biological and Environmental Research,OTHER
synthetic_repo_041,synthetic_user_0147,2022,Advanced Scientific Computing Research,FACULTY
synthetic_repo_041,synthetic_user_0193,2022,Advanced Scientific Computing Research,GRADUATE
synthetic_repo_041,synthetic_user_0197,2022,Advanced Scientific Computing Research,SCIENTST
synthetic_repo_041,synthetic_user_0680,2022,Advanced Scientific Computing Research,GRADUATE
synthetic_repo_041,synthetic_user_1104,2022,Advanced Scientific Computing Research,SCIENTST
synthetic_repo_042,synthetic_user_0006,2022,Advanced Scientific Computing Research,GRADUATE
synthetic_repo_042,synthetic_user_0288,2022,Advanced Scientific Computing Research,POSTDOC
synthetic_repo_042,synthetic_user_0685,2022,Advanced Scientific Computing Research,SCIENTST
synthetic_repo_042,synthetic_user_0778,2022,Advanced Scientific Computing Research,POSTDOC
synthetic_repo_042,synthetic_user_0999,2022,Advanced Scientific Computing Research,NONE
synthetic_repo_042,synthetic_user_1005,2022,Advanced Scientific Computing Research,POSTDOC
synthetic_repo_042,synthetic_user_1071,2022,Advanced Scientific Computing Research,PROSTAFF
synthetic_repo_044,synthetic_user_0096,2022,Advanced Scientific Computing Research,SCIENTST
synthetic_repo_044,synthetic_user_0238,2022,Advanced Scientific Computing Research,FACULTY
synthetic_repo_044,synthetic_user_0286,2022,Advanced Scientific Computing Research,FACULTY
synthetic_repo_044,synthetic_user_0288,2022,Advanced Scientific Computing Research,POSTDOC
synthetic_repo_044,synthetic_user_0462,2022,Advanced Scientific Computing Research,PROSTAFF
synthetic_repo_044,synthetic_user_0625,2022,Advanced Scientific Computing Research,UNDRGRAD
synthetic_repo_044,synthetic_user_0680,2022,Advanced Scientific Computing Research,GRADUATE
synthetic_repo_044,synthetic_user_0685,2022,Advanced Scientific Computing Research,SCIENTST
synthetic_repo_044,synthetic_user_0821,2022,Advanced Scientific Computing Research,POSTDOC
synthetic_repo_044,synthetic_user_1047,2022,Advanced Scientific Computing Research,FACULTY
synthetic_repo_045,synthetic_user_0057,2022,Advanced Scientific Computing Research,POSTDOC
synthetic_repo_045,synthetic_user_0102,2022,Advanced Scientific Computing Research,FACULTY
synthetic_repo_045,synthetic_user_0115,2022,Advanced Scientific Computing Research,GRADUATE
synthetic_repo_045,synthetic_user_0288,2022,Advanced Scientific Computing Research,POSTDOC
synthetic_repo_045,synthetic_user_0314,2022,Advanced Scientific Computing Research,UNDRGRAD
synthetic_repo_045,synthetic_user_0402,2022,Advanced Scientific Computing Research,GRADUATE
synthetic_repo_045,synthetic_user_0462,2022,Advanced Scientific Computing Research,PROSTAFF
synthetic_repo_045,synthetic_user_0645,2022,Advanced Scientific Computing Research,GRADUATE
synthetic_repo_045,synthetic_user_0680,2022,Advanced Scientific Computing Research,GRADUATE
synthetic_repo_045,synthetic_user_0685,2022,Advanced Scientific Computing Research,SCIENTST
synthetic_repo_045,synthetic_user_0708,2022,Advanced Scientific Computing Research,POSTDOC
synthetic_repo_045,synthetic_user_0778,2022,Advanced Scientific Computing Research,POSTDOC
synthetic_repo_045,synthetic_user_0918,2022,Advanced Scientific Computing Research,POSTDOC
synthetic_repo_045,synthetic_user_0930,2022,Advanced Scientific Computing Research,POSTDOC
synthetic_repo_045,synthetic_user_1012,2022,Advanced Scientific Computing Research,FACULTY
synthetic_repo_045,synthetic_user_1104,2022,Advanced Scientific Computing Research,SCIENTST
synthetic_repo_045,synthetic_user_1125,2022,Advanced Scientific Computing Research,SCIENTST
synthetic_repo_045,synthetic_user_1185,2022,Advanced Scientific Computing Research,FACULTY
synthetic_repo_046,synthetic_user_0027,2022,Advanced Scientific Computing Research,POSTDOC
synthetic_repo_046,synthetic_user_0115,2022,Advanced Scientific Computing Research,GRADUATE
synthetic_repo_046,synthetic_user_0147,2022,Advanced Scientific Computing Research,FACULTY
synthetic_repo_046,synthetic_user_0262,2022,Advanced Scientific Computing Research,PROSTAFF
synthetic_repo_046,synthetic_user_0276,2022,Advanced Scientific Computing Research,UNDRGRAD
synthetic_repo_046,synthetic_user_0288,2022,Advanced Scientific Computing Research,POSTDOC
synthetic_repo_046,synthetic_user_0338,2022,Advanced Scientific Computing Research,UNDRGRAD
synthetic_repo_046,synthetic_user_0402,2022,Advanced Scientific Computing Research,GRADUATE
synthetic_repo_046,synthetic_user_0415,2022,Advanced Scientific Computing Research,GRADUATE
synthetic_repo_046,synthetic_user_0504,2022,Advanced Scientific Computing Research,SCIENTST
synthetic_repo_046,synthetic_user_0558,2022,Advanced Scientific Computing Research,POSTDOC
synthetic_repo_046,synthetic_user_0645,2022,Advanced Scientific Computing Research,GRADUATE
synthetic_repo_046,synthetic_user_0662,2022,Advanced Scientific Computing Research,UNDRGRAD
synthetic_repo_046,synthetic_user_0708,2022,Advanced Scientific Computing Research,POSTDOC
synthetic_repo_046,synthetic_user_0755,2022,Advanced Scientific Computing Research,GRADUATE
synthetic_repo_046,synthetic_user_0877,2022,Advanced Scientific Computing Research,SCIENTST
synthetic_repo_046,synthetic_user_0886,2022,Advanced Scientific Computing Research,SCIENTST
synthetic_repo_046,synthetic_user_0979,2022,Advanced Scientific Computing Research,GRADUATE
synthetic_repo_047,synthetic_user_0076,2022,Advanced Scientific Computing Research,GRADUATE
synthetic_repo_047,synthetic_user_0102,2022,Advanced Scientific Computing Research,FACULTY
synthetic_repo_047,synthetic_user_0245,2022,Advanced Scientific Computing Research,POSTDOC
synthetic_repo_047,synthetic_user_0276,2022,Advanced Scientific Computing Research,UNDRGRAD
synthetic_repo_047,synthetic_user_0288,2022,Advanced Scientific Computing Research,POSTDOC
synthetic_repo_047,synthetic_user_0402,2022,Advanced Scientific Computing Research,GRADUATE
synthetic_repo_047,synthetic_user_0462,2022,Advanced Scientific Computing Research,PROSTAFF
synthetic_repo_047,synthetic_user_0553,2022,Advanced Scientific Computing Research,POSTDOC
synthetic_repo_047,synthetic_user_0625,2022,Advanced Scientific Computing Research,UNDRGRAD
synthetic_repo_047,synthetic_user_0680,2022,Advanced Scientific Computing Research,GRADUATE
synthetic_repo_047,synthetic_user_0708,2022,Advanced Scientific Computing Research,POSTDOC
synthetic_repo_047,synthetic_user_0778,2022,Advanced Scientific Computing Research,POSTDOC
synthetic_repo_047,synthetic_user_0894,2022,Advanced Scientific Computing Research,POSTDOC
synthetic_repo_047,synthetic_user_0982,2022,Advanced Scientific Computing Research,POSTDOC
synthetic_repo_047,synthetic_user_1005,2022,Advanced Scientific Computing Research,POSTDOC
synthetic_repo_047,synthetic_user_1053,2022,Advanced Scientific Computing Research,UNDRGRAD
synthetic_repo_047,synthetic_user_1071,2022,Advanced Scientific Computing Research,PROSTAFF
synthetic_repo_047,synthetic_user_1104,2022,Advanced Scientific Computing Research,SCIENTST
synthetic_repo_047,synthetic_user_1125,2022,Advanced Scientific Computing Research,SCIENTST
synthetic_repo_048,synthetic_user_0006,2022,Advanced Scientific Computing Research,GRADUATE
synthetic_repo_048,synthetic_user_0076,2022,Advanced Scientific Computing Research,GRADUATE
synthetic_repo_048,synthetic_user_0193,2022,Advanced Scientific Computing Research,GRADUATE
synthetic_repo_048,synthetic_user_0240,2022,Advanced Scientific Computing Research,SCIENTST
synthetic_repo_048,synthetic_user_0245,2022,Advanced Scientific Computing Research,POSTDOC
synthetic_repo_048,synthetic_user_0286,2022,Advanced Scientific Computing Research,FACULTY
synthetic_repo_048,synthetic_user_0405,2022,Advanced Scientific Computing Research,GRADUATE
synthetic_repo_048,synthetic_user_0462,2022,Advanced Scientific Computing Research,PROSTAFF
synthetic_repo_048,synthetic_user_0489,2022,Advanced Scientific Computing Research,GRADUATE
synthetic_repo_048,synthetic_user_0504,2022,Advanced Scientific Computing Research,SCIENTST
synthetic_repo_048,synthetic_user_0553,2022,Advanced Scientific Computing Research,POSTDOC
synthetic_repo_048,synthetic_user_0625,2022,Advanced Scientific Computing Research,UNDRGRAD
synthetic_repo_048,synthetic_user_0657,2022,Advanced Scientific Computing Research,POSTDOC
synthetic_repo_048,synthetic_user_0662,2022,Advanced Scientific Computing Research,UNDRGRAD
synthetic_repo_048,synthetic_user_0701,2022,Advanced Scientific Computing Research,GRADUATE
synthetic_repo_048,synthetic_user_0766,2022,Advanced Scientific Computing Research,OTHER
synthetic_repo_048,synthetic_user_0778,2022,Advanced Scientific Computing Research,POSTDOC
synthetic_repo_048,synthetic_user_0968,2022,Advanced Scientific Computing Research,GRADUATE
synthetic_repo_048,synthetic_user_0979,2022,Advanced Scientific Computing Research,GRADUATE
synthetic_repo_048,synthetic_user_1004,2022,Advanced Scientific Computing Research,SCIENTST
synthetic_repo_048,synthetic_user_1093,2022,Advanced Scientific Computing Research,SCIENTST
synthetic_repo_048,synthetic_user_1104,2022,Advanced Scientific Computing Research,SCIENTST
synthetic_repo_049,synthetic_user_0006,2022,Advanced Scientific Computing Research,GRADUATE
synthetic_repo_049,synthetic_user_0009,2022,Advanced Scientific Computing Research,POSTDOC
synthetic_repo_049,synthetic_user_0027,2022,Advanced Scientific Computing Research,POSTDOC
synthetic_repo_049,synthetic_user_0057,2022,Advanced Scientific Computing Research,POSTDOC
synthetic_repo_049,synthetic_user_0096,2022,Advanced Scientific Computing Research,SCIENTST
synthetic_repo_049,synthetic_user_0098,2022,Advanced Scientific Computing Research,SCIENTST
synthetic_repo_049,synthetic_user_0102,2022,Advanced Scientific Computing Research,FACULTY
synthetic_repo_049,synthetic_user_0112,2022,Advanced Scientific Computing Research,GRADUATE
synthetic_repo_049,synthetic_user_0197,2022,Advanced Scientific Computing Research,SCIENTST
synthetic_repo_049,synthetic_user_0201,2022,Advanced Scientific Computing Research,POSTDOC
synthetic_repo_049,synthetic_user_0221,2022,Advanced Scientific Computing Research,GRADUATE
synthetic_repo_049,synthetic_user_0241,2022,Advanced Scientific Computing Research,GRADUATE
synthetic_repo_049,synthetic_user_0286,2022,Advanced Scientific Computing Research,FACULTY
synthetic_repo_049,synthetic_user_0306,2022,Advanced Scientific Computing Research,SCIENTST
synthetic_repo_049,synthetic_user_0314,2022,Advanced Scientific Computing Research,UNDRGRAD
synthetic_repo_049,synthetic_user_0336,2022,Advanced Scientific Computing Research,POSTDOC
synthetic_repo_049,synthetic_user_0350,2022,Advanced Scientific Computing Research,FACULTY
synthetic_repo_049,synthetic_user_0365,2022,Advanced Scientific Computing Research,SCIENTST
synthetic_repo_049,synthetic_user_0391,2022,Advanced Scientific Computing Research,UNDRGRAD
synthetic_repo_049,synthetic_user_0402,2022,Advanced Scientific Computing Research,GRADUATE
synthetic_repo_049,synthetic_user_0553,2022,Advanced Scientific Computing Research,POSTDOC
synthetic_repo_049,synthetic_user_0625,2022,Advanced Scientific Computing Research,UNDRGRAD
synthetic_repo_049,synthetic_user_0645,2022,Advanced Scientific Computing Research,GRADUATE
synthetic_repo_049,synthetic_user_0680,2022,Advanced Scientific Computing Research,GRADUATE
synthetic_repo_049,synthetic_user_0701,2022,Advanced Scientific Computing Research,GRADUATE
synthetic_repo_049,synthetic_user_0739,2022,Advanced Scientific Computing Research,NONE
synthetic_repo_049,synthetic_user_0766,2022,Advanced Scientific Computing Research,OTHER
synthetic_repo_049,synthetic_user_0778,2022,Advanced Scientific Computing Research,POSTDOC
synthetic_repo_049,synthetic_user_0821,2022,Advanced Scientific Computing Research,POSTDOC
synthetic_repo_049,synthetic_user_0880,2022,Advanced Scientific Computing Research,GRADUATE
synthetic_repo_049,synthetic_user_0918,2022,Advanced Scientific Computing Research,POSTDOC
synthetic_repo_049,synthetic_user_0979,2022,Advanced Scientific Computing Research,GRADUATE
synthetic_repo_049,synthetic_user_0985,2022,Advanced Scientific Computing Research,GRADUATE
synthetic_repo_049,synthetic_user_0999,2022,Advanced Scientific Computing Research,NONE
synthetic_repo_049,synthetic_user_1040,2022,Advanced Scientific Computing Research,FACULTY
synthetic_repo_049,synthetic_user_1125,2022,Advanced Scientific Computing Research,SCIENTST
synthetic_repo_050,synthetic_user_0009,2022,Advanced Scientific Computing Research,POSTDOC
synthetic_repo_050,synthetic_user_0027,2022,Advanced Scientific Computing Research,POSTDOC
synthetic_repo_050,synthetic_user_0038,2022,Advanced Scientific Computing Research,UNDRGRAD
synthetic_repo_050,synthetic_user_0057,2022,Advanced Scientific Computing Research,POSTDOC
synthetic_repo_050,synthetic_user_0076,2022,Advanced Scientific Computing Research,GRADUATE
synthetic_repo_050,synthetic_user_0086,2022,Advanced Scientific Computing Research,PROSTAFF
synthetic_repo_050,synthetic_user_0096,2022,Advanced Scientific Computing Research,SCIENTST
synthetic_repo_050,synthetic_user_0115,2022,Advanced Scientific Computing Research,GRADUATE
synthetic_repo_050,synthetic_user_0147,2022,Advanced Scientific Computing Research,FACULTY
synthetic_repo_050,synthetic_user_0183,2022,Advanced Scientific Computing Research,POSTDOC
synthetic_repo_050,synthetic_user_0193,2022,Advanced Scientific Computing Research,GRADUATE
synthetic_repo_050,synthetic_user_0238,2022,Advanced Scientific Computing Research,FACULTY
synthetic_repo_050,synthetic_user_0240,2022,Advanced Scientific Computing Research,SCIENTST
synthetic_repo_050,synthetic_user_0241,2022,Advanced Scientific Computing Research,GRADUATE
synthetic_repo_050,synthetic_user_0245,2022,Advanced Scientific Computing Research,POSTDOC
synthetic_repo_050,synthetic_user_0288,2022,Advanced Scientific Computing Research,POSTDOC
synthetic_repo_050,synthetic_user_0306,2022,Advanced Scientific Computing Research,SCIENTST
synthetic_repo_050,synthetic_user_0336,2022,Advanced Scientific Computing Research,POSTDOC
synthetic_repo_050,synthetic_user_0350,2022,Advanced Scientific Computing Research,FACULTY
synthetic_repo_050,synthetic_user_0365,2022,Advanced Scientific Computing Research,SCIENTST
synthetic_repo_050,synthetic_user_0391,2022,Advanced Scientific Computing Research,UNDRGRAD
synthetic_repo_050,synthetic_user_0395,2022,Advanced Scientific Computing Research,GRADUATE
synthetic_repo_050,synthetic_user_0405,2022,Advanced Scientific Computing Research,GRADUATE
synthetic_repo_050,synthetic_user_0415,2022,Advanced Scientific Computing Research,GRADUATE
synthetic_repo_050,synthetic_user_0462,2022,Advanced Scientific Computing Research,PROSTAFF
synthetic_repo_050,synthetic_user_0504,2022,Advanced Scientific Computing Research,SCIENTST
synthetic_repo_050,synthetic_user_0524,2022,Advanced Scientific Computing Research,POSTDOC
synthetic_repo_050,synthetic_user_0565,2022,Advanced Scientific Computing Research,FACULTY
synthetic_repo_050,synthetic_user_0625,2022,Advanced Scientific Computing Research,UNDRGRAD
synthetic_repo_050,synthetic_user_0634,2022,Advanced Scientific Computing Research,NONE
synthetic_repo_050,synthetic_user_0680,2022,Advanced Scientific Computing Research,GRADUATE
synthetic_repo_050,synthetic_user_0708,2022,Advanced Scientific Computing Research,POSTDOC
synthetic_repo_050,synthetic_user_0742,2022,Advanced Scientific Computing Research,PROSTAFF
synthetic_repo_050,synthetic_user_0755,2022,Advanced Scientific Computing Research,GRADUATE
synthetic_repo_050,synthetic_user_0766,2022,Advanced Scientific Computing Research,OTHER
synthetic_repo_050,synthetic_user_0778,2022,Advanced Scientific Computing Research,POSTDOC
synthetic_repo_050,synthetic_user_0797,2022,Advanced Scientific Computing Research,POSTDOC
synthetic_repo_050,synthetic_user_0821,2022,Advanced Scientific Computing Research,POSTDOC
synthetic_repo_050,synthetic_user_0842,2022,Advanced Scientific Computing Research,GRADUATE
synthetic_repo_050,synthetic_user_0886,2022,Advanced Scientific Computing Research,SCIENTST
synthetic_repo_050,synthetic_user_0894,2022,Advanced Scientific Computing Research,POSTDOC
synthetic_repo_050,synthetic_user_0930,2022,Advanced Scientific Computing Research,POSTDOC
synthetic_repo_050,synthetic_user_0966,2022,Advanced Scientific Computing Research,GRADUATE
synthetic_repo_050,synthetic_user_0968,2022,Advanced Scientific Computing Research,GRADUATE
synthetic_repo_050,synthetic_user_0973,2022,Advanced Scientific Computing Research,SCIENTST
synthetic_repo_050,synthetic_user_0979,2022,Advanced Scientific Computing Research,GRADUATE
synthetic_repo_050,synthetic_user_0982,2022,Advanced Scientific Computing Research,POSTDOC
synthetic_repo_050,synthetic_user_0984,2022,Advanced Scientific Computing Research,OTHER
synthetic_repo_050,synthetic_user_0985,2022,Advanced Scientific Computing Research,GRADUATE
synthetic_repo_050,synthetic_user_0992,2022,Advanced Scientific Computing Research,GRADUATE
synthetic_repo_050,synthetic_user_0999,2022,Advanced Scientific Computing Research,NONE
synthetic_repo_050,synthetic_user_1005,2022,Advanced Scientific Computing Research,POSTDOC
synthetic_repo_050,synthetic_user_1091,2022,Advanced Scientific Computing Research,FACULTY
synthetic_repo_050,synthetic_user_1093,2022,Advanced Scientific Computing Research,SCIENTST
synthetic_repo_050,synthetic_user_1109,2022,Advanced Scientific Computing Research,OTHER
synthetic_repo_050,synthetic_user_1125,2022,Advanced Scientific Computing Research,SCIENTST
synthetic_repo_051,synthetic_user_0203,2022,Fusion Energy Sciences,SCIENTST
synthetic_repo_051,synthetic_user_0543,2022,Fusion Energy Sciences,SCIENTST
synthetic_repo_051,synthetic_user_1014,2022,Fusion Energy Sciences,SCIENTST
synthetic_repo_051,synthetic_user_1037,2022,Fusion Energy Sciences,GRADUATE
synthetic_repo_051,synthetic_user_1065,2022,Fusion Energy Sciences,FACULTY
synthetic_repo_052,synthetic_user_0041,2022,Fusion Energy Sciences,PROSTAFF
synthetic_repo_052,synthetic_user_0164,2022,Fusion Energy Sciences,NONE
synthetic_repo_052,synthetic_user_0253,2022,Fusion Energy Sciences,POSTDOC
synthetic_repo_052,synthetic_user_0289,2022,Fusion Energy Sciences,SCIENTST
synthetic_repo_052,synthetic_user_0341,2022,Fusion Energy Sciences,PROSTAFF
synthetic_repo_052,synthetic_user_0859,2022,Fusion Energy Sciences,PROSTAFF
synthetic_repo_052,synthetic_user_0995,2022,Fusion Energy Sciences,SCIENTST
synthetic_repo_052,synthetic_user_1080,2022,Fusion Energy Sciences,FACULTY
synthetic_repo_054,synthetic_user_0164,2022,Fusion Energy Sciences,NONE
synthetic_repo_054,synthetic_user_0202,2022,Fusion Energy Sciences,POSTDOC
synthetic_repo_054,synthetic_user_0487,2022,Fusion Energy Sciences,POSTDOC
synthetic_repo_054,synthetic_user_0566,2022,Fusion Energy Sciences,UNDRGRAD
synthetic_repo_054,synthetic_user_0579,2022,Fusion Energy Sciences,UNDRGRAD
synthetic_repo_054,synthetic_user_0598,2022,Fusion Energy Sciences,SCIENTST
synthetic_repo_054,synthetic_user_0630,2022,Fusion Energy Sciences,SCIENTST
synthetic_repo_054,synthetic_user_0632,2022,Fusion Energy Sciences,PROSTAFF
synthetic_repo_054,synthetic_user_0869,2022,Fusion Energy Sciences,GRADUATE
synthetic_repo_054,synthetic_user_0969,2022,Fusion Energy Sciences,POSTDOC
synthetic_repo_054,synthetic_user_1037,2022,Fusion Energy Sciences,GRADUATE
synthetic_repo_054,synthetic_user_1065,2022,Fusion Energy Sciences,FACULTY
synthetic_repo_054,synthetic_user_1175,2022,Fusion Energy Sciences,GRADUATE
synthetic_repo_055,synthetic_user_0129,2022,Fusion Energy Sciences,SCIENTST
synthetic_repo_055,synthetic_user_0164,2022,Fusion Energy Sciences,NONE
synthetic_repo_055,synthetic_user_0203,2022,Fusion Energy Sciences,SCIENTST
synthetic_repo_055,synthetic_user_0249,2022,Fusion Energy Sciences,PROSTAFF
synthetic_repo_055,synthetic_user_0587,2022,Fusion Energy Sciences,POSTDOC
synthetic_repo_055,synthetic_user_0632,2022,Fusion Energy Sciences,PROSTAFF
synthetic_repo_055,synthetic_user_0750,2022,Fusion Energy Sciences,SCIENTST
synthetic_repo_055,synthetic_user_0869,2022,Fusion Energy Sciences,GRADUATE
synthetic_repo_055,synthetic_user_0958,2022,Fusion Energy Sciences,UNDRGRAD
synthetic_repo_055,synthetic_user_0995,2022,Fusion Energy Sciences,SCIENTST
synthetic_repo_055,synthetic_user_1037,2022,Fusion Energy Sciences,GRADUATE
synthetic_repo_055,synthetic_user_1152,2022,Fusion Energy Sciences,GRADUATE
synthetic_repo_055,synthetic_user_1157,2022,Fusion Energy Sciences,GRADUATE
synthetic_repo_055,synthetic_user_1162,2022,Fusion Energy Sciences,SCIENTST
synthetic_repo_056,synthetic_user_0164,2022,Fusion Energy Sciences,NONE
synthetic_repo_056,synthetic_user_0315,2022,Fusion Energy Sciences,POSTDOC
synthetic_repo_056,synthetic_user_0326,2022,Fusion Energy Sciences,SCIENTST
synthetic_repo_056,synthetic_user_0411,2022,Fusion Energy Sciences,GRADUATE
synthetic_repo_056,synthetic_user_0495,2022,Fusion Energy Sciences,POSTDOC
synthetic_repo_056,synthetic_user_0579,2022,Fusion Energy Sciences,UNDRGRAD
synthetic_repo_056,synthetic_user_0586,2022,Fusion Energy Sciences,FACULTY
synthetic_repo_056,synthetic_user_0611,2022,Fusion Energy Sciences,PROSTAFF
synthetic_repo_056,synthetic_user_0628,2022,Fusion Energy Sciences,OTHER
synthetic_repo_056,synthetic_user_0630,2022,Fusion Energy Sciences,SCIENTST
synthetic_repo_056,synthetic_user_0632,2022,Fusion Energy Sciences,PROSTAFF
synthetic_repo_056,synthetic_user_0664,2022,Fusion Energy Sciences,FACULTY
synthetic_repo_056,synthetic_user_0851,2022,Fusion Energy Sciences,GRADUATE
synthetic_repo_056,synthetic_user_0853,2022,Fusion Energy Sciences,NONE
synthetic_repo_056,synthetic_user_0869,2022,Fusion Energy Sciences,GRADUATE
synthetic_repo_056,synthetic_user_0958,2022,Fusion Energy Sciences,UNDRGRAD
synthetic_repo_056,synthetic_user_1123,2022,Fusion Energy Sciences,FACULTY
synthetic_repo_056,synthetic_user_1157,2022,Fusion Energy Sciences,GRADUATE
synthetic_repo_057,synthetic_user_0315,2022,Fusion Energy Sciences,POSTDOC
synthetic_repo_057,synthetic_user_0411,2022,Fusion Energy Sciences,GRADUATE
synthetic_repo_057,synthetic_user_0435,2022,Fusion Energy Sciences,GRADUATE
synthetic_repo_057,synthetic_user_0487,2022,Fusion Energy Sciences,POSTDOC
synthetic_repo_057,synthetic_user_0503,2022,Fusion Energy Sciences,UNDRGRAD
synthetic_repo_057,synthetic_user_0542,2022,Fusion Energy Sciences,SCIENTST
synthetic_repo_057,synthetic_user_0552,2022,Fusion Energy Sciences,UNDRGRAD
synthetic_repo_057,synthetic_user_0566,2022,Fusion Energy Sciences,UNDRGRAD
synthetic_repo_057,synthetic_user_0586,2022,Fusion Energy Sciences,FACULTY
synthetic_repo_057,synthetic_user_0587,2022,Fusion Energy Sciences,POSTDOC
synthetic_repo_057,synthetic_user_0611,2022,Fusion Energy Sciences,PROSTAFF
synthetic_repo_057,synthetic_user_0632,2022,Fusion Energy Sciences,PROSTAFF
synthetic_repo_057,synthetic_user_0764,2022,Fusion Energy Sciences,POSTDOC
synthetic_repo_057,synthetic_user_0865,2022,Fusion Energy Sciences,PROSTAFF
synthetic_repo_057,synthetic_user_0958,2022,Fusion Energy Sciences,UNDRGRAD
synthetic_repo_057,synthetic_user_0969,2022,Fusion Energy Sciences,POSTDOC
synthetic_repo_057,synthetic_user_0995,2022,Fusion Energy Sciences,SCIENTST
synthetic_repo_057,synthetic_user_1014,2022,Fusion Energy Sciences,SCIENTST
synthetic_repo_057,synthetic_user_1065,2022,Fusion Energy Sciences,FACULTY
synthetic_repo_057,synthetic_user_1123,2022,Fusion Energy Sciences,FACULTY
synthetic_repo_057,synthetic_user_1157,2022,Fusion Energy Sciences,GRADUATE
synthetic_repo_058,synthetic_user_0016,2022,Fusion Energy Sciences,UNDRGRAD
synthetic_repo_058,synthetic_user_0202,2022,Fusion Energy Sciences,POSTDOC
synthetic_repo_058,synthetic_user_0227,2022,Fusion Energy Sciences,NONE
synthetic_repo_058,synthetic_user_0341,2022,Fusion Energy Sciences,PROSTAFF
synthetic_repo_058,synthetic_user_0369,2022,Fusion Energy Sciences,OTHER
synthetic_repo_058,synthetic_user_0421,2022,Fusion Energy Sciences,POSTDOC
synthetic_repo_058,synthetic_user_0468,2022,Fusion Energy Sciences,NONE
synthetic_repo_058,synthetic_user_0516,2022,Fusion Energy Sciences,FACULTY
synthetic_repo_058,synthetic_user_0530,2022,Fusion Energy Sciences,SCIENTST
synthetic_repo_058,synthetic_user_0534,2022,Fusion Energy Sciences,PROSTAFF
synthetic_repo_058,synthetic_user_0552,2022,Fusion Energy Sciences,UNDRGRAD
synthetic_repo_058,synthetic_user_0586,2022,Fusion Energy Sciences,FACULTY
synthetic_repo_058,synthetic_user_0630,2022,Fusion Energy Sciences,SCIENTST
synthetic_repo_058,synthetic_user_0632,2022,Fusion Energy Sciences,PROSTAFF
synthetic_repo_058,synthetic_user_0647,2022,Fusion Energy Sciences,SCIENTST
synthetic_repo_058,synthetic_user_0718,2022,Fusion Energy Sciences,FACULTY
synthetic_repo_058,synthetic_user_0798,2022,Fusion Energy Sciences,OTHER
synthetic_repo_058,synthetic_user_0809,2022,Fusion Energy Sciences,UNDRGRAD
synthetic_repo_058,synthetic_user_0853,2022,Fusion Energy Sciences,NONE
synthetic_repo_058,synthetic_user_0995,2022,Fusion Energy Sciences,SCIENTST
synthetic_repo_058,synthetic_user_1037,2022,Fusion Energy Sciences,GRADUATE
synthetic_repo_058,synthetic_user_1175,2022,Fusion Energy Sciences,GRADUATE
synthetic_repo_059,synthetic_user_0164,2022,Fusion Energy Sciences,NONE
synthetic_repo_059,synthetic_user_0202,2022,Fusion Energy Sciences,POSTDOC
synthetic_repo_059,synthetic_user_0227,2022,Fusion Energy Sciences,NONE
synthetic_repo_059,synthetic_user_0249,2022,Fusion Energy Sciences,PROSTAFF
synthetic_repo_059,synthetic_user_0289,2022,Fusion Energy Sciences,SCIENTST
synthetic_repo_059,synthetic_user_0291,2022,Fusion Energy Sciences,FACULTY
synthetic_repo_059,synthetic_user_0315,2022,Fusion Energy Sciences,POSTDOC
synthetic_repo_059,synthetic_user_0326,2022,Fusion Energy Sciences,SCIENTST
synthetic_repo_059,synthetic_user_0341,2022,Fusion Energy Sciences,PROSTAFF
synthetic_repo_059,synthetic_user_0468,2022,Fusion Energy Sciences,NONE
synthetic_repo_059,synthetic_user_0487,2022,Fusion Energy Sciences,POSTDOC
synthetic_repo_059,synthetic_user_0495,2022,Fusion Energy Sciences,POSTDOC
synthetic_repo_059,synthetic_user_0552,2022,Fusion Energy Sciences,UNDRGRAD
synthetic_repo_059,synthetic_user_0566,2022,Fusion Energy Sciences,UNDRGRAD
synthetic_repo_059,synthetic_user_0572,2022,Fusion Energy Sciences,GRADUATE
synthetic_repo_059,synthetic_user_0579,2022,Fusion Energy Sciences,UNDRGRAD
synthetic_repo_059,synthetic_user_0586,2022,Fusion Energy Sciences,FACULTY
synthetic_repo_059,synthetic_user_0607,2022,Fusion Energy Sciences,GRADUATE
synthetic_repo_059,synthetic_user_0630,2022,Fusion Energy Sciences,SCIENTST
synthetic_repo_059,synthetic_user_0632,2022,Fusion Energy Sciences,PROSTAFF
synthetic_repo_059,synthetic_user_0647,2022,Fusion Energy Sciences,SCIENTST
synthetic_repo_059,synthetic_user_0805,2022,Fusion Energy Sciences,FACULTY
synthetic_repo_059,synthetic_user_0853,2022,Fusion Energy Sciences,NONE
synthetic_repo_059,synthetic_user_0869,2022,Fusion Energy Sciences,GRADUATE
synthetic_repo_059,synthetic_user_0958,2022,Fusion Energy Sciences,UNDRGRAD
synthetic_repo_059,synthetic_user_0969,2022,Fusion Energy Sciences,POSTDOC
synthetic_repo_059,synthetic_user_0995,2022,Fusion Energy Sciences,SCIENTST
synthetic_repo_059,synthetic_user_1006,2022,Fusion Energy Sciences,PROSTAFF
synthetic_repo_059,synthetic_user_1009,2022,Fusion Energy Sciences,FACULTY
synthetic_repo_059,synthetic_user_1014,2022,Fusion Energy Sciences,SCIENTST
synthetic_repo_059,synthetic_user_1037,2022,Fusion Energy Sciences,GRADUATE
synthetic_repo_059,synthetic_user_1065,2022,Fusion Energy Sciences,FACULTY
synthetic_repo_059,synthetic_user_1079,2022,Fusion Energy Sciences,FACULTY
synthetic_repo_059,synthetic_user_1080,2022,Fusion Energy Sciences,FACULTY
synthetic_repo_059,synthetic_user_1108,2022,Fusion Energy Sciences,POSTDOC
synthetic_repo_059,synthetic_user_1153,2022,Fusion Energy Sciences,GRADUATE
synthetic_repo_059,synthetic_user_1157,2022,Fusion Energy Sciences,GRADUATE
synthetic_repo_059,synthetic_user_1163,2022,Fusion Energy Sciences,OTHER
synthetic_repo_059,synthetic_user_1175,2022,Fusion Energy Sciences,GRADUATE
synthetic_repo_060,synthetic_user_0140,2022,Fusion Energy Sciences,POSTDOC
synthetic_repo_060,synthetic_user_0164,2022,Fusion Energy Sciences,NONE
synthetic_repo_060,synthetic_user_0202,2022,Fusion Energy Sciences,POSTDOC
synthetic_repo_060,synthetic_user_0249,2022,Fusion Energy Sciences,PROSTAFF
synthetic_repo_060,synthetic_user_0253,2022,Fusion Energy Sciences,POSTDOC
synthetic_repo_060,synthetic_user_0289,2022,Fusion Energy Sciences,SCIENTST
synthetic_repo_060,synthetic_user_0315,2022,Fusion Energy Sciences,POSTDOC
synthetic_repo_060,synthetic_user_0341,2022,Fusion Energy Sciences,PROSTAFF
synthetic_repo_060,synthetic_user_0369,2022,Fusion Energy Sciences,OTHER
synthetic_repo_060,synthetic_user_0411,2022,Fusion Energy Sciences,GRADUATE
synthetic_repo_060,synthetic_user_0435,2022,Fusion Energy Sciences,GRADUATE
synthetic_repo_060,synthetic_user_0468,2022,Fusion Energy Sciences,NONE
synthetic_repo_060,synthetic_user_0494,2022,Fusion Energy Sciences,POSTDOC
synthetic_repo_060,synthetic_user_0495,2022,Fusion Energy Sciences,POSTDOC
synthetic_repo_060,synthetic_user_0503,2022,Fusion Energy Sciences,UNDRGRAD
synthetic_repo_060,synthetic_user_0516,2022,Fusion Energy Sciences,FACULTY
synthetic_repo_060,synthetic_user_0542,2022,Fusion Energy Sciences,SCIENTST
synthetic_repo_060,synthetic_user_0543,2022,Fusion Energy Sciences,SCIENTST
synthetic_repo_060,synthetic_user_0552,2022,Fusion Energy Sciences,UNDRGRAD
synthetic_repo_060,synthetic_user_0579,2022,Fusion Energy Sciences,UNDRGRAD
synthetic_repo_060,synthetic_user_0586,2022,Fusion Energy Sciences,FACULTY
synthetic_repo_060,synthetic_user_0590,2022,Fusion Energy Sciences,PROSTAFF
synthetic_repo_060,synthetic_user_0598,2022,Fusion Energy Sciences,SCIENTST
synthetic_repo_060,synthetic_user_0632,2022,Fusion Energy Sciences,PROSTAFF
synthetic_repo_060,synthetic_user_0664,2022,Fusion Energy Sciences,FACULTY
synthetic_repo_060,synthetic_user_0764,2022,Fusion Energy Sciences,POSTDOC
synthetic_repo_060,synthetic_user_0819,2022,Fusion Energy Sciences,FACULTY
synthetic_repo_060,synthetic_user_0851,2022,Fusion Energy Sciences,GRADUATE
synthetic_repo_060,synthetic_user_0853,2022,Fusion Energy Sciences,NONE
synthetic_repo_060,synthetic_user_0927,2022,Fusion Energy Sciences,FACULTY
synthetic_repo_060,synthetic_user_0995,2022,Fusion Energy Sciences,SCIENTST
synthetic_repo_060,synthetic_user_1009,2022,Fusion Energy Sciences,FACULTY
synthetic_repo_060,synthetic_user_1014,2022,Fusion Energy Sciences,SCIENTST
synthetic_repo_060,synthetic_user_1037,2022,Fusion Energy Sciences,GRADUATE
synthetic_repo_060,synthetic_user_1065,2022,Fusion Energy Sciences,FACULTY
synthetic_repo_060,synthetic_user_1080,2022,Fusion Energy Sciences,FACULTY
synthetic_repo_060,synthetic_user_1110,2022,Fusion Energy Sciences,POSTDOC
synthetic_repo_060,synthetic_user_1123,2022,Fusion Energy Sciences,FACULTY
synthetic_repo_060,synthetic_user_1157,2022,Fusion Energy Sciences,GRADUATE
synthetic_repo_060,synthetic_user_1162,2022,Fusion Energy Sciences,SCIENTST
synthetic_repo_061,synthetic_user_0166,2022,Nuclear Physics,FACULTY
synthetic_repo_061,synthetic_user_0527,2022,Nuclear Physics,PROSTAFF
synthetic_repo_061,synthetic_user_0870,2022,Nuclear Physics,FACULTY
synthetic_repo_061,synthetic_user_0929,2022,Nuclear Physics,GRADUATE
synthetic_repo_061,synthetic_user_0989,2022,Nuclear Physics,OTHER
synthetic_repo_062,synthetic_user_0798,2022,Nuclear Physics,OTHER
synthetic_repo_062,synthetic_user_0802,2022,Nuclear Physics,POSTDOC
synthetic_repo_062,synthetic_user_0811,2022,Nuclear Physics,SCIENTST
synthetic_repo_062,synthetic_user_0861,2022,Nuclear Physics,UNDRGRAD
synthetic_repo_062,synthetic_user_0870,2022,Nuclear Physics,FACULTY
synthetic_repo_062,synthetic_user_0900,2022,Nuclear Physics,FACULTY
synthetic_repo_062,synthetic_user_0929,2022,Nuclear Physics,GRADUATE
synthetic_repo_062,synthetic_user_0936,2022,Nuclear Physics,FACULTY
synthetic_repo_064,synthetic_user_0068,2022,Nuclear Physics,FACULTY
synthetic_repo_064,synthetic_user_0080,2022,Nuclear Physics,GRADUATE
synthetic_repo_064,synthetic_user_0139,2022,Nuclear Physics,POSTDOC
synthetic_repo_064,synthetic_user_0677,2022,Nuclear Physics,FACULTY
synthetic_repo_064,synthetic_user_0779,2022,Nuclear Physics,PROSTAFF
synthetic_repo_064,synthetic_user_0811,2022,Nuclear Physics,SCIENTST
synthetic_repo_064,synthetic_user_0891,2022,Nuclear Physics,GRADUATE
synthetic_repo_064,synthetic_user_0929,2022,Nuclear Physics,GRADUATE
synthetic_repo_064,synthetic_user_1027,2022,Nuclear Physics,FACULTY
synthetic_repo_064,synthetic_user_1074,2022,Nuclear Physics,POSTDOC
synthetic_repo_064,synthetic_user_1170,2022,Nuclear Physics,PROSTAFF
synthetic_repo_065,synthetic_user_0054,2022,Nuclear Physics,PROSTAFF
synthetic_repo_065,synthetic_user_0139,2022,Nuclear Physics,POSTDOC
synthetic_repo_065,synthetic_user_0653,2022,Nuclear Physics,POSTDOC
synthetic_repo_065,synthetic_user_0660,2022,Nuclear Physics,PROSTAFF
synthetic_repo_065,synthetic_user_0779,2022,Nuclear Physics,PROSTAFF
synthetic_repo_065,synthetic_user_0861,2022,Nuclear Physics,UNDRGRAD
synthetic_repo_065,synthetic_user_0988,2022,Nuclear Physics,SCIENTST
synthetic_repo_065,synthetic_user_0989,2022,Nuclear Physics,OTHER
synthetic_repo_065,synthetic_user_1027,2022,Nuclear Physics,FACULTY
synthetic_repo_065,synthetic_user_1074,2022,Nuclear Physics,POSTDOC
synthetic_repo_065,synthetic_user_1139,2022,Nuclear Physics,PROSTAFF
synthetic_repo_065,synthetic_user_1177,2022,Nuclear Physics,PROSTAFF
synthetic_repo_066,synthetic_user_0050,2022,Nuclear Physics,POSTDOC
synthetic_repo_066,synthetic_user_0320,2022,Nuclear Physics,PROSTAFF
synthetic_repo_066,synthetic_user_0375,2022,Nuclear Physics,POSTDOC
synthetic_repo_066,synthetic_user_0524,2022,Nuclear Physics,POSTDOC
synthetic_repo_066,synthetic_user_0564,2022,Nuclear Physics,SCIENTST
synthetic_repo_066,synthetic_user_0623,2022,Nuclear Physics,POSTDOC
synthetic_repo_066,synthetic_user_0677,2022,Nuclear Physics,FACULTY
synthetic_repo_066,synthetic_user_0710,2022,Nuclear Physics,SCIENTST
synthetic_repo_066,synthetic_user_0771,2022,Nuclear Physics,PROSTAFF
synthetic_repo_066,synthetic_user_0798,2022,Nuclear Physics,OTHER
synthetic_repo_066,synthetic_user_0802,2022,Nuclear Physics,POSTDOC
synthetic_repo_066,synthetic_user_0817,2022,Nuclear Physics,PROSTAFF
synthetic_repo_066,synthetic_user_0900,2022,Nuclear Physics,FACULTY
synthetic_repo_066,synthetic_user_0929,2022,Nuclear Physics,GRADUATE
synthetic_repo_066,synthetic_user_0957,2022,Nuclear Physics,SCIENTST
synthetic_repo_066,synthetic_user_0989,2022,Nuclear Physics,OTHER
synthetic_repo_066,synthetic_user_1088,2022,Nuclear Physics,POSTDOC
synthetic_repo_067,synthetic_user_0050,2022,Nuclear Physics,POSTDOC
synthetic_repo_067,synthetic_user_0054,2022,Nuclear Physics,PROSTAFF
synthetic_repo_067,synthetic_user_0061,2022,Nuclear Physics,POSTDOC
synthetic_repo_067,synthetic_user_0137,2022,Nuclear Physics,FACULTY
synthetic_repo_067,synthetic_user_0192,2022,Nuclear Physics,POSTDOC
synthetic_repo_067,synthetic_user_0212,2022,Nuclear Physics,PROSTAFF
synthetic_repo_067,synthetic_user_0339,2022,Nuclear Physics,SCIENTST
synthetic_repo_067,synthetic_user_0576,2022,Nuclear Physics,PROSTAFF
synthetic_repo_067,synthetic_user_0789,2022,Nuclear Physics,SCIENTST
synthetic_repo_067,synthetic_user_0817,2022,Nuclear Physics,PROSTAFF
synthetic_repo_067,synthetic_user_0870,2022,Nuclear Physics,FACULTY
synthetic_repo_067,synthetic_user_0876,2022,Nuclear Physics,GRADUATE
synthetic_repo_067,synthetic_user_0900,2022,Nuclear Physics,FACULTY
synthetic_repo_067,synthetic_user_0929,2022,Nuclear Physics,GRADUATE
synthetic_repo_067,synthetic_user_0989,2022,Nuclear Physics,OTHER
synthetic_repo_067,synthetic_user_1027,2022,Nuclear Physics,FACULTY
synthetic_repo_067,synthetic_user_1139,2022,Nuclear Physics,PROSTAFF
synthetic_repo_067,synthetic_user_1170,2022,Nuclear Physics,PROSTAFF
synthetic_repo_067,synthetic_user_1177,2022,Nuclear Physics,PROSTAFF
synthetic_repo_068,synthetic_user_0025,2022,Nuclear Physics,POSTDOC
synthetic_repo_068,synthetic_user_0028,2022,Nuclear Physics,SCIENTST
synthetic_repo_068,synthetic_user_0050,2022,Nuclear Physics,POSTDOC
synthetic_repo_068,synthetic_user_0068,2022,Nuclear Physics,FACULTY
synthetic_repo_068,synthetic_user_0080,2022,Nuclear Physics,GRADUATE
synthetic_repo_068,synthetic_user_0192,2022,Nuclear Physics,POSTDOC
synthetic_repo_068,synthetic_user_0198,2022,Nuclear Physics,GRADUATE
synthetic_repo_068,synthetic_user_0222,2022,Nuclear Physics,UNDRGRAD
synthetic_repo_068,synthetic_user_0231,2022,Nuclear Physics,FACULTY
synthetic_repo_068,synthetic_user_0256,2022,Nuclear Physics,FACULTY
synthetic_repo_068,synthetic_user_0339,2022,Nuclear Physics,SCIENTST
synthetic_repo_068,synthetic_user_0375,2022,Nuclear Physics,POSTDOC
synthetic_repo_068,synthetic_user_0527,2022,Nuclear Physics,PROSTAFF
synthetic_repo_068,synthetic_user_0677,2022,Nuclear Physics,FACULTY
synthetic_repo_068,synthetic_user_0696,2022,Nuclear Physics,FACULTY
synthetic_repo_068,synthetic_user_0817,2022,Nuclear Physics,PROSTAFF
synthetic_repo_068,synthetic_user_0876,2022,Nuclear Physics,GRADUATE
synthetic_repo_068,synthetic_user_0891,2022,Nuclear Physics,GRADUATE
synthetic_repo_068,synthetic_user_0929,2022,Nuclear Physics,GRADUATE
synthetic_repo_068,synthetic_user_0951,2022,Nuclear Physics,GRADUATE
synthetic_repo_068,synthetic_user_0957,2022,Nuclear Physics,SCIENTST
synthetic_repo_068,synthetic_user_0988,2022,Nuclear Physics,SCIENTST
synthetic_repo_068,synthetic_user_1074,2022,Nuclear Physics,POSTDOC
synthetic_repo_068,synthetic_user_1115,2022,Nuclear Physics,GRADUATE
synthetic_repo_068,synthetic_user_1177,2022,Nuclear Physics,PROSTAFF
synthetic_repo_069,synthetic_user_0021,2022,Nuclear Physics,OTHER
synthetic_repo_069,synthetic_user_0022,2022,Nuclear Physics,GRADUATE
synthetic_repo_069,synthetic_user_0033,2022,Nuclear Physics,SCIENTST
synthetic_repo_069,synthetic_user_0050,2022,Nuclear Physics,POSTDOC
synthetic_repo_069,synthetic_user_0054,2022,Nuclear Physics,PROSTAFF
synthetic_repo_069,synthetic_user_0061,2022,Nuclear Physics,POSTDOC
synthetic_repo_069,synthetic_user_0069,2022,Nuclear Physics,FACULTY
synthetic_repo_069,synthetic_user_0137,2022,Nuclear Physics,FACULTY
synthetic_repo_069,synthetic_user_0222,2022,Nuclear Physics,UNDRGRAD
synthetic_repo_069,synthetic_user_0231,2022,Nuclear Physics,FACULTY
synthetic_repo_069,synthetic_user_0292,2022,Nuclear Physics,PROSTAFF
synthetic_repo_069,synthetic_user_0320,2022,Nuclear Physics,PROSTAFF
synthetic_repo_069,synthetic_user_0339,2022,Nuclear Physics,SCIENTST
synthetic_repo_069,synthetic_user_0389,2022,Nuclear Physics,SCIENTST
synthetic_repo_069,synthetic_user_0524,2022,Nuclear Physics,POSTDOC
synthetic_repo_069,synthetic_user_0564,2022,Nuclear Physics,SCIENTST
synthetic_repo_069,synthetic_user_0596,2022,Nuclear Physics,POSTDOC
synthetic_repo_069,synthetic_user_0660,2022,Nuclear Physics,PROSTAFF
synthetic_repo_069,synthetic_user_0670,2022,Nuclear Physics,PROSTAFF
synthetic_repo_069,synthetic_user_0706,2022,Nuclear Physics,SCIENTST
synthetic_repo_069,synthetic_user_0710,2022,Nuclear Physics,SCIENTST
synthetic_repo_069,synthetic_user_0738,2022,Nuclear Physics,GRADUATE
synthetic_repo_069,synthetic_user_0779,2022,Nuclear Physics,PROSTAFF
synthetic_repo_069,synthetic_user_0789,2022,Nuclear Physics,SCIENTST
synthetic_repo_069,synthetic_user_0817,2022,Nuclear Physics,PROSTAFF
synthetic_repo_069,synthetic_user_0818,2022,Nuclear Physics,SCIENTST
synthetic_repo_069,synthetic_user_0856,2022,Nuclear Physics,GRADUATE
synthetic_repo_069,synthetic_user_0876,2022,Nuclear Physics,GRADUATE
synthetic_repo_069,synthetic_user_0900,2022,Nuclear Physics,FACULTY
synthetic_repo_069,synthetic_user_0929,2022,Nuclear Physics,GRADUATE
synthetic_repo_069,synthetic_user_0936,2022,Nuclear Physics,FACULTY
synthetic_repo_069,synthetic_user_0951,2022,Nuclear Physics,GRADUATE
synthetic_repo_069,synthetic_user_0964,2022,Nuclear Physics,FACULTY
synthetic_repo_069,synthetic_user_1027,2022,Nuclear Physics,FACULTY
synthetic_repo_069,synthetic_user_1094,2022,Nuclear Physics,UNDRGRAD
synthetic_repo_069,synthetic_user_1115,2022,Nuclear Physics,GRADUATE
synthetic_repo_069,synthetic_user_1130,2022,Nuclear Physics,PROSTAFF
synthetic_repo_069,synthetic_user_1139,2022,Nuclear Physics,PROSTAFF
synthetic_repo_069,synthetic_user_1146,2022,Nuclear Physics,UNDRGRAD
synthetic_repo_069,synthetic_user_1177,2022,Nuclear Physics,PROSTAFF
synthetic_repo_070,synthetic_user_0022,2022,Nuclear Physics,GRADUATE
synthetic_repo_070,synthetic_user_0025,2022,Nuclear Physics,POSTDOC
synthetic_repo_070,synthetic_user_0050,2022,Nuclear Physics,POSTDOC
synthetic_repo_070,synthetic_user_0054,2022,Nuclear Physics,PROSTAFF
synthetic_repo_070,synthetic_user_0068,2022,Nuclear Physics,FACULTY
synthetic_repo_070,synthetic_user_0080,2022,Nuclear Physics,GRADUATE
synthetic_repo_070,synthetic_user_0104,2022,Nuclear Physics,GRADUATE
synthetic_repo_070,synthetic_user_0139,2022,Nuclear Physics,POSTDOC
synthetic_repo_070,synthetic_user_0181,2022,Nuclear Physics,POSTDOC
synthetic_repo_070,synthetic_user_0198,2022,Nuclear Physics,GRADUATE
synthetic_repo_070,synthetic_user_0212,2022,Nuclear Physics,PROSTAFF
synthetic_repo_070,synthetic_user_0219,2022,Nuclear Physics,FACULTY
synthetic_repo_070,synthetic_user_0222,2022,Nuclear Physics,UNDRGRAD
synthetic_repo_070,synthetic_user_0231,2022,Nuclear Physics,FACULTY
synthetic_repo_070,synthetic_user_0301,2022,Nuclear Physics,FACULTY
synthetic_repo_070,synthetic_user_0320,2022,Nuclear Physics,PROSTAFF
synthetic_repo_070,synthetic_user_0339,2022,Nuclear Physics,SCIENTST
synthetic_repo_070,synthetic_user_0375,2022,Nuclear Physics,POSTDOC
synthetic_repo_070,synthetic_user_0409,2022,Nuclear Physics,GRADUATE
synthetic_repo_070,synthetic_user_0527,2022,Nuclear Physics,PROSTAFF
synthetic_repo_070,synthetic_user_0576,2022,Nuclear Physics,PROSTAFF
synthetic_repo_070,synthetic_user_0610,2022,Nuclear Physics,OTHER
synthetic_repo_070,synthetic_user_0641,2022,Nuclear Physics,GRADUATE
synthetic_repo_070,synthetic_user_0677,2022,Nuclear Physics,FACULTY
synthetic_repo_070,synthetic_user_0696,2022,Nuclear Physics,FACULTY
synthetic_repo_070,synthetic_user_0779,2022,Nuclear Physics,PROSTAFF
synthetic_repo_070,synthetic_user_0802,2022,Nuclear Physics,POSTDOC
synthetic_repo_070,synthetic_user_0807,2022,Nuclear Physics,GRADUATE
synthetic_repo_070,synthetic_user_0811,2022,Nuclear Physics,SCIENTST
synthetic_repo_070,synthetic_user_0817,2022,Nuclear Physics,PROSTAFF
synthetic_repo_070,synthetic_user_0828,2022,Nuclear Physics,POSTDOC
synthetic_repo_070,synthetic_user_0856,2022,Nuclear Physics,GRADUATE
synthetic_repo_070,synthetic_user_0861,2022,Nuclear Physics,UNDRGRAD
synthetic_repo_070,synthetic_user_0870,2022,Nuclear Physics,FACULTY
synthetic_repo_070,synthetic_user_0881,2022,Nuclear Physics,PROSTAFF
synthetic_repo_070,synthetic_user_0900,2022,Nuclear Physics,FACULTY
synthetic_repo_070,synthetic_user_0902,2022,Nuclear Physics,POSTDOC
synthetic_repo_070,synthetic_user_0929,2022,Nuclear Physics,GRADUATE
synthetic_repo_070,synthetic_user_0951,2022,Nuclear Physics,GRADUATE
synthetic_repo_070,synthetic_user_0988,2022,Nuclear Physics,SCIENTST
synthetic_repo_070,synthetic_user_0989,2022,Nuclear Physics,OTHER
synthetic_repo_070,synthetic_user_1027,2022,Nuclear Physics,FACULTY
synthetic_repo_070,synthetic_user_1074,2022,Nuclear Physics,POSTDOC
synthetic_repo_070,synthetic_user_1094,2022,Nuclear Physics,UNDRGRAD
synthetic_repo_070,synthetic_user_1107,2022,Nuclear Physics,PROSTAFF
synthetic_repo_070,synthetic_user_1168,2022,Nuclear Physics,POSTDOC
synthetic_repo_070,synthetic_user_1177,2022,Nuclear Physics,PROSTAFF
synthetic_repo_070,synthetic_user_1188,2022,Nuclear Physics,UNDRGRAD
synthetic_repo_071,synthetic_user_0114,2022,ASCR Leadership Computing Challenge,POSTDOC
synthetic_repo_071,synthetic_user_0394,2022,ASCR Leadership Computing Challenge,POSTDOC
synthetic_repo_071,synthetic_user_0693,2022,ASCR Leadership Computing Challenge,POSTDOC
synthetic_repo_071,synthetic_user_0746,2022,ASCR Leadership Computing Challenge,FACULTY
synthetic_repo_072,synthetic_user_0175,2022,ASCR Leadership Computing Challenge,SCIENTST
synthetic_repo_072,synthetic_user_0358,2022,ASCR Leadership Computing Challenge,PROSTAFF
synthetic_repo_072,synthetic_user_0619,2022,ASCR Leadership Computing Challenge,POSTDOC
synthetic_repo_072,synthetic_user_0724,2022,ASCR Leadership Computing Challenge,UNDRGRAD
synthetic_repo_072,synthetic_user_0887,2022,ASCR Leadership Computing Challenge,FACULTY
synthetic_repo_072,synthetic_user_0925,2022,ASCR Leadership Computing Challenge,PROSTAFF
synthetic_repo_072,synthetic_user_1124,2022,ASCR Leadership Computing Challenge,GRADUATE
synthetic_repo_072,synthetic_user_1174,2022,ASCR Leadership Computing Challenge,SCIENTST
synthetic_repo_074,synthetic_user_0037,2022,ASCR Leadership Computing Challenge,PROSTAFF
synthetic_repo_074,synthetic_user_0267,2022,ASCR Leadership Computing Challenge,SCIENTST
synthetic_repo_074,synthetic_user_0359,2022,ASCR Leadership Computing Challenge,PROSTAFF
synthetic_repo_074,synthetic_user_0394,2022,ASCR Leadership Computing Challenge,POSTDOC
synthetic_repo_074,synthetic_user_0441,2022,ASCR Leadership Computing Challenge,POSTDOC
synthetic_repo_074,synthetic_user_0508,2022,ASCR Leadership Computing Challenge,FACULTY
synthetic_repo_074,synthetic_user_0509,2022,ASCR Leadership Computing Challenge,OTHER
synthetic_repo_074,synthetic_user_0725,2022,ASCR Leadership Computing Challenge,SCIENTST
synthetic_repo_074,synthetic_user_0744,2022,ASCR Leadership Computing Challenge,UNDRGRAD
synthetic_repo_074,synthetic_user_0759,2022,ASCR Leadership Computing Challenge,PROSTAFF
synthetic_repo_074,synthetic_user_0839,2022,ASCR Leadership Computing Challenge,OTHER
synthetic_repo_074,synthetic_user_0970,2022,ASCR Leadership Computing Challenge,GRADUATE
synthetic_repo_074,synthetic_user_1139,2022,ASCR Leadership Computing Challenge,PROSTAFF
synthetic_repo_075,synthetic_user_0037,2022,ASCR Leadership Computing Challenge,PROSTAFF
synthetic_repo_075,synthetic_user_0074,2022,ASCR Leadership Computing Challenge,GRADUATE
synthetic_repo_075,synthetic_user_0113,2022,ASCR Leadership Computing Challenge,FACULTY
synthetic_repo_075,synthetic_user_0129,2022,ASCR Leadership Computing Challenge,SCIENTST
synthetic_repo_075,synthetic_user_0175,2022,ASCR Leadership Computing Challenge,SCIENTST
synthetic_repo_075,synthetic_user_0267,2022,ASCR Leadership Computing Challenge,SCIENTST
synthetic_repo_075,synthetic_user_0287,2022,ASCR Leadership Computing Challenge,OTHER
synthetic_repo_075,synthetic_user_0394,2022,ASCR Leadership Computing Challenge,POSTDOC
synthetic_repo_075,synthetic_user_0441,2022,ASCR Leadership Computing Challenge,POSTDOC
synthetic_repo_075,synthetic_user_0603,2022,ASCR Leadership Computing Challenge,POSTDOC
synthetic_repo_075,synthetic_user_0612,2022,ASCR Leadership Computing Challenge,FACULTY
synthetic_repo_075,synthetic_user_0725,2022,ASCR Leadership Computing Challenge,SCIENTST
synthetic_repo_075,synthetic_user_0925,2022,ASCR Leadership Computing Challenge,PROSTAFF
synthetic_repo_075,synthetic_user_1025,2022,ASCR Leadership Computing Challenge,OTHER
synthetic_repo_076,synthetic_user_0037,2022,ASCR Leadership Computing Challenge,PROSTAFF
synthetic_repo_076,synthetic_user_0063,2022,ASCR Leadership Computing Challenge,FACULTY
synthetic_repo_076,synthetic_user_0108,2022,ASCR Leadership Computing Challenge,SCIENTST
synthetic_repo_076,synthetic_user_0114,2022,ASCR Leadership Computing Challenge,POSTDOC
synthetic_repo_076,synthetic_user_0257,2022,ASCR Leadership Computing Challenge,POSTDOC
synthetic_repo_076,synthetic_user_0267,2022,ASCR Leadership Computing Challenge,SCIENTST
synthetic_repo_076,synthetic_user_0287,2022,ASCR Leadership Computing Challenge,OTHER
synthetic_repo_076,synthetic_user_0312,2022,ASCR Leadership Computing Challenge,FACULTY
synthetic_repo_076,synthetic_user_0359,2022,ASCR Leadership Computing Challenge,PROSTAFF
synthetic_repo_076,synthetic_user_0368,2022,ASCR Leadership Computing Challenge,PROSTAFF
synthetic_repo_076,synthetic_user_0394,2022,ASCR Leadership Computing Challenge,POSTDOC
synthetic_repo_076,synthetic_user_0441,2022,ASCR Leadership Computing Challenge,POSTDOC
synthetic_repo_076,synthetic_user_0498,2022,ASCR Leadership Computing Challenge,POSTDOC
synthetic_repo_076,synthetic_user_0612,2022,ASCR Leadership Computing Challenge,FACULTY
synthetic_repo_076,synthetic_user_0685,2022,ASCR Leadership Computing Challenge,SCIENTST
synthetic_repo_076,synthetic_user_0725,2022,ASCR Leadership Computing Challenge,SCIENTST
synthetic_repo_076,synthetic_user_0741,2022,ASCR Leadership Computing Challenge,GRADUATE
synthetic_repo_076,synthetic_user_0744,2022,ASCR Leadership Computing Challenge,UNDRGRAD
synthetic_repo_076,synthetic_user_0759,2022,ASCR Leadership Computing Challenge,PROSTAFF
synthetic_repo_076,synthetic_user_1000,2022,ASCR Leadership Computing Challenge,POSTDOC
synthetic_repo_076,synthetic_user_1081,2022,ASCR Leadership Computing Challenge,POSTDOC
synthetic_repo_076,synthetic_user_1139,2022,ASCR Leadership Computing Challenge,PROSTAFF
synthetic_repo_076,synthetic_user_1174,2022,ASCR Leadership Computing Challenge,SCIENTST
synthetic_repo_077,synthetic_user_0037,2022,ASCR Leadership Computing Challenge,PROSTAFF
synthetic_repo_077,synthetic_user_0175,2022,ASCR Leadership Computing Challenge,SCIENTST
synthetic_repo_077,synthetic_user_0287,2022,ASCR Leadership Computing Challenge,OTHER
synthetic_repo_077,synthetic_user_0312,2022,ASCR Leadership Computing Challenge,FACULTY
synthetic_repo_077,synthetic_user_0393,2022,ASCR Leadership Computing Challenge,POSTDOC
synthetic_repo_077,synthetic_user_0498,2022,ASCR Leadership Computing Challenge,POSTDOC
synthetic_repo_077,synthetic_user_0566,2022,ASCR Leadership Computing Challenge,UNDRGRAD
synthetic_repo_077,synthetic_user_0619,2022,ASCR Leadership Computing Challenge,POSTDOC
synthetic_repo_077,synthetic_user_0631,2022,ASCR Leadership Computing Challenge,POSTDOC
synthetic_repo_077,synthetic_user_0724,2022,ASCR Leadership Computing Challenge,UNDRGRAD
synthetic_repo_077,synthetic_user_0744,2022,ASCR Leadership Computing Challenge,UNDRGRAD
synthetic_repo_077,synthetic_user_0746,2022,ASCR Leadership Computing Challenge,FACULTY
synthetic_repo_077,synthetic_user_0749,2022,ASCR Leadership Computing Challenge,GRADUATE
synthetic_repo_077,synthetic_user_0759,2022,ASCR Leadership Computing Challenge,PROSTAFF
synthetic_repo_077,synthetic_user_0787,2022,ASCR Leadership Computing Challenge,POSTDOC
synthetic_repo_077,synthetic_user_0887,2022,ASCR Leadership Computing Challenge,FACULTY
synthetic_repo_077,synthetic_user_0925,2022,ASCR Leadership Computing Challenge,PROSTAFF
synthetic_repo_077,synthetic_user_0972,2022,ASCR Leadership Computing Challenge,GRADUATE
synthetic_repo_077,synthetic_user_1054,2022,ASCR Leadership Computing Challenge,FACULTY
synthetic_repo_077,synthetic_user_1139,2022,ASCR Leadership Computing Challenge,PROSTAFF
synthetic_repo_077,synthetic_user_1174,2022,ASCR Leadership Computing Challenge,SCIENTST
synthetic_repo_078,synthetic_user_0074,2022,ASCR Leadership Computing Challenge,GRADUATE
synthetic_repo_078,synthetic_user_0108,2022,ASCR Leadership Computing Challenge,SCIENTST
synthetic_repo_078,synthetic_user_0168,2022,ASCR Leadership Computing Challenge,SCIENTST
synthetic_repo_078,synthetic_user_0171,2022,ASCR Leadership Computing Challenge,UNDRGRAD
synthetic_repo_078,synthetic_user_0194,2022,ASCR Leadership Computing Challenge,UNDRGRAD
synthetic_repo_078,synthetic_user_0230,2022,ASCR Leadership Computing Challenge,UNDRGRAD
synthetic_repo_078,synthetic_user_0267,2022,ASCR Leadership Computing Challenge,SCIENTST
synthetic_repo_078,synthetic_user_0287,2022,ASCR Leadership Computing Challenge,OTHER
synthetic_repo_078,synthetic_user_0368,2022,ASCR Leadership Computing Challenge,PROSTAFF
synthetic_repo_078,synthetic_user_0388,2022,ASCR Leadership Computing Challenge,SCIENTST
synthetic_repo_078,synthetic_user_0394,2022,ASCR Leadership Computing Challenge,POSTDOC
synthetic_repo_078,synthetic_user_0441,2022,ASCR Leadership Computing Challenge,POSTDOC
synthetic_repo_078,synthetic_user_0566,2022,ASCR Leadership Computing Challenge,UNDRGRAD
synthetic_repo_078,synthetic_user_0603,2022,ASCR Leadership Computing Challenge,POSTDOC
synthetic_repo_078,synthetic_user_0619,2022,ASCR Leadership Computing Challenge,POSTDOC
synthetic_repo_078,synthetic_user_0631,2022,ASCR Leadership Computing Challenge,POSTDOC
synthetic_repo_078,synthetic_user_0693,2022,ASCR Leadership Computing Challenge,POSTDOC
synthetic_repo_078,synthetic_user_0724,2022,ASCR Leadership Computing Challenge,UNDRGRAD
synthetic_repo_078,synthetic_user_0725,2022,ASCR Leadership Computing Challenge,SCIENTST
synthetic_repo_078,synthetic_user_0741,2022,ASCR Leadership Computing Challenge,GRADUATE
synthetic_repo_078,synthetic_user_0744,2022,ASCR Leadership Computing Challenge,UNDRGRAD
synthetic_repo_078,synthetic_user_0746,2022,ASCR Leadership Computing Challenge,FACULTY
synthetic_repo_078,synthetic_user_0887,2022,ASCR Leadership Computing Challenge,FACULTY
synthetic_repo_078,synthetic_user_0925,2022,ASCR Leadership Computing Challenge,PROSTAFF
synthetic_repo_078,synthetic_user_1025,2022,ASCR Leadership Computing Challenge,OTHER
synthetic_repo_078,synthetic_user_1081,2022,ASCR Leadership Computing Challenge,POSTDOC
synthetic_repo_078,synthetic_user_1139,2022,ASCR Leadership Computing Challenge,PROSTAFF
synthetic_repo_078,synthetic_user_1140,2022,ASCR Leadership Computing Challenge,OTHER
synthetic_repo_079,synthetic_user_0047,2022,ASCR Leadership Computing Challenge,PROSTAFF
synthetic_repo_079,synthetic_user_0063,2022,ASCR Leadership Computing Challenge,FACULTY
synthetic_repo_079,synthetic_user_0108,2022,ASCR Leadership Computing Challenge,SCIENTST
synthetic_repo_079,synthetic_user_0113,2022,ASCR Leadership Computing Challenge,FACULTY
synthetic_repo_079,synthetic_user_0114,2022,ASCR Leadership Computing Challenge,POSTDOC
synthetic_repo_079,synthetic_user_0171,2022,ASCR Leadership Computing Challenge,UNDRGRAD
synthetic_repo_079,synthetic_user_0230,2022,ASCR Leadership Computing Challenge,UNDRGRAD
synthetic_repo_079,synthetic_user_0257,2022,ASCR Leadership Computing Challenge,POSTDOC
synthetic_repo_079,synthetic_user_0261,2022,ASCR Leadership Computing Challenge,FACULTY
synthetic_repo_079,synthetic_user_0267,2022,ASCR Leadership Computing Challenge,SCIENTST
synthetic_repo_079,synthetic_user_0312,2022,ASCR Leadership Computing Challenge,FACULTY
synthetic_repo_079,synthetic_user_0359,2022,ASCR Leadership Computing Challenge,PROSTAFF
synthetic_repo_079,synthetic_user_0393,2022,ASCR Leadership Computing Challenge,POSTDOC
synthetic_repo_079,synthetic_user_0394,2022,ASCR Leadership Computing Challenge,POSTDOC
synthetic_repo_079,synthetic_user_0441,2022,ASCR Leadership Computing Challenge,POSTDOC
synthetic_repo_079,synthetic_user_0481,2022,ASCR Leadership Computing Challenge,POSTDOC
synthetic_repo_079,synthetic_user_0508,2022,ASCR Leadership Computing Challenge,FACULTY
synthetic_repo_079,synthetic_user_0562,2022,ASCR Leadership Computing Challenge,UNDRGRAD
synthetic_repo_079,synthetic_user_0566,2022,ASCR Leadership Computing Challenge,UNDRGRAD
synthetic_repo_079,synthetic_user_0568,2022,ASCR Leadership Computing Challenge,POSTDOC
synthetic_repo_079,synthetic_user_0597,2022,ASCR Leadership Computing Challenge,OTHER
synthetic_repo_079,synthetic_user_0631,2022,ASCR Leadership Computing Challenge,POSTDOC
synthetic_repo_079,synthetic_user_0637,2022,ASCR Leadership Computing Challenge,PROSTAFF
synthetic_repo_079,synthetic_user_0675,2022,ASCR Leadership Computing Challenge,SCIENTST
synthetic_repo_079,synthetic_user_0693,2022,ASCR Leadership Computing Challenge,POSTDOC
synthetic_repo_079,synthetic_user_0724,2022,ASCR Leadership Computing Challenge,UNDRGRAD
synthetic_repo_079,synthetic_user_0725,2022,ASCR Leadership Computing Challenge,SCIENTST
synthetic_repo_079,synthetic_user_0741,2022,ASCR Leadership Computing Challenge,GRADUATE
synthetic_repo_079,synthetic_user_0744,2022,ASCR Leadership Computing Challenge,UNDRGRAD
synthetic_repo_079,synthetic_user_0746,2022,ASCR Leadership Computing Challenge,FACULTY
synthetic_repo_079,synthetic_user_0839,2022,ASCR Leadership Computing Challenge,OTHER
synthetic_repo_079,synthetic_user_0874,2022,ASCR Leadership Computing Challenge,NONE
synthetic_repo_079,synthetic_user_0887,2022,ASCR Leadership Computing Challenge,FACULTY
synthetic_repo_079,synthetic_user_0925,2022,ASCR Leadership Computing Challenge,PROSTAFF
synthetic_repo_079,synthetic_user_0955,2022,ASCR Leadership Computing Challenge,FACULTY
synthetic_repo_079,synthetic_user_0970,2022,ASCR Leadership Computing Challenge,GRADUATE
synthetic_repo_079,synthetic_user_0972,2022,ASCR Leadership Computing Challenge,GRADUATE
synthetic_repo_079,synthetic_user_0990,2022,ASCR Leadership Computing Challenge,GRADUATE
synthetic_repo_079,synthetic_user_1000,2022,ASCR Leadership Computing Challenge,POSTDOC
synthetic_repo_079,synthetic_user_1025,2022,ASCR Leadership Computing Challenge,OTHER
synthetic_repo_079,synthetic_user_1054,2022,ASCR Leadership Computing Challenge,FACULTY
synthetic_repo_079,synthetic_user_1140,2022,ASCR Leadership Computing Challenge,OTHER
synthetic_repo_079,synthetic_user_1149,2022,ASCR Leadership Computing Challenge,POSTDOC
synthetic_repo_080,synthetic_user_0004,2022,ASCR Leadership Computing Challenge,PROSTAFF
synthetic_repo_080,synthetic_user_0037,2022,ASCR Leadership Computing Challenge,PROSTAFF
synthetic_repo_080,synthetic_user_0063,2022,ASCR Leadership Computing Challenge,FACULTY
synthetic_repo_080,synthetic_user_0074,2022,ASCR Leadership Computing Challenge,GRADUATE
synthetic_repo_080,synthetic_user_0108,2022,ASCR Leadership Computing Challenge,SCIENTST
synthetic_repo_080,synthetic_user_0113,2022,ASCR Leadership Computing Challenge,FACULTY
synthetic_repo_080,synthetic_user_0114,2022,ASCR Leadership Computing Challenge,POSTDOC
synthetic_repo_080,synthetic_user_0138,2022,ASCR Leadership Computing Challenge,FACULTY
synthetic_repo_080,synthetic_user_0175,2022,ASCR Leadership Computing Challenge,SCIENTST
synthetic_repo_080,synthetic_user_0264,2022,ASCR Leadership Computing Challenge,SCIENTST
synthetic_repo_080,synthetic_user_0267,2022,ASCR Leadership Computing Challenge,SCIENTST
synthetic_repo_080,synthetic_user_0287,2022,ASCR Leadership Computing Challenge,OTHER
synthetic_repo_080,synthetic_user_0309,2022,ASCR Leadership Computing Challenge,GRADUATE
synthetic_repo_080,synthetic_user_0356,2022,ASCR Leadership Computing Challenge,POSTDOC
synthetic_repo_080,synthetic_user_0359,2022,ASCR Leadership Computing Challenge,PROSTAFF
synthetic_repo_080,synthetic_user_0368,2022,ASCR Leadership Computing Challenge,PROSTAFF
synthetic_repo_080,synthetic_user_0394,2022,ASCR Leadership Computing Challenge,POSTDOC
synthetic_repo_080,synthetic_user_0441,2022,ASCR Leadership Computing Challenge,POSTDOC
synthetic_repo_080,synthetic_user_0466,2022,ASCR Leadership Computing Challenge,POSTDOC
synthetic_repo_080,synthetic_user_0476,2022,ASCR Leadership Computing Challenge,GRADUATE
synthetic_repo_080,synthetic_user_0481,2022,ASCR Leadership Computing Challenge,POSTDOC
synthetic_repo_080,synthetic_user_0498,2022,ASCR Leadership Computing Challenge,POSTDOC
synthetic_repo_080,synthetic_user_0560,2022,ASCR Leadership Computing Challenge,PROSTAFF
synthetic_repo_080,synthetic_user_0562,2022,ASCR Leadership Computing Challenge,UNDRGRAD
synthetic_repo_080,synthetic_user_0597,2022,ASCR Leadership Computing Challenge,OTHER
synthetic_repo_080,synthetic_user_0601,2022,ASCR Leadership Computing Challenge,PROSTAFF
synthetic_repo_080,synthetic_user_0612,2022,ASCR Leadership Computing Challenge,FACULTY
synthetic_repo_080,synthetic_user_0619,2022,ASCR Leadership Computing Challenge,POSTDOC
synthetic_repo_080,synthetic_user_0637,2022,ASCR Leadership Computing Challenge,PROSTAFF
synthetic_repo_080,synthetic_user_0685,2022,ASCR Leadership Computing Challenge,SCIENTST
synthetic_repo_080,synthetic_user_0693,2022,ASCR Leadership Computing Challenge,POSTDOC
synthetic_repo_080,synthetic_user_0724,2022,ASCR Leadership Computing Challenge,UNDRGRAD
synthetic_repo_080,synthetic_user_0725,2022,ASCR Leadership Computing Challenge,SCIENTST
synthetic_repo_080,synthetic_user_0741,2022,ASCR Leadership Computing Challenge,GRADUATE
synthetic_repo_080,synthetic_user_0744,2022,ASCR Leadership Computing Challenge,UNDRGRAD
synthetic_repo_080,synthetic_user_0746,2022,ASCR Leadership Computing Challenge,FACULTY
synthetic_repo_080,synthetic_user_0749,2022,ASCR Leadership Computing Challenge,GRADUATE
synthetic_repo_080,synthetic_user_0759,2022,ASCR Leadership Computing Challenge,PROSTAFF
synthetic_repo_080,synthetic_user_0787,2022,ASCR Leadership Computing Challenge,POSTDOC
synthetic_repo_080,synthetic_user_0795,2022,ASCR Leadership Computing Challenge,OTHER
synthetic_repo_080,synthetic_user_0839,2022,ASCR Leadership Computing Challenge,OTHER
synthetic_repo_080,synthetic_user_0867,2022,ASCR Leadership Computing Challenge,FACULTY
synthetic_repo_080,synthetic_user_0887,2022,ASCR Leadership Computing Challenge,FACULTY
synthetic_repo_080,synthetic_user_0925,2022,ASCR Leadership Computing Challenge,PROSTAFF
synthetic_repo_080,synthetic_user_0955,2022,ASCR Leadership Computing Challenge,FACULTY
synthetic_repo_080,synthetic_user_0970,2022,ASCR Leadership Computing Challenge,GRADUATE
synthetic_repo_080,synthetic_user_0990,2022,ASCR Leadership Computing Challenge,GRADUATE
synthetic_repo_080,synthetic_user_1000,2022,ASCR Leadership Computing Challenge,POSTDOC
synthetic_repo_080,synthetic_user_1025,2022,ASCR Leadership Computing Challenge,OTHER
synthetic_repo_080,synthetic_user_1031,2022,ASCR Leadership Computing Challenge,SCIENTST
synthetic_repo_080,synthetic_user_1121,2022,ASCR Leadership Computing Challenge,NONE
synthetic_repo_080,synthetic_user_1174,2022,ASCR Leadership Computing Challenge,SCIENTST
synthetic_singleton_repo_03,synthetic_user_1195,2022,NERSC Directors Reserve,PROSTAFF
synthetic_micro_repo_007,synthetic_user_0116,2023,Basic Energy Sciences,POSTDOC
synthetic_micro_repo_007,synthetic_user_0546,2023,Basic Energy Sciences,POSTDOC
synthetic_micro_repo_037,synthetic_user_0142,2023,Advanced Scientific Computing Research,PROSTAFF
synthetic_micro_repo_037,synthetic_user_1185,2023,Advanced Scientific Computing Research,FACULTY
synthetic_micro_repo_046,synthetic_user_0440,2023,Fusion Energy Sciences,GRADUATE
synthetic_micro_repo_046,synthetic_user_0949,2023,Fusion Energy Sciences,FACULTY
synthetic_micro_repo_053,synthetic_user_0132,2023,Nuclear Physics,SCIENTST
synthetic_micro_repo_053,synthetic_user_0567,2023,Nuclear Physics,FACULTY
synthetic_micro_repo_060,synthetic_user_0169,2023,ASCR Leadership Computing Challenge,SCIENTST
synthetic_micro_repo_060,synthetic_user_1092,2023,ASCR Leadership Computing Challenge,SCIENTST
synthetic_repo_001,synthetic_user_0090,2023,Basic Energy Sciences,PROSTAFF
synthetic_repo_001,synthetic_user_0386,2023,Basic Energy Sciences,GRADUATE
synthetic_repo_001,synthetic_user_0428,2023,Basic Energy Sciences,PROSTAFF
synthetic_repo_001,synthetic_user_0438,2023,Basic Energy Sciences,UNDRGRAD
synthetic_repo_001,synthetic_user_1018,2023,Basic Energy Sciences,GRADUATE
synthetic_repo_002,synthetic_user_0205,2023,Basic Energy Sciences,SCIENTST
synthetic_repo_002,synthetic_user_0438,2023,Basic Energy Sciences,UNDRGRAD
synthetic_repo_002,synthetic_user_0463,2023,Basic Energy Sciences,GRADUATE
synthetic_repo_002,synthetic_user_0547,2023,Basic Energy Sciences,SCIENTST
synthetic_repo_002,synthetic_user_0764,2023,Basic Energy Sciences,POSTDOC
synthetic_repo_002,synthetic_user_1016,2023,Basic Energy Sciences,FACULTY
synthetic_repo_002,synthetic_user_1017,2023,Basic Energy Sciences,FACULTY
synthetic_repo_003,synthetic_user_0005,2023,Basic Energy Sciences,PROSTAFF
synthetic_repo_003,synthetic_user_0040,2023,Basic Energy Sciences,POSTDOC
synthetic_repo_003,synthetic_user_0640,2023,Basic Energy Sciences,NONE
synthetic_repo_003,synthetic_user_0656,2023,Basic Energy Sciences,FACULTY
synthetic_repo_003,synthetic_user_0673,2023,Basic Energy Sciences,GRADUATE
synthetic_repo_003,synthetic_user_0860,2023,Basic Energy Sciences,PROSTAFF
synthetic_repo_003,synthetic_user_0920,2023,Basic Energy Sciences,PROSTAFF
synthetic_repo_003,synthetic_user_0922,2023,Basic Energy Sciences,POSTDOC
synthetic_repo_003,synthetic_user_1119,2023,Basic Energy Sciences,PROSTAFF
synthetic_repo_004,synthetic_user_0015,2023,Basic Energy Sciences,GRADUATE
synthetic_repo_004,synthetic_user_0059,2023,Basic Energy Sciences,PROSTAFF
synthetic_repo_004,synthetic_user_0148,2023,Basic Energy Sciences,FACULTY
synthetic_repo_004,synthetic_user_0280,2023,Basic Energy Sciences,FACULTY
synthetic_repo_004,synthetic_user_0337,2023,Basic Energy Sciences,SCIENTST
synthetic_repo_004,synthetic_user_0621,2023,Basic Energy Sciences,POSTDOC
synthetic_repo_004,synthetic_user_0640,2023,Basic Energy Sciences,NONE
synthetic_repo_004,synthetic_user_0864,2023,Basic Energy Sciences,POSTDOC
synthetic_repo_004,synthetic_user_0906,2023,Basic Energy Sciences,GRADUATE
synthetic_repo_004,synthetic_user_1015,2023,Basic Energy Sciences,GRADUATE
synthetic_repo_004,synthetic_user_1137,2023,Basic Energy Sciences,UNDRGRAD
synthetic_repo_005,synthetic_user_0016,2023,Basic Energy Sciences,GRADUATE
synthetic_repo_005,synthetic_user_0160,2023,Basic Energy Sciences,SCIENTST
synthetic_repo_005,synthetic_user_0398,2023,Basic Energy Sciences,OTHER
synthetic_repo_005,synthetic_user_0463,2023,Basic Energy Sciences,GRADUATE
synthetic_repo_005,synthetic_user_0511,2023,Basic Energy Sciences,GRADUATE
synthetic_repo_005,synthetic_user_0520,2023,Basic Energy Sciences,POSTDOC
synthetic_repo_005,synthetic_user_0555,2023,Basic Energy Sciences,GRADUATE
synthetic_repo_005,synthetic_user_0864,2023,Basic Energy Sciences,POSTDOC
synthetic_repo_005,synthetic_user_0905,2023,Basic Energy Sciences,GRADUATE
synthetic_repo_005,synthetic_user_0920,2023,Basic Energy Sciences,PROSTAFF
synthetic_repo_005,synthetic_user_1018,2023,Basic Energy Sciences,GRADUATE
synthetic_repo_005,synthetic_user_1059,2023,Basic Energy Sciences,SCIENTST
synthetic_repo_006,synthetic_user_0015,2023,Basic Energy Sciences,GRADUATE
synthetic_repo_006,synthetic_user_0016,2023,Basic Energy Sciences,GRADUATE
synthetic_repo_006,synthetic_user_0067,2023,Basic Energy Sciences,POSTDOC
synthetic_repo_006,synthetic_user_0090,2023,Basic Energy Sciences,PROSTAFF
synthetic_repo_006,synthetic_user_0337,2023,Basic Energy Sciences,SCIENTST
synthetic_repo_006,synthetic_user_0372,2023,Basic Energy Sciences,GRADUATE
synthetic_repo_006,synthetic_user_0404,2023,Basic Energy Sciences,UNDRGRAD
synthetic_repo_006,synthetic_user_0437,2023,Basic Energy Sciences,GRADUATE
synthetic_repo_006,synthetic_user_0438,2023,Basic Energy Sciences,UNDRGRAD
synthetic_repo_006,synthetic_user_0640,2023,Basic Energy Sciences,NONE
synthetic_repo_006,synthetic_user_0709,2023,Basic Energy Sciences,PROSTAFF
synthetic_repo_006,synthetic_user_0831,2023,Basic Energy Sciences,UNDRGRAD
synthetic_repo_006,synthetic_user_0864,2023,Basic Energy Sciences,POSTDOC
synthetic_repo_006,synthetic_user_0920,2023,Basic Energy Sciences,PROSTAFF
synthetic_repo_006,synthetic_user_0922,2023,Basic Energy Sciences,POSTDOC
synthetic_repo_006,synthetic_user_1016,2023,Basic Energy Sciences,FACULTY
synthetic_repo_006,synthetic_user_1018,2023,Basic Energy Sciences,GRADUATE
synthetic_repo_006,synthetic_user_1137,2023,Basic Energy Sciences,UNDRGRAD
synthetic_repo_007,synthetic_user_0011,2023,Basic Energy Sciences,NONE
synthetic_repo_007,synthetic_user_0015,2023,Basic Energy Sciences,GRADUATE
synthetic_repo_007,synthetic_user_0067,2023,Basic Energy Sciences,POSTDOC
synthetic_repo_007,synthetic_user_0131,2023,Basic Energy Sciences,FACULTY
synthetic_repo_007,synthetic_user_0177,2023,Basic Energy Sciences,OTHER
synthetic_repo_007,synthetic_user_0328,2023,Basic Energy Sciences,PROSTAFF
synthetic_repo_007,synthetic_user_0342,2023,Basic Energy Sciences,GRADUATE
synthetic_repo_007,synthetic_user_0373,2023,Basic Energy Sciences,UNDRGRAD
synthetic_repo_007,synthetic_user_0544,2023,Basic Energy Sciences,OTHER
synthetic_repo_007,synthetic_user_0547,2023,Basic Energy Sciences,SCIENTST
synthetic_repo_007,synthetic_user_0590,2023,Basic Energy Sciences,PROSTAFF
synthetic_repo_007,synthetic_user_0621,2023,Basic Energy Sciences,POSTDOC
synthetic_repo_007,synthetic_user_0640,2023,Basic Energy Sciences,NONE
synthetic_repo_007,synthetic_user_0704,2023,Basic Energy Sciences,GRADUATE
synthetic_repo_007,synthetic_user_0820,2023,Basic Energy Sciences,PROSTAFF
synthetic_repo_007,synthetic_user_0864,2023,Basic Energy Sciences,POSTDOC
synthetic_repo_007,synthetic_user_0905,2023,Basic Energy Sciences,GRADUATE
synthetic_repo_007,synthetic_user_0920,2023,Basic Energy Sciences,PROSTAFF
synthetic_repo_007,synthetic_user_1018,2023,Basic Energy Sciences,GRADUATE
synthetic_repo_007,synthetic_user_1137,2023,Basic Energy Sciences,UNDRGRAD
synthetic_repo_008,synthetic_user_0002,2023,Basic Energy Sciences,NONE
synthetic_repo_008,synthetic_user_0011,2023,Basic Energy Sciences,NONE
synthetic_repo_008,synthetic_user_0059,2023,Basic Energy Sciences,PROSTAFF
synthetic_repo_008,synthetic_user_0073,2023,Basic Energy Sciences,SCIENTST
synthetic_repo_008,synthetic_user_0082,2023,Basic Energy Sciences,GRADUATE
synthetic_repo_008,synthetic_user_0148,2023,Basic Energy Sciences,FACULTY
synthetic_repo_008,synthetic_user_0205,2023,Basic Energy Sciences,SCIENTST
synthetic_repo_008,synthetic_user_0328,2023,Basic Energy Sciences,PROSTAFF
synthetic_repo_008,synthetic_user_0438,2023,Basic Energy Sciences,UNDRGRAD
synthetic_repo_008,synthetic_user_0511,2023,Basic Energy Sciences,GRADUATE
synthetic_repo_008,synthetic_user_0544,2023,Basic Energy Sciences,OTHER
synthetic_repo_008,synthetic_user_0555,2023,Basic Energy Sciences,GRADUATE
synthetic_repo_008,synthetic_user_0640,2023,Basic Energy Sciences,NONE
synthetic_repo_008,synthetic_user_0855,2023,Basic Energy Sciences,OTHER
synthetic_repo_008,synthetic_user_0864,2023,Basic Energy Sciences,POSTDOC
synthetic_repo_008,synthetic_user_0890,2023,Basic Energy Sciences,SCIENTST
synthetic_repo_008,synthetic_user_0905,2023,Basic Energy Sciences,GRADUATE
synthetic_repo_008,synthetic_user_0920,2023,Basic Energy Sciences,PROSTAFF
synthetic_repo_008,synthetic_user_1015,2023,Basic Energy Sciences,GRADUATE
synthetic_repo_008,synthetic_user_1017,2023,Basic Energy Sciences,FACULTY
synthetic_repo_008,synthetic_user_1018,2023,Basic Energy Sciences,GRADUATE
synthetic_repo_008,synthetic_user_1119,2023,Basic Energy Sciences,PROSTAFF
synthetic_repo_009,synthetic_user_0015,2023,Basic Energy Sciences,GRADUATE
synthetic_repo_009,synthetic_user_0016,2023,Basic Energy Sciences,GRADUATE
synthetic_repo_009,synthetic_user_0032,2023,Basic Energy Sciences,GRADUATE
synthetic_repo_009,synthetic_user_0067,2023,Basic Energy Sciences,POSTDOC
synthetic_repo_009,synthetic_user_0073,2023,Basic Energy Sciences,SCIENTST
synthetic_repo_009,synthetic_user_0104,2023,Basic Energy Sciences,GRADUATE
synthetic_repo_009,synthetic_user_0143,2023,Basic Energy Sciences,SCIENTST
synthetic_repo_009,synthetic_user_0148,2023,Basic Energy Sciences,FACULTY
synthetic_repo_009,synthetic_user_0160,2023,Basic Energy Sciences,SCIENTST
synthetic_repo_009,synthetic_user_0191,2023,Basic Energy Sciences,FACULTY
synthetic_repo_009,synthetic_user_0205,2023,Basic Energy Sciences,SCIENTST
synthetic_repo_009,synthetic_user_0280,2023,Basic Energy Sciences,FACULTY
synthetic_repo_009,synthetic_user_0285,2023,Basic Energy Sciences,PROSTAFF
synthetic_repo_009,synthetic_user_0396,2023,Basic Energy Sciences,FACULTY
synthetic_repo_009,synthetic_user_0398,2023,Basic Energy Sciences,OTHER
synthetic_repo_009,synthetic_user_0401,2023,Basic Energy Sciences,PROSTAFF
synthetic_repo_009,synthetic_user_0403,2023,Basic Energy Sciences,GRADUATE
synthetic_repo_009,synthetic_user_0437,2023,Basic Energy Sciences,GRADUATE
synthetic_repo_009,synthetic_user_0438,2023,Basic Energy Sciences,UNDRGRAD
synthetic_repo_009,synthetic_user_0448,2023,Basic Energy Sciences,OTHER
synthetic_repo_009,synthetic_user_0511,2023,Basic Energy Sciences,GRADUATE
synthetic_repo_009,synthetic_user_0547,2023,Basic Energy Sciences,SCIENTST
synthetic_repo_009,synthetic_user_0590,2023,Basic Energy Sciences,PROSTAFF
synthetic_repo_009,synthetic_user_0640,2023,Basic Energy Sciences,NONE
synthetic_repo_009,synthetic_user_0673,2023,Basic Energy Sciences,GRADUATE
synthetic_repo_009,synthetic_user_0709,2023,Basic Energy Sciences,PROSTAFF
synthetic_repo_009,synthetic_user_0764,2023,Basic Energy Sciences,POSTDOC
synthetic_repo_009,synthetic_user_0831,2023,Basic Energy Sciences,UNDRGRAD
synthetic_repo_009,synthetic_user_0860,2023,Basic Energy Sciences,PROSTAFF
synthetic_repo_009,synthetic_user_0864,2023,Basic Energy Sciences,POSTDOC
synthetic_repo_009,synthetic_user_0905,2023,Basic Energy Sciences,GRADUATE
synthetic_repo_009,synthetic_user_0920,2023,Basic Energy Sciences,PROSTAFF
synthetic_repo_009,synthetic_user_0959,2023,Basic Energy Sciences,PROSTAFF
synthetic_repo_009,synthetic_user_1017,2023,Basic Energy Sciences,FACULTY
synthetic_repo_009,synthetic_user_1059,2023,Basic Energy Sciences,SCIENTST
synthetic_repo_009,synthetic_user_1116,2023,Basic Energy Sciences,UNDRGRAD
synthetic_repo_009,synthetic_user_1119,2023,Basic Energy Sciences,PROSTAFF
synthetic_repo_009,synthetic_user_1131,2023,Basic Energy Sciences,OTHER
synthetic_repo_010,synthetic_user_0005,2023,Basic Energy Sciences,PROSTAFF
synthetic_repo_010,synthetic_user_0011,2023,Basic Energy Sciences,NONE
synthetic_repo_010,synthetic_user_0015,2023,Basic Energy Sciences,GRADUATE
synthetic_repo_010,synthetic_user_0032,2023,Basic Energy Sciences,GRADUATE
synthetic_repo_010,synthetic_user_0040,2023,Basic Energy Sciences,POSTDOC
synthetic_repo_010,synthetic_user_0061,2023,Basic Energy Sciences,POSTDOC
synthetic_repo_010,synthetic_user_0067,2023,Basic Energy Sciences,POSTDOC
synthetic_repo_010,synthetic_user_0073,2023,Basic Energy Sciences,SCIENTST
synthetic_repo_010,synthetic_user_0082,2023,Basic Energy Sciences,GRADUATE
synthetic_repo_010,synthetic_user_0090,2023,Basic Energy Sciences,PROSTAFF
synthetic_repo_010,synthetic_user_0100,2023,Basic Energy Sciences,PROSTAFF
synthetic_repo_010,synthetic_user_0131,2023,Basic Energy Sciences,FACULTY
synthetic_repo_010,synthetic_user_0148,2023,Basic Energy Sciences,FACULTY
synthetic_repo_010,synthetic_user_0160,2023,Basic Energy Sciences,SCIENTST
synthetic_repo_010,synthetic_user_0177,2023,Basic Energy Sciences,OTHER
synthetic_repo_010,synthetic_user_0205,2023,Basic Energy Sciences,SCIENTST
synthetic_repo_010,synthetic_user_0237,2023,Basic Energy Sciences,GRADUATE
synthetic_repo_010,synthetic_user_0280,2023,Basic Energy Sciences,FACULTY
synthetic_repo_010,synthetic_user_0294,2023,Basic Energy Sciences,SCIENTST
synthetic_repo_010,synthetic_user_0328,2023,Basic Energy Sciences,PROSTAFF
synthetic_repo_010,synthetic_user_0362,2023,Basic Energy Sciences,FACULTY
synthetic_repo_010,synthetic_user_0386,2023,Basic Energy Sciences,GRADUATE
synthetic_repo_010,synthetic_user_0396,2023,Basic Energy Sciences,FACULTY
synthetic_repo_010,synthetic_user_0398,2023,Basic Energy Sciences,OTHER
synthetic_repo_010,synthetic_user_0401,2023,Basic Energy Sciences,PROSTAFF
synthetic_repo_010,synthetic_user_0403,2023,Basic Energy Sciences,GRADUATE
synthetic_repo_010,synthetic_user_0428,2023,Basic Energy Sciences,PROSTAFF
synthetic_repo_010,synthetic_user_0432,2023,Basic Energy Sciences,SCIENTST
synthetic_repo_010,synthetic_user_0437,2023,Basic Energy Sciences,GRADUATE
synthetic_repo_010,synthetic_user_0438,2023,Basic Energy Sciences,UNDRGRAD
synthetic_repo_010,synthetic_user_0463,2023,Basic Energy Sciences,GRADUATE
synthetic_repo_010,synthetic_user_0511,2023,Basic Energy Sciences,GRADUATE
synthetic_repo_010,synthetic_user_0520,2023,Basic Energy Sciences,POSTDOC
synthetic_repo_010,synthetic_user_0544,2023,Basic Energy Sciences,OTHER
synthetic_repo_010,synthetic_user_0547,2023,Basic Energy Sciences,SCIENTST
synthetic_repo_010,synthetic_user_0555,2023,Basic Energy Sciences,GRADUATE
synthetic_repo_010,synthetic_user_0621,2023,Basic Energy Sciences,POSTDOC
synthetic_repo_010,synthetic_user_0640,2023,Basic Energy Sciences,NONE
synthetic_repo_010,synthetic_user_0656,2023,Basic Energy Sciences,FACULTY
synthetic_repo_010,synthetic_user_0709,2023,Basic Energy Sciences,PROSTAFF
synthetic_repo_010,synthetic_user_0732,2023,Basic Energy Sciences,POSTDOC
synthetic_repo_010,synthetic_user_0736,2023,Basic Energy Sciences,POSTDOC
synthetic_repo_010,synthetic_user_0831,2023,Basic Energy Sciences,UNDRGRAD
synthetic_repo_010,synthetic_user_0860,2023,Basic Energy Sciences,PROSTAFF
synthetic_repo_010,synthetic_user_0862,2023,Basic Energy Sciences,GRADUATE
synthetic_repo_010,synthetic_user_0864,2023,Basic Energy Sciences,POSTDOC
synthetic_repo_010,synthetic_user_0890,2023,Basic Energy Sciences,SCIENTST
synthetic_repo_010,synthetic_user_0905,2023,Basic Energy Sciences,GRADUATE
synthetic_repo_010,synthetic_user_0959,2023,Basic Energy Sciences,PROSTAFF
synthetic_repo_010,synthetic_user_1017,2023,Basic Energy Sciences,FACULTY
synthetic_repo_010,synthetic_user_1018,2023,Basic Energy Sciences,GRADUATE
synthetic_repo_010,synthetic_user_1137,2023,Basic Energy Sciences,UNDRGRAD
synthetic_repo_010,synthetic_user_1178,2023,Basic Energy Sciences,FACULTY
synthetic_repo_011,synthetic_user_0457,2023,High Energy Physics,FACULTY
synthetic_repo_011,synthetic_user_0635,2023,High Energy Physics,PROSTAFF
synthetic_repo_011,synthetic_user_0713,2023,High Energy Physics,OTHER
synthetic_repo_011,synthetic_user_0752,2023,High Energy Physics,POSTDOC
synthetic_repo_011,synthetic_user_0915,2023,High Energy Physics,POSTDOC
synthetic_repo_012,synthetic_user_0450,2023,High Energy Physics,FACULTY
synthetic_repo_012,synthetic_user_0457,2023,High Energy Physics,FACULTY
synthetic_repo_012,synthetic_user_0519,2023,High Energy Physics,PROSTAFF
synthetic_repo_012,synthetic_user_0635,2023,High Energy Physics,PROSTAFF
synthetic_repo_012,synthetic_user_0702,2023,High Energy Physics,FACULTY
synthetic_repo_012,synthetic_user_1137,2023,High Energy Physics,UNDRGRAD
synthetic_repo_012,synthetic_user_1161,2023,High Energy Physics,PROSTAFF
synthetic_repo_013,synthetic_user_0318,2023,High Energy Physics,GRADUATE
synthetic_repo_013,synthetic_user_0341,2023,High Energy Physics,PROSTAFF
synthetic_repo_013,synthetic_user_0347,2023,High Energy Physics,GRADUATE
synthetic_repo_013,synthetic_user_0682,2023,High Energy Physics,POSTDOC
synthetic_repo_013,synthetic_user_0702,2023,High Energy Physics,FACULTY
synthetic_repo_013,synthetic_user_0912,2023,High Energy Physics,OTHER
synthetic_repo_013,synthetic_user_1020,2023,High Energy Physics,GRADUATE
synthetic_repo_013,synthetic_user_1039,2023,High Energy Physics,POSTDOC
synthetic_repo_013,synthetic_user_1058,2023,High Energy Physics,SCIENTST
synthetic_repo_014,synthetic_user_0067,2023,High Energy Physics,POSTDOC
synthetic_repo_014,synthetic_user_0265,2023,High Energy Physics,OTHER
synthetic_repo_014,synthetic_user_0279,2023,High Energy Physics,GRADUATE
synthetic_repo_014,synthetic_user_0347,2023,High Energy Physics,GRADUATE
synthetic_repo_014,synthetic_user_0390,2023,High Energy Physics,GRADUATE
synthetic_repo_014,synthetic_user_0682,2023,High Energy Physics,POSTDOC
synthetic_repo_014,synthetic_user_0713,2023,High Energy Physics,OTHER
synthetic_repo_014,synthetic_user_0915,2023,High Energy Physics,POSTDOC
synthetic_repo_014,synthetic_user_0983,2023,High Energy Physics,GRADUATE
synthetic_repo_014,synthetic_user_1098,2023,High Energy Physics,GRADUATE
synthetic_repo_014,synthetic_user_1114,2023,High Energy Physics,POSTDOC
synthetic_repo_014,synthetic_user_1171,2023,High Energy Physics,SCIENTST
synthetic_repo_015,synthetic_user_0067,2023,High Energy Physics,POSTDOC
synthetic_repo_015,synthetic_user_0179,2023,High Energy Physics,PROSTAFF
synthetic_repo_015,synthetic_user_0203,2023,High Energy Physics,SCIENTST
synthetic_repo_015,synthetic_user_0341,2023,High Energy Physics,PROSTAFF
synthetic_repo_015,synthetic_user_0347,2023,High Energy Physics,GRADUATE
synthetic_repo_015,synthetic_user_0380,2023,High Energy Physics,POSTDOC
synthetic_repo_015,synthetic_user_0472,2023,High Energy Physics,SCIENTST
synthetic_repo_015,synthetic_user_0529,2023,High Energy Physics,POSTDOC
synthetic_repo_015,synthetic_user_0649,2023,High Energy Physics,FACULTY
synthetic_repo_015,synthetic_user_0682,2023,High Energy Physics,POSTDOC
synthetic_repo_015,synthetic_user_0872,2023,High Energy Physics,POSTDOC
synthetic_repo_015,synthetic_user_0915,2023,High Energy Physics,POSTDOC
synthetic_repo_015,synthetic_user_0933,2023,High Energy Physics,GRADUATE
synthetic_repo_015,synthetic_user_1039,2023,High Energy Physics,POSTDOC
synthetic_repo_015,synthetic_user_1114,2023,High Energy Physics,POSTDOC
synthetic_repo_015,synthetic_user_1171,2023,High Energy Physics,SCIENTST
synthetic_repo_016,synthetic_user_0154,2023,High Energy Physics,SCIENTST
synthetic_repo_016,synthetic_user_0162,2023,High Energy Physics,PROSTAFF
synthetic_repo_016,synthetic_user_0255,2023,High Energy Physics,SCIENTST
synthetic_repo_016,synthetic_user_0279,2023,High Energy Physics,GRADUATE
synthetic_repo_016,synthetic_user_0422,2023,High Energy Physics,GRADUATE
synthetic_repo_016,synthetic_user_0430,2023,High Energy Physics,FACULTY
synthetic_repo_016,synthetic_user_0450,2023,High Energy Physics,FACULTY
synthetic_repo_016,synthetic_user_0457,2023,High Energy Physics,FACULTY
synthetic_repo_016,synthetic_user_0529,2023,High Energy Physics,POSTDOC
synthetic_repo_016,synthetic_user_0872,2023,High Energy Physics,POSTDOC
synthetic_repo_016,synthetic_user_0915,2023,High Energy Physics,POSTDOC
synthetic_repo_016,synthetic_user_1039,2023,High Energy Physics,POSTDOC
synthetic_repo_016,synthetic_user_1171,2023,High Energy Physics,SCIENTST
synthetic_repo_017,synthetic_user_0255,2023,High Energy Physics,SCIENTST
synthetic_repo_017,synthetic_user_0283,2023,High Energy Physics,SCIENTST
synthetic_repo_017,synthetic_user_0318,2023,High Energy Physics,GRADUATE
synthetic_repo_017,synthetic_user_0335,2023,High Energy Physics,POSTDOC
synthetic_repo_017,synthetic_user_0380,2023,High Energy Physics,POSTDOC
synthetic_repo_017,synthetic_user_0429,2023,High Energy Physics,SCIENTST
synthetic_repo_017,synthetic_user_0430,2023,High Energy Physics,FACULTY
synthetic_repo_017,synthetic_user_0450,2023,High Energy Physics,FACULTY
synthetic_repo_017,synthetic_user_0457,2023,High Energy Physics,FACULTY
synthetic_repo_017,synthetic_user_0472,2023,High Energy Physics,SCIENTST
synthetic_repo_017,synthetic_user_0475,2023,High Energy Physics,GRADUATE
synthetic_repo_017,synthetic_user_0519,2023,High Energy Physics,PROSTAFF
synthetic_repo_017,synthetic_user_0529,2023,High Energy Physics,POSTDOC
synthetic_repo_017,synthetic_user_0635,2023,High Energy Physics,PROSTAFF
synthetic_repo_017,synthetic_user_0642,2023,High Energy Physics,SCIENTST
synthetic_repo_017,synthetic_user_0682,2023,High Energy Physics,POSTDOC
synthetic_repo_017,synthetic_user_0833,2023,High Energy Physics,POSTDOC
synthetic_repo_017,synthetic_user_0912,2023,High Energy Physics,OTHER
synthetic_repo_017,synthetic_user_0915,2023,High Energy Physics,POSTDOC
synthetic_repo_017,synthetic_user_0953,2023,High Energy Physics,SCIENTST
synthetic_repo_017,synthetic_user_0965,2023,High Energy Physics,GRADUATE
synthetic_repo_017,synthetic_user_1039,2023,High Energy Physics,POSTDOC
synthetic_repo_018,synthetic_user_0154,2023,High Energy Physics,SCIENTST
synthetic_repo_018,synthetic_user_0170,2023,High Energy Physics,PROSTAFF
synthetic_repo_018,synthetic_user_0255,2023,High Energy Physics,SCIENTST
synthetic_repo_018,synthetic_user_0270,2023,High Energy Physics,PROSTAFF
synthetic_repo_018,synthetic_user_0279,2023,High Energy Physics,GRADUATE
synthetic_repo_018,synthetic_user_0347,2023,High Energy Physics,GRADUATE
synthetic_repo_018,synthetic_user_0380,2023,High Energy Physics,POSTDOC
synthetic_repo_018,synthetic_user_0397,2023,High Energy Physics,SCIENTST
synthetic_repo_018,synthetic_user_0422,2023,High Energy Physics,GRADUATE
synthetic_repo_018,synthetic_user_0434,2023,High Energy Physics,POSTDOC
synthetic_repo_018,synthetic_user_0450,2023,High Energy Physics,FACULTY
synthetic_repo_018,synthetic_user_0457,2023,High Energy Physics,FACULTY
synthetic_repo_018,synthetic_user_0472,2023,High Energy Physics,SCIENTST
synthetic_repo_018,synthetic_user_0526,2023,High Energy Physics,PROSTAFF
synthetic_repo_018,synthetic_user_0529,2023,High Energy Physics,POSTDOC
synthetic_repo_018,synthetic_user_0594,2023,High Energy Physics,POSTDOC
synthetic_repo_018,synthetic_user_0643,2023,High Energy Physics,UNDRGRAD
synthetic_repo_018,synthetic_user_0665,2023,High Energy Physics,GRADUATE
synthetic_repo_018,synthetic_user_0682,2023,High Energy Physics,POSTDOC
synthetic_repo_018,synthetic_user_0702,2023,High Energy Physics,FACULTY
synthetic_repo_018,synthetic_user_0752,2023,High Energy Physics,POSTDOC
synthetic_repo_018,synthetic_user_0866,2023,High Energy Physics,PROSTAFF
synthetic_repo_018,synthetic_user_0912,2023,High Energy Physics,OTHER
synthetic_repo_018,synthetic_user_0915,2023,High Energy Physics,POSTDOC
synthetic_repo_018,synthetic_user_0983,2023,High Energy Physics,GRADUATE
synthetic_repo_018,synthetic_user_1114,2023,High Energy Physics,POSTDOC
synthetic_repo_019,synthetic_user_0176,2023,High Energy Physics,OTHER
synthetic_repo_019,synthetic_user_0179,2023,High Energy Physics,PROSTAFF
synthetic_repo_019,synthetic_user_0255,2023,High Energy Physics,SCIENTST
synthetic_repo_019,synthetic_user_0325,2023,High Energy Physics,SCIENTST
synthetic_repo_019,synthetic_user_0335,2023,High Energy Physics,POSTDOC
synthetic_repo_019,synthetic_user_0341,2023,High Energy Physics,PROSTAFF
synthetic_repo_019,synthetic_user_0347,2023,High Energy Physics,GRADUATE
synthetic_repo_019,synthetic_user_0380,2023,High Energy Physics,POSTDOC
synthetic_repo_019,synthetic_user_0397,2023,High Energy Physics,SCIENTST
synthetic_repo_019,synthetic_user_0450,2023,High Energy Physics,FACULTY
synthetic_repo_019,synthetic_user_0452,2023,High Energy Physics,POSTDOC
synthetic_repo_019,synthetic_user_0457,2023,High Energy Physics,FACULTY
synthetic_repo_019,synthetic_user_0475,2023,High Energy Physics,GRADUATE
synthetic_repo_019,synthetic_user_0488,2023,High Energy Physics,FACULTY
synthetic_repo_019,synthetic_user_0489,2023,High Energy Physics,GRADUATE
synthetic_repo_019,synthetic_user_0529,2023,High Energy Physics,POSTDOC
synthetic_repo_019,synthetic_user_0635,2023,High Energy Physics,PROSTAFF
synthetic_repo_019,synthetic_user_0642,2023,High Energy Physics,SCIENTST
synthetic_repo_019,synthetic_user_0643,2023,High Energy Physics,UNDRGRAD
synthetic_repo_019,synthetic_user_0667,2023,High Energy Physics,SCIENTST
synthetic_repo_019,synthetic_user_0713,2023,High Energy Physics,OTHER
synthetic_repo_019,synthetic_user_0872,2023,High Energy Physics,POSTDOC
synthetic_repo_019,synthetic_user_0898,2023,High Energy Physics,POSTDOC
synthetic_repo_019,synthetic_user_0915,2023,High Energy Physics,POSTDOC
synthetic_repo_019,synthetic_user_1020,2023,High Energy Physics,GRADUATE
synthetic_repo_019,synthetic_user_1024,2023,High Energy Physics,OTHER
synthetic_repo_019,synthetic_user_1039,2023,High Energy Physics,POSTDOC
synthetic_repo_019,synthetic_user_1058,2023,High Energy Physics,SCIENTST
synthetic_repo_019,synthetic_user_1098,2023,High Energy Physics,GRADUATE
synthetic_repo_019,synthetic_user_1145,2023,High Energy Physics,POSTDOC
synthetic_repo_019,synthetic_user_1161,2023,High Energy Physics,PROSTAFF
synthetic_repo_019,synthetic_user_1171,2023,High Energy Physics,SCIENTST
synthetic_repo_020,synthetic_user_0034,2023,High Energy Physics,PROSTAFF
synthetic_repo_020,synthetic_user_0067,2023,High Energy Physics,POSTDOC
synthetic_repo_020,synthetic_user_0070,2023,High Energy Physics,UNDRGRAD
synthetic_repo_020,synthetic_user_0154,2023,High Energy Physics,SCIENTST
synthetic_repo_020,synthetic_user_0170,2023,High Energy Physics,PROSTAFF
synthetic_repo_020,synthetic_user_0176,2023,High Energy Physics,OTHER
synthetic_repo_020,synthetic_user_0255,2023,High Energy Physics,SCIENTST
synthetic_repo_020,synthetic_user_0279,2023,High Energy Physics,GRADUATE
synthetic_repo_020,synthetic_user_0293,2023,High Energy Physics,GRADUATE
synthetic_repo_020,synthetic_user_0325,2023,High Energy Physics,SCIENTST
synthetic_repo_020,synthetic_user_0335,2023,High Energy Physics,POSTDOC
synthetic_repo_020,synthetic_user_0347,2023,High Energy Physics,GRADUATE
synthetic_repo_020,synthetic_user_0380,2023,High Energy Physics,POSTDOC
synthetic_repo_020,synthetic_user_0397,2023,High Energy Physics,SCIENTST
synthetic_repo_020,synthetic_user_0422,2023,High Energy Physics,GRADUATE
synthetic_repo_020,synthetic_user_0429,2023,High Energy Physics,SCIENTST
synthetic_repo_020,synthetic_user_0430,2023,High Energy Physics,FACULTY
synthetic_repo_020,synthetic_user_0450,2023,High Energy Physics,FACULTY
synthetic_repo_020,synthetic_user_0457,2023,High Energy Physics,FACULTY
synthetic_repo_020,synthetic_user_0472,2023,High Energy Physics,SCIENTST
synthetic_repo_020,synthetic_user_0475,2023,High Energy Physics,GRADUATE
synthetic_repo_020,synthetic_user_0478,2023,High Energy Physics,SCIENTST
synthetic_repo_020,synthetic_user_0482,2023,High Energy Physics,SCIENTST
synthetic_repo_020,synthetic_user_0488,2023,High Energy Physics,FACULTY
synthetic_repo_020,synthetic_user_0499,2023,High Energy Physics,POSTDOC
synthetic_repo_020,synthetic_user_0529,2023,High Energy Physics,POSTDOC
synthetic_repo_020,synthetic_user_0559,2023,High Energy Physics,POSTDOC
synthetic_repo_020,synthetic_user_0594,2023,High Energy Physics,POSTDOC
synthetic_repo_020,synthetic_user_0635,2023,High Energy Physics,PROSTAFF
synthetic_repo_020,synthetic_user_0642,2023,High Energy Physics,SCIENTST
synthetic_repo_020,synthetic_user_0643,2023,High Energy Physics,UNDRGRAD
synthetic_repo_020,synthetic_user_0649,2023,High Energy Physics,FACULTY
synthetic_repo_020,synthetic_user_0665,2023,High Energy Physics,GRADUATE
synthetic_repo_020,synthetic_user_0682,2023,High Energy Physics,POSTDOC
synthetic_repo_020,synthetic_user_0713,2023,High Energy Physics,OTHER
synthetic_repo_020,synthetic_user_0833,2023,High Energy Physics,POSTDOC
synthetic_repo_020,synthetic_user_0868,2023,High Energy Physics,GRADUATE
synthetic_repo_020,synthetic_user_0912,2023,High Energy Physics,OTHER
synthetic_repo_020,synthetic_user_0915,2023,High Energy Physics,POSTDOC
synthetic_repo_020,synthetic_user_0919,2023,High Energy Physics,POSTDOC
synthetic_repo_020,synthetic_user_0933,2023,High Energy Physics,GRADUATE
synthetic_repo_020,synthetic_user_0965,2023,High Energy Physics,GRADUATE
synthetic_repo_020,synthetic_user_0983,2023,High Energy Physics,GRADUATE
synthetic_repo_020,synthetic_user_1024,2023,High Energy Physics,OTHER
synthetic_repo_020,synthetic_user_1029,2023,High Energy Physics,SCIENTST
synthetic_repo_020,synthetic_user_1039,2023,High Energy Physics,POSTDOC
synthetic_repo_020,synthetic_user_1058,2023,High Energy Physics,SCIENTST
synthetic_repo_020,synthetic_user_1090,2023,High Energy Physics,OTHER
synthetic_repo_020,synthetic_user_1098,2023,High Energy Physics,GRADUATE
synthetic_repo_020,synthetic_user_1114,2023,High Energy Physics,POSTDOC
synthetic_repo_020,synthetic_user_1137,2023,High Energy Physics,UNDRGRAD
synthetic_repo_020,synthetic_user_1145,2023,High Energy Physics,POSTDOC
synthetic_repo_020,synthetic_user_1161,2023,High Energy Physics,PROSTAFF
synthetic_repo_021,synthetic_user_0115,2023,NERSC Directors Reserve,GRADUATE
synthetic_repo_021,synthetic_user_0263,2023,NERSC Directors Reserve,GRADUATE
synthetic_repo_021,synthetic_user_0278,2023,NERSC Directors Reserve,PROSTAFF
synthetic_repo_021,synthetic_user_1106,2023,NERSC Directors Reserve,FACULTY
synthetic_repo_022,synthetic_user_0095,2023,NERSC Directors Reserve,GRADUATE
synthetic_repo_022,synthetic_user_0554,2023,NERSC Directors Reserve,SCIENTST
synthetic_repo_022,synthetic_user_0626,2023,NERSC Directors Reserve,FACULTY
synthetic_repo_022,synthetic_user_0650,2023,NERSC Directors Reserve,POSTDOC
synthetic_repo_022,synthetic_user_0740,2023,NERSC Directors Reserve,PROSTAFF
synthetic_repo_023,synthetic_user_0095,2023,NERSC Directors Reserve,GRADUATE
synthetic_repo_023,synthetic_user_0263,2023,NERSC Directors Reserve,GRADUATE
synthetic_repo_023,synthetic_user_0541,2023,NERSC Directors Reserve,FACULTY
synthetic_repo_023,synthetic_user_0545,2023,NERSC Directors Reserve,OTHER
synthetic_repo_023,synthetic_user_0803,2023,NERSC Directors Reserve,SCIENTST
synthetic_repo_023,synthetic_user_0950,2023,NERSC Directors Reserve,POSTDOC
synthetic_repo_023,synthetic_user_0977,2023,NERSC Directors Reserve,PROSTAFF
synthetic_repo_023,synthetic_user_1036,2023,NERSC Directors Reserve,NONE
synthetic_repo_023,synthetic_user_1111,2023,NERSC Directors Reserve,GRADUATE
synthetic_repo_024,synthetic_user_0095,2023,NERSC Directors Reserve,GRADUATE
synthetic_repo_024,synthetic_user_0185,2023,NERSC Directors Reserve,UNDRGRAD
synthetic_repo_024,synthetic_user_0232,2023,NERSC Directors Reserve,PROSTAFF
synthetic_repo_024,synthetic_user_0353,2023,NERSC Directors Reserve,NONE
synthetic_repo_024,synthetic_user_0545,2023,NERSC Directors Reserve,OTHER
synthetic_repo_024,synthetic_user_0582,2023,NERSC Directors Reserve,SCIENTST
synthetic_repo_024,synthetic_user_0977,2023,NERSC Directors Reserve,PROSTAFF
synthetic_repo_024,synthetic_user_0996,2023,NERSC Directors Reserve,SCIENTST
synthetic_repo_024,synthetic_user_1070,2023,NERSC Directors Reserve,SCIENTST
synthetic_repo_024,synthetic_user_1111,2023,NERSC Directors Reserve,GRADUATE
synthetic_repo_024,synthetic_user_1134,2023,NERSC Directors Reserve,PROSTAFF
synthetic_repo_024,synthetic_user_1155,2023,NERSC Directors Reserve,PROSTAFF
synthetic_repo_025,synthetic_user_0003,2023,NERSC Directors Reserve,UNDRGRAD
synthetic_repo_025,synthetic_user_0080,2023,NERSC Directors Reserve,GRADUATE
synthetic_repo_025,synthetic_user_0095,2023,NERSC Directors Reserve,GRADUATE
synthetic_repo_025,synthetic_user_0185,2023,NERSC Directors Reserve,UNDRGRAD
synthetic_repo_025,synthetic_user_0278,2023,NERSC Directors Reserve,PROSTAFF
synthetic_repo_025,synthetic_user_0316,2023,NERSC Directors Reserve,FACULTY
synthetic_repo_025,synthetic_user_0353,2023,NERSC Directors Reserve,NONE
synthetic_repo_025,synthetic_user_0387,2023,NERSC Directors Reserve,POSTDOC
synthetic_repo_025,synthetic_user_0400,2023,NERSC Directors Reserve,PROSTAFF
synthetic_repo_025,synthetic_user_0554,2023,NERSC Directors Reserve,SCIENTST
synthetic_repo_025,synthetic_user_0582,2023,NERSC Directors Reserve,SCIENTST
synthetic_repo_025,synthetic_user_0650,2023,NERSC Directors Reserve,POSTDOC
synthetic_repo_025,synthetic_user_0803,2023,NERSC Directors Reserve,SCIENTST
synthetic_repo_025,synthetic_user_0907,2023,NERSC Directors Reserve,PROSTAFF
synthetic_repo_025,synthetic_user_0960,2023,NERSC Directors Reserve,NONE
synthetic_repo_025,synthetic_user_1111,2023,NERSC Directors Reserve,GRADUATE
synthetic_repo_026,synthetic_user_0185,2023,NERSC Directors Reserve,UNDRGRAD
synthetic_repo_026,synthetic_user_0209,2023,NERSC Directors Reserve,POSTDOC
synthetic_repo_026,synthetic_user_0278,2023,NERSC Directors Reserve,PROSTAFF
synthetic_repo_026,synthetic_user_0323,2023,NERSC Directors Reserve,POSTDOC
synthetic_repo_026,synthetic_user_0483,2023,NERSC Directors Reserve,SCIENTST
synthetic_repo_026,synthetic_user_0545,2023,NERSC Directors Reserve,OTHER
synthetic_repo_026,synthetic_user_0563,2023,NERSC Directors Reserve,POSTDOC
synthetic_repo_026,synthetic_user_0676,2023,NERSC Directors Reserve,POSTDOC
synthetic_repo_026,synthetic_user_0729,2023,NERSC Directors Reserve,GRADUATE
synthetic_repo_026,synthetic_user_0768,2023,NERSC Directors Reserve,POSTDOC
synthetic_repo_026,synthetic_user_0907,2023,NERSC Directors Reserve,PROSTAFF
synthetic_repo_026,synthetic_user_0950,2023,NERSC Directors Reserve,POSTDOC
synthetic_repo_026,synthetic_user_0960,2023,NERSC Directors Reserve,NONE
synthetic_repo_026,synthetic_user_1052,2023,NERSC Directors Reserve,SCIENTST
synthetic_repo_026,synthetic_user_1111,2023,NERSC Directors Reserve,GRADUATE
synthetic_repo_026,synthetic_user_1127,2023,NERSC Directors Reserve,SCIENTST
synthetic_repo_026,synthetic_user_1151,2023,NERSC Directors Reserve,SCIENTST
synthetic_repo_026,synthetic_user_1155,2023,NERSC Directors Reserve,PROSTAFF
synthetic_repo_026,synthetic_user_1176,2023,NERSC Directors Reserve,SCIENTST
synthetic_repo_027,synthetic_user_0003,2023,NERSC Directors Reserve,UNDRGRAD
synthetic_repo_027,synthetic_user_0080,2023,NERSC Directors Reserve,GRADUATE
synthetic_repo_027,synthetic_user_0095,2023,NERSC Directors Reserve,GRADUATE
synthetic_repo_027,synthetic_user_0118,2023,NERSC Directors Reserve,PROSTAFF
synthetic_repo_027,synthetic_user_0263,2023,NERSC Directors Reserve,GRADUATE
synthetic_repo_027,synthetic_user_0400,2023,NERSC Directors Reserve,PROSTAFF
synthetic_repo_027,synthetic_user_0554,2023,NERSC Directors Reserve,SCIENTST
synthetic_repo_027,synthetic_user_0578,2023,NERSC Directors Reserve,GRADUATE
synthetic_repo_027,synthetic_user_0626,2023,NERSC Directors Reserve,FACULTY
synthetic_repo_027,synthetic_user_0668,2023,NERSC Directors Reserve,UNDRGRAD
synthetic_repo_027,synthetic_user_0803,2023,NERSC Directors Reserve,SCIENTST
synthetic_repo_027,synthetic_user_0907,2023,NERSC Directors Reserve,PROSTAFF
synthetic_repo_027,synthetic_user_0942,2023,NERSC Directors Reserve,POSTDOC
synthetic_repo_027,synthetic_user_1112,2023,NERSC Directors Reserve,FACULTY
synthetic_repo_027,synthetic_user_1155,2023,NERSC Directors Reserve,PROSTAFF
synthetic_repo_027,synthetic_user_1176,2023,NERSC Directors Reserve,SCIENTST
synthetic_repo_028,synthetic_user_0095,2023,NERSC Directors Reserve,GRADUATE
synthetic_repo_028,synthetic_user_0106,2023,NERSC Directors Reserve,GRADUATE
synthetic_repo_028,synthetic_user_0115,2023,NERSC Directors Reserve,GRADUATE
synthetic_repo_028,synthetic_user_0118,2023,NERSC Directors Reserve,PROSTAFF
synthetic_repo_028,synthetic_user_0185,2023,NERSC Directors Reserve,UNDRGRAD
synthetic_repo_028,synthetic_user_0188,2023,NERSC Directors Reserve,GRADUATE
synthetic_repo_028,synthetic_user_0209,2023,NERSC Directors Reserve,POSTDOC
synthetic_repo_028,synthetic_user_0263,2023,NERSC Directors Reserve,GRADUATE
synthetic_repo_028,synthetic_user_0278,2023,NERSC Directors Reserve,PROSTAFF
synthetic_repo_028,synthetic_user_0282,2023,NERSC Directors Reserve,SCIENTST
synthetic_repo_028,synthetic_user_0350,2023,NERSC Directors Reserve,FACULTY
synthetic_repo_028,synthetic_user_0353,2023,NERSC Directors Reserve,NONE
synthetic_repo_028,synthetic_user_0387,2023,NERSC Directors Reserve,POSTDOC
synthetic_repo_028,synthetic_user_0471,2023,NERSC Directors Reserve,SCIENTST
synthetic_repo_028,synthetic_user_0545,2023,NERSC Directors Reserve,OTHER
synthetic_repo_028,synthetic_user_0554,2023,NERSC Directors Reserve,SCIENTST
synthetic_repo_028,synthetic_user_0575,2023,NERSC Directors Reserve,PROSTAFF
synthetic_repo_028,synthetic_user_0582,2023,NERSC Directors Reserve,SCIENTST
synthetic_repo_028,synthetic_user_0626,2023,NERSC Directors Reserve,FACULTY
synthetic_repo_028,synthetic_user_0722,2023,NERSC Directors Reserve,POSTDOC
synthetic_repo_028,synthetic_user_0729,2023,NERSC Directors Reserve,GRADUATE
synthetic_repo_028,synthetic_user_0907,2023,NERSC Directors Reserve,PROSTAFF
synthetic_repo_028,synthetic_user_0935,2023,NERSC Directors Reserve,POSTDOC
synthetic_repo_028,synthetic_user_0942,2023,NERSC Directors Reserve,POSTDOC
synthetic_repo_028,synthetic_user_1155,2023,NERSC Directors Reserve,PROSTAFF
synthetic_repo_029,synthetic_user_0095,2023,NERSC Directors Reserve,GRADUATE
synthetic_repo_029,synthetic_user_0106,2023,NERSC Directors Reserve,GRADUATE
synthetic_repo_029,synthetic_user_0115,2023,NERSC Directors Reserve,GRADUATE
synthetic_repo_029,synthetic_user_0185,2023,NERSC Directors Reserve,UNDRGRAD
synthetic_repo_029,synthetic_user_0188,2023,NERSC Directors Reserve,GRADUATE
synthetic_repo_029,synthetic_user_0232,2023,NERSC Directors Reserve,PROSTAFF
synthetic_repo_029,synthetic_user_0248,2023,NERSC Directors Reserve,GRADUATE
synthetic_repo_029,synthetic_user_0263,2023,NERSC Directors Reserve,GRADUATE
synthetic_repo_029,synthetic_user_0278,2023,NERSC Directors Reserve,PROSTAFF
synthetic_repo_029,synthetic_user_0346,2023,NERSC Directors Reserve,GRADUATE
synthetic_repo_029,synthetic_user_0353,2023,NERSC Directors Reserve,NONE
synthetic_repo_029,synthetic_user_0387,2023,NERSC Directors Reserve,POSTDOC
synthetic_repo_029,synthetic_user_0479,2023,NERSC Directors Reserve,OTHER
synthetic_repo_029,synthetic_user_0578,2023,NERSC Directors Reserve,GRADUATE
synthetic_repo_029,synthetic_user_0583,2023,NERSC Directors Reserve,UNDRGRAD
synthetic_repo_029,synthetic_user_0650,2023,NERSC Directors Reserve,POSTDOC
synthetic_repo_029,synthetic_user_0668,2023,NERSC Directors Reserve,UNDRGRAD
synthetic_repo_029,synthetic_user_0722,2023,NERSC Directors Reserve,POSTDOC
synthetic_repo_029,synthetic_user_0803,2023,NERSC Directors Reserve,SCIENTST
synthetic_repo_029,synthetic_user_0826,2023,NERSC Directors Reserve,POSTDOC
synthetic_repo_029,synthetic_user_0865,2023,NERSC Directors Reserve,PROSTAFF
synthetic_repo_029,synthetic_user_0950,2023,NERSC Directors Reserve,POSTDOC
synthetic_repo_029,synthetic_user_1070,2023,NERSC Directors Reserve,SCIENTST
synthetic_repo_029,synthetic_user_1111,2023,NERSC Directors Reserve,GRADUATE
synthetic_repo_029,synthetic_user_1135,2023,NERSC Directors Reserve,SCIENTST
synthetic_repo_029,synthetic_user_1151,2023,NERSC Directors Reserve,SCIENTST
synthetic_repo_030,synthetic_user_0023,2023,NERSC Directors Reserve,PROSTAFF
synthetic_repo_030,synthetic_user_0072,2023,NERSC Directors Reserve,SCIENTST
synthetic_repo_030,synthetic_user_0118,2023,NERSC Directors Reserve,PROSTAFF
synthetic_repo_030,synthetic_user_0152,2023,NERSC Directors Reserve,SCIENTST
synthetic_repo_030,synthetic_user_0209,2023,NERSC Directors Reserve,POSTDOC
synthetic_repo_030,synthetic_user_0233,2023,NERSC Directors Reserve,PROSTAFF
synthetic_repo_030,synthetic_user_0248,2023,NERSC Directors Reserve,GRADUATE
synthetic_repo_030,synthetic_user_0252,2023,NERSC Directors Reserve,SCIENTST
synthetic_repo_030,synthetic_user_0263,2023,NERSC Directors Reserve,GRADUATE
synthetic_repo_030,synthetic_user_0269,2023,NERSC Directors Reserve,FACULTY
synthetic_repo_030,synthetic_user_0278,2023,NERSC Directors Reserve,PROSTAFF
synthetic_repo_030,synthetic_user_0346,2023,NERSC Directors Reserve,GRADUATE
synthetic_repo_030,synthetic_user_0353,2023,NERSC Directors Reserve,NONE
synthetic_repo_030,synthetic_user_0400,2023,NERSC Directors Reserve,PROSTAFF
synthetic_repo_030,synthetic_user_0419,2023,NERSC Directors Reserve,SCIENTST
synthetic_repo_030,synthetic_user_0465,2023,NERSC Directors Reserve,GRADUATE
synthetic_repo_030,synthetic_user_0475,2023,NERSC Directors Reserve,GRADUATE
synthetic_repo_030,synthetic_user_0477,2023,NERSC Directors Reserve,GRADUATE
synthetic_repo_030,synthetic_user_0512,2023,NERSC Directors Reserve,SCIENTST
synthetic_repo_030,synthetic_user_0541,2023,NERSC Directors Reserve,FACULTY
synthetic_repo_030,synthetic_user_0545,2023,NERSC Directors Reserve,OTHER
synthetic_repo_030,synthetic_user_0554,2023,NERSC Directors Reserve,SCIENTST
synthetic_repo_030,synthetic_user_0582,2023,NERSC Directors Reserve,SCIENTST
synthetic_repo_030,synthetic_user_0583,2023,NERSC Directors Reserve,UNDRGRAD
synthetic_repo_030,synthetic_user_0626,2023,NERSC Directors Reserve,FACULTY
synthetic_repo_030,synthetic_user_0650,2023,NERSC Directors Reserve,POSTDOC
synthetic_repo_030,synthetic_user_0687,2023,NERSC Directors Reserve,POSTDOC
synthetic_repo_030,synthetic_user_0722,2023,NERSC Directors Reserve,POSTDOC
synthetic_repo_030,synthetic_user_0729,2023,NERSC Directors Reserve,GRADUATE
synthetic_repo_030,synthetic_user_0740,2023,NERSC Directors Reserve,PROSTAFF
synthetic_repo_030,synthetic_user_0768,2023,NERSC Directors Reserve,POSTDOC
synthetic_repo_030,synthetic_user_0803,2023,NERSC Directors Reserve,SCIENTST
synthetic_repo_030,synthetic_user_0804,2023,NERSC Directors Reserve,PROSTAFF
synthetic_repo_030,synthetic_user_0826,2023,NERSC Directors Reserve,POSTDOC
synthetic_repo_030,synthetic_user_0882,2023,NERSC Directors Reserve,PROSTAFF
synthetic_repo_030,synthetic_user_0885,2023,NERSC Directors Reserve,FACULTY
synthetic_repo_030,synthetic_user_0907,2023,NERSC Directors Reserve,PROSTAFF
synthetic_repo_030,synthetic_user_0935,2023,NERSC Directors Reserve,POSTDOC
synthetic_repo_030,synthetic_user_0960,2023,NERSC Directors Reserve,NONE
synthetic_repo_030,synthetic_user_0996,2023,NERSC Directors Reserve,SCIENTST
synthetic_repo_030,synthetic_user_1052,2023,NERSC Directors Reserve,SCIENTST
synthetic_repo_030,synthetic_user_1112,2023,NERSC Directors Reserve,FACULTY
synthetic_repo_030,synthetic_user_1155,2023,NERSC Directors Reserve,PROSTAFF
synthetic_repo_031,synthetic_user_0156,2023,Biological and Environmental Research,PROSTAFF
synthetic_repo_031,synthetic_user_0512,2023,Biological and Environmental Research,SCIENTST
synthetic_repo_031,synthetic_user_0571,2023,Biological and Environmental Research,GRADUATE
synthetic_repo_031,synthetic_user_0799,2023,Biological and Environmental Research,PROSTAFF
synthetic_repo_031,synthetic_user_0910,2023,Biological and Environmental Research,PROSTAFF
synthetic_repo_032,synthetic_user_0036,2023,Biological and Environmental Research,POSTDOC
synthetic_repo_032,synthetic_user_0094,2023,Biological and Environmental Research,GRADUATE
synthetic_repo_032,synthetic_user_0476,2023,Biological and Environmental Research,GRADUATE
synthetic_repo_032,synthetic_user_0533,2023,Biological and Environmental Research,OTHER
synthetic_repo_032,synthetic_user_0754,2023,Biological and Environmental Research,POSTDOC
synthetic_repo_032,synthetic_user_1043,2023,Biological and Environmental Research,POSTDOC
synthetic_repo_033,synthetic_user_0089,2023,Biological and Environmental Research,POSTDOC
synthetic_repo_033,synthetic_user_0094,2023,Biological and Environmental Research,GRADUATE
synthetic_repo_033,synthetic_user_0186,2023,Biological and Environmental Research,GRADUATE
synthetic_repo_033,synthetic_user_0443,2023,Biological and Environmental Research,SCIENTST
synthetic_repo_033,synthetic_user_0538,2023,Biological and Environmental Research,POSTDOC
synthetic_repo_033,synthetic_user_0623,2023,Biological and Environmental Research,POSTDOC
synthetic_repo_033,synthetic_user_0674,2023,Biological and Environmental Research,SCIENTST
synthetic_repo_033,synthetic_user_0893,2023,Biological and Environmental Research,GRADUATE
synthetic_repo_033,synthetic_user_0910,2023,Biological and Environmental Research,PROSTAFF
synthetic_repo_033,synthetic_user_0987,2023,Biological and Environmental Research,GRADUATE
synthetic_repo_034,synthetic_user_0026,2023,Biological and Environmental Research,POSTDOC
synthetic_repo_034,synthetic_user_0036,2023,Biological and Environmental Research,POSTDOC
synthetic_repo_034,synthetic_user_0085,2023,Biological and Environmental Research,GRADUATE
synthetic_repo_034,synthetic_user_0105,2023,Biological and Environmental Research,PROSTAFF
synthetic_repo_034,synthetic_user_0109,2023,Biological and Environmental Research,UNDRGRAD
synthetic_repo_034,synthetic_user_0284,2023,Biological and Environmental Research,GRADUATE
synthetic_repo_034,synthetic_user_0378,2023,Biological and Environmental Research,POSTDOC
synthetic_repo_034,synthetic_user_0569,2023,Biological and Environmental Research,PROSTAFF
synthetic_repo_034,synthetic_user_0651,2023,Biological and Environmental Research,SCIENTST
synthetic_repo_034,synthetic_user_0770,2023,Biological and Environmental Research,PROSTAFF
synthetic_repo_034,synthetic_user_0838,2023,Biological and Environmental Research,PROSTAFF
synthetic_repo_034,synthetic_user_0956,2023,Biological and Environmental Research,PROSTAFF
synthetic_repo_035,synthetic_user_0036,2023,Biological and Environmental Research,POSTDOC
synthetic_repo_035,synthetic_user_0085,2023,Biological and Environmental Research,GRADUATE
synthetic_repo_035,synthetic_user_0223,2023,Biological and Environmental Research,GRADUATE
synthetic_repo_035,synthetic_user_0410,2023,Biological and Environmental Research,POSTDOC
synthetic_repo_035,synthetic_user_0533,2023,Biological and Environmental Research,OTHER
synthetic_repo_035,synthetic_user_0538,2023,Biological and Environmental Research,POSTDOC
synthetic_repo_035,synthetic_user_0540,2023,Biological and Environmental Research,GRADUATE
synthetic_repo_035,synthetic_user_0589,2023,Biological and Environmental Research,PROSTAFF
synthetic_repo_035,synthetic_user_0674,2023,Biological and Environmental Research,SCIENTST
synthetic_repo_035,synthetic_user_0695,2023,Biological and Environmental Research,OTHER
synthetic_repo_035,synthetic_user_0772,2023,Biological and Environmental Research,POSTDOC
synthetic_repo_035,synthetic_user_0911,2023,Biological and Environmental Research,SCIENTST
synthetic_repo_035,synthetic_user_0956,2023,Biological and Environmental Research,PROSTAFF
synthetic_repo_035,synthetic_user_1164,2023,Biological and Environmental Research,SCIENTST
synthetic_repo_036,synthetic_user_0085,2023,Biological and Environmental Research,GRADUATE
synthetic_repo_036,synthetic_user_0094,2023,Biological and Environmental Research,GRADUATE
synthetic_repo_036,synthetic_user_0105,2023,Biological and Environmental Research,PROSTAFF
synthetic_repo_036,synthetic_user_0156,2023,Biological and Environmental Research,PROSTAFF
synthetic_repo_036,synthetic_user_0220,2023,Biological and Environmental Research,NONE
synthetic_repo_036,synthetic_user_0623,2023,Biological and Environmental Research,POSTDOC
synthetic_repo_036,synthetic_user_0674,2023,Biological and Environmental Research,SCIENTST
synthetic_repo_036,synthetic_user_0823,2023,Biological and Environmental Research,POSTDOC
synthetic_repo_036,synthetic_user_0858,2023,Biological and Environmental Research,GRADUATE
synthetic_repo_036,synthetic_user_0910,2023,Biological and Environmental Research,PROSTAFF
synthetic_repo_036,synthetic_user_0923,2023,Biological and Environmental Research,FACULTY
synthetic_repo_036,synthetic_user_1118,2023,Biological and Environmental Research,POSTDOC
synthetic_repo_036,synthetic_user_1190,2023,Biological and Environmental Research,FACULTY
synthetic_repo_037,synthetic_user_0036,2023,Biological and Environmental Research,POSTDOC
synthetic_repo_037,synthetic_user_0044,2023,Biological and Environmental Research,FACULTY
synthetic_repo_037,synthetic_user_0068,2023,Biological and Environmental Research,FACULTY
synthetic_repo_037,synthetic_user_0094,2023,Biological and Environmental Research,GRADUATE
synthetic_repo_037,synthetic_user_0109,2023,Biological and Environmental Research,UNDRGRAD
synthetic_repo_037,synthetic_user_0220,2023,Biological and Environmental Research,NONE
synthetic_repo_037,synthetic_user_0223,2023,Biological and Environmental Research,GRADUATE
synthetic_repo_037,synthetic_user_0378,2023,Biological and Environmental Research,POSTDOC
synthetic_repo_037,synthetic_user_0531,2023,Biological and Environmental Research,OTHER
synthetic_repo_037,synthetic_user_0533,2023,Biological and Environmental Research,OTHER
synthetic_repo_037,synthetic_user_0538,2023,Biological and Environmental Research,POSTDOC
synthetic_repo_037,synthetic_user_0540,2023,Biological and Environmental Research,GRADUATE
synthetic_repo_037,synthetic_user_0556,2023,Biological and Environmental Research,POSTDOC
synthetic_repo_037,synthetic_user_0669,2023,Biological and Environmental Research,SCIENTST
synthetic_repo_037,synthetic_user_0714,2023,Biological and Environmental Research,GRADUATE
synthetic_repo_037,synthetic_user_0772,2023,Biological and Environmental Research,POSTDOC
synthetic_repo_037,synthetic_user_0835,2023,Biological and Environmental Research,POSTDOC
synthetic_repo_037,synthetic_user_0910,2023,Biological and Environmental Research,PROSTAFF
synthetic_repo_037,synthetic_user_1164,2023,Biological and Environmental Research,SCIENTST
synthetic_repo_037,synthetic_user_1165,2023,Biological and Environmental Research,FACULTY
synthetic_repo_038,synthetic_user_0094,2023,Biological and Environmental Research,GRADUATE
synthetic_repo_038,synthetic_user_0099,2023,Biological and Environmental Research,GRADUATE
synthetic_repo_038,synthetic_user_0105,2023,Biological and Environmental Research,PROSTAFF
synthetic_repo_038,synthetic_user_0110,2023,Biological and Environmental Research,UNDRGRAD
synthetic_repo_038,synthetic_user_0156,2023,Biological and Environmental Research,PROSTAFF
synthetic_repo_038,synthetic_user_0220,2023,Biological and Environmental Research,NONE
synthetic_repo_038,synthetic_user_0268,2023,Biological and Environmental Research,GRADUATE
synthetic_repo_038,synthetic_user_0378,2023,Biological and Environmental Research,POSTDOC
synthetic_repo_038,synthetic_user_0443,2023,Biological and Environmental Research,SCIENTST
synthetic_repo_038,synthetic_user_0533,2023,Biological and Environmental Research,OTHER
synthetic_repo_038,synthetic_user_0538,2023,Biological and Environmental Research,POSTDOC
synthetic_repo_038,synthetic_user_0556,2023,Biological and Environmental Research,POSTDOC
synthetic_repo_038,synthetic_user_0569,2023,Biological and Environmental Research,PROSTAFF
synthetic_repo_038,synthetic_user_0613,2023,Biological and Environmental Research,PROSTAFF
synthetic_repo_038,synthetic_user_0651,2023,Biological and Environmental Research,SCIENTST
synthetic_repo_038,synthetic_user_0669,2023,Biological and Environmental Research,SCIENTST
synthetic_repo_038,synthetic_user_0674,2023,Biological and Environmental Research,SCIENTST
synthetic_repo_038,synthetic_user_0695,2023,Biological and Environmental Research,OTHER
synthetic_repo_038,synthetic_user_0834,2023,Biological and Environmental Research,FACULTY
synthetic_repo_038,synthetic_user_0858,2023,Biological and Environmental Research,GRADUATE
synthetic_repo_038,synthetic_user_0910,2023,Biological and Environmental Research,PROSTAFF
synthetic_repo_039,synthetic_user_0036,2023,Biological and Environmental Research,POSTDOC
synthetic_repo_039,synthetic_user_0091,2023,Biological and Environmental Research,POSTDOC
synthetic_repo_039,synthetic_user_0094,2023,Biological and Environmental Research,GRADUATE
synthetic_repo_039,synthetic_user_0099,2023,Biological and Environmental Research,GRADUATE
synthetic_repo_039,synthetic_user_0105,2023,Biological and Environmental Research,PROSTAFF
synthetic_repo_039,synthetic_user_0156,2023,Biological and Environmental Research,PROSTAFF
synthetic_repo_039,synthetic_user_0186,2023,Biological and Environmental Research,GRADUATE
synthetic_repo_039,synthetic_user_0220,2023,Biological and Environmental Research,NONE
synthetic_repo_039,synthetic_user_0223,2023,Biological and Environmental Research,GRADUATE
synthetic_repo_039,synthetic_user_0358,2023,Biological and Environmental Research,PROSTAFF
synthetic_repo_039,synthetic_user_0378,2023,Biological and Environmental Research,POSTDOC
synthetic_repo_039,synthetic_user_0424,2023,Biological and Environmental Research,PROSTAFF
synthetic_repo_039,synthetic_user_0443,2023,Biological and Environmental Research,SCIENTST
synthetic_repo_039,synthetic_user_0476,2023,Biological and Environmental Research,GRADUATE
synthetic_repo_039,synthetic_user_0531,2023,Biological and Environmental Research,OTHER
synthetic_repo_039,synthetic_user_0532,2023,Biological and Environmental Research,GRADUATE
synthetic_repo_039,synthetic_user_0533,2023,Biological and Environmental Research,OTHER
synthetic_repo_039,synthetic_user_0538,2023,Biological and Environmental Research,POSTDOC
synthetic_repo_039,synthetic_user_0556,2023,Biological and Environmental Research,POSTDOC
synthetic_repo_039,synthetic_user_0569,2023,Biological and Environmental Research,PROSTAFF
synthetic_repo_039,synthetic_user_0597,2023,Biological and Environmental Research,OTHER
synthetic_repo_039,synthetic_user_0613,2023,Biological and Environmental Research,PROSTAFF
synthetic_repo_039,synthetic_user_0674,2023,Biological and Environmental Research,SCIENTST
synthetic_repo_039,synthetic_user_0695,2023,Biological and Environmental Research,OTHER
synthetic_repo_039,synthetic_user_0714,2023,Biological and Environmental Research,GRADUATE
synthetic_repo_039,synthetic_user_0772,2023,Biological and Environmental Research,POSTDOC
synthetic_repo_039,synthetic_user_0799,2023,Biological and Environmental Research,PROSTAFF
synthetic_repo_039,synthetic_user_0845,2023,Biological and Environmental Research,SCIENTST
synthetic_repo_039,synthetic_user_0910,2023,Biological and Environmental Research,PROSTAFF
synthetic_repo_039,synthetic_user_0911,2023,Biological and Environmental Research,SCIENTST
synthetic_repo_039,synthetic_user_0916,2023,Biological and Environmental Research,UNDRGRAD
synthetic_repo_039,synthetic_user_1002,2023,Biological and Environmental Research,SCIENTST
synthetic_repo_039,synthetic_user_1129,2023,Biological and Environmental Research,SCIENTST
synthetic_repo_039,synthetic_user_1184,2023,Biological and Environmental Research,FACULTY
synthetic_repo_040,synthetic_user_0026,2023,Biological and Environmental Research,POSTDOC
synthetic_repo_040,synthetic_user_0036,2023,Biological and Environmental Research,POSTDOC
synthetic_repo_040,synthetic_user_0044,2023,Biological and Environmental Research,FACULTY
synthetic_repo_040,synthetic_user_0068,2023,Biological and Environmental Research,FACULTY
synthetic_repo_040,synthetic_user_0085,2023,Biological and Environmental Research,GRADUATE
synthetic_repo_040,synthetic_user_0089,2023,Biological and Environmental Research,POSTDOC
synthetic_repo_040,synthetic_user_0091,2023,Biological and Environmental Research,POSTDOC
synthetic_repo_040,synthetic_user_0094,2023,Biological and Environmental Research,GRADUATE
synthetic_repo_040,synthetic_user_0099,2023,Biological and Environmental Research,GRADUATE
synthetic_repo_040,synthetic_user_0105,2023,Biological and Environmental Research,PROSTAFF
synthetic_repo_040,synthetic_user_0110,2023,Biological and Environmental Research,UNDRGRAD
synthetic_repo_040,synthetic_user_0156,2023,Biological and Environmental Research,PROSTAFF
synthetic_repo_040,synthetic_user_0220,2023,Biological and Environmental Research,NONE
synthetic_repo_040,synthetic_user_0223,2023,Biological and Environmental Research,GRADUATE
synthetic_repo_040,synthetic_user_0268,2023,Biological and Environmental Research,GRADUATE
synthetic_repo_040,synthetic_user_0274,2023,Biological and Environmental Research,SCIENTST
synthetic_repo_040,synthetic_user_0330,2023,Biological and Environmental Research,FACULTY
synthetic_repo_040,synthetic_user_0378,2023,Biological and Environmental Research,POSTDOC
synthetic_repo_040,synthetic_user_0410,2023,Biological and Environmental Research,POSTDOC
synthetic_repo_040,synthetic_user_0412,2023,Biological and Environmental Research,PROSTAFF
synthetic_repo_040,synthetic_user_0424,2023,Biological and Environmental Research,PROSTAFF
synthetic_repo_040,synthetic_user_0443,2023,Biological and Environmental Research,SCIENTST
synthetic_repo_040,synthetic_user_0469,2023,Biological and Environmental Research,GRADUATE
synthetic_repo_040,synthetic_user_0476,2023,Biological and Environmental Research,GRADUATE
synthetic_repo_040,synthetic_user_0512,2023,Biological and Environmental Research,SCIENTST
synthetic_repo_040,synthetic_user_0531,2023,Biological and Environmental Research,OTHER
synthetic_repo_040,synthetic_user_0532,2023,Biological and Environmental Research,GRADUATE
synthetic_repo_040,synthetic_user_0533,2023,Biological and Environmental Research,OTHER
synthetic_repo_040,synthetic_user_0538,2023,Biological and Environmental Research,POSTDOC
synthetic_repo_040,synthetic_user_0540,2023,Biological and Environmental Research,GRADUATE
synthetic_repo_040,synthetic_user_0556,2023,Biological and Environmental Research,POSTDOC
synthetic_repo_040,synthetic_user_0569,2023,Biological and Environmental Research,PROSTAFF
synthetic_repo_040,synthetic_user_0571,2023,Biological and Environmental Research,GRADUATE
synthetic_repo_040,synthetic_user_0623,2023,Biological and Environmental Research,POSTDOC
synthetic_repo_040,synthetic_user_0646,2023,Biological and Environmental Research,FACULTY
synthetic_repo_040,synthetic_user_0669,2023,Biological and Environmental Research,SCIENTST
synthetic_repo_040,synthetic_user_0674,2023,Biological and Environmental Research,SCIENTST
synthetic_repo_040,synthetic_user_0695,2023,Biological and Environmental Research,OTHER
synthetic_repo_040,synthetic_user_0714,2023,Biological and Environmental Research,GRADUATE
synthetic_repo_040,synthetic_user_0717,2023,Biological and Environmental Research,POSTDOC
synthetic_repo_040,synthetic_user_0770,2023,Biological and Environmental Research,PROSTAFF
synthetic_repo_040,synthetic_user_0772,2023,Biological and Environmental Research,POSTDOC
synthetic_repo_040,synthetic_user_0799,2023,Biological and Environmental Research,PROSTAFF
synthetic_repo_040,synthetic_user_0812,2023,Biological and Environmental Research,SCIENTST
synthetic_repo_040,synthetic_user_0823,2023,Biological and Environmental Research,POSTDOC
synthetic_repo_040,synthetic_user_0835,2023,Biological and Environmental Research,POSTDOC
synthetic_repo_040,synthetic_user_0910,2023,Biological and Environmental Research,PROSTAFF
synthetic_repo_040,synthetic_user_0911,2023,Biological and Environmental Research,SCIENTST
synthetic_repo_040,synthetic_user_0923,2023,Biological and Environmental Research,FACULTY
synthetic_repo_040,synthetic_user_0956,2023,Biological and Environmental Research,PROSTAFF
synthetic_repo_040,synthetic_user_0987,2023,Biological and Environmental Research,GRADUATE
synthetic_repo_040,synthetic_user_1046,2023,Biological and Environmental Research,SCIENTST
synthetic_repo_040,synthetic_user_1129,2023,Biological and Environmental Research,SCIENTST
synthetic_repo_040,synthetic_user_1165,2023,Biological and Environmental Research,FACULTY
synthetic_repo_040,synthetic_user_1184,2023,Biological and Environmental Research,FACULTY
synthetic_repo_040,synthetic_user_1190,2023,Biological and Environmental Research,FACULTY
synthetic_repo_041,synthetic_user_0147,2023,Advanced Scientific Computing Research,FACULTY
synthetic_repo_041,synthetic_user_0269,2023,Advanced Scientific Computing Research,FACULTY
synthetic_repo_041,synthetic_user_0711,2023,Advanced Scientific Computing Research,GRADUATE
synthetic_repo_041,synthetic_user_0737,2023,Advanced Scientific Computing Research,SCIENTST
synthetic_repo_041,synthetic_user_1104,2023,Advanced Scientific Computing Research,SCIENTST
synthetic_repo_042,synthetic_user_0006,2023,Advanced Scientific Computing Research,GRADUATE
synthetic_repo_042,synthetic_user_0245,2023,Advanced Scientific Computing Research,POSTDOC
synthetic_repo_042,synthetic_user_0402,2023,Advanced Scientific Computing Research,GRADUATE
synthetic_repo_042,synthetic_user_0625,2023,Advanced Scientific Computing Research,UNDRGRAD
synthetic_repo_042,synthetic_user_0708,2023,Advanced Scientific Computing Research,POSTDOC
synthetic_repo_042,synthetic_user_0821,2023,Advanced Scientific Computing Research,POSTDOC
synthetic_repo_042,synthetic_user_0999,2023,Advanced Scientific Computing Research,NONE
synthetic_repo_042,synthetic_user_1005,2023,Advanced Scientific Computing Research,POSTDOC
synthetic_repo_043,synthetic_user_0038,2023,Advanced Scientific Computing Research,UNDRGRAD
synthetic_repo_043,synthetic_user_0245,2023,Advanced Scientific Computing Research,POSTDOC
synthetic_repo_043,synthetic_user_0276,2023,Advanced Scientific Computing Research,UNDRGRAD
synthetic_repo_043,synthetic_user_0625,2023,Advanced Scientific Computing Research,UNDRGRAD
synthetic_repo_043,synthetic_user_0968,2023,Advanced Scientific Computing Research,GRADUATE
synthetic_repo_043,synthetic_user_0985,2023,Advanced Scientific Computing Research,GRADUATE
synthetic_repo_043,synthetic_user_1012,2023,Advanced Scientific Computing Research,FACULTY
synthetic_repo_044,synthetic_user_0027,2023,Advanced Scientific Computing Research,FACULTY
synthetic_repo_044,synthetic_user_0096,2023,Advanced Scientific Computing Research,SCIENTST
synthetic_repo_044,synthetic_user_0238,2023,Advanced Scientific Computing Research,FACULTY
synthetic_repo_044,synthetic_user_0286,2023,Advanced Scientific Computing Research,FACULTY
synthetic_repo_044,synthetic_user_0314,2023,Advanced Scientific Computing Research,UNDRGRAD
synthetic_repo_044,synthetic_user_0462,2023,Advanced Scientific Computing Research,PROSTAFF
synthetic_repo_044,synthetic_user_0625,2023,Advanced Scientific Computing Research,UNDRGRAD
synthetic_repo_044,synthetic_user_0685,2023,Advanced Scientific Computing Research,SCIENTST
synthetic_repo_044,synthetic_user_0821,2023,Advanced Scientific Computing Research,POSTDOC
synthetic_repo_044,synthetic_user_0930,2023,Advanced Scientific Computing Research,POSTDOC
synthetic_repo_044,synthetic_user_1047,2023,Advanced Scientific Computing Research,FACULTY
synthetic_repo_045,synthetic_user_0057,2023,Advanced Scientific Computing Research,POSTDOC
synthetic_repo_045,synthetic_user_0115,2023,Advanced Scientific Computing Research,GRADUATE
synthetic_repo_045,synthetic_user_0314,2023,Advanced Scientific Computing Research,UNDRGRAD
synthetic_repo_045,synthetic_user_0402,2023,Advanced Scientific Computing Research,GRADUATE
synthetic_repo_045,synthetic_user_0462,2023,Advanced Scientific Computing Research,PROSTAFF
synthetic_repo_045,synthetic_user_0645,2023,Advanced Scientific Computing Research,GRADUATE
synthetic_repo_045,synthetic_user_0685,2023,Advanced Scientific Computing Research,SCIENTST
synthetic_repo_045,synthetic_user_0708,2023,Advanced Scientific Computing Research,POSTDOC
synthetic_repo_045,synthetic_user_1012,2023,Advanced Scientific Computing Research,FACULTY
synthetic_repo_045,synthetic_user_1104,2023,Advanced Scientific Computing Research,SCIENTST
synthetic_repo_045,synthetic_user_1125,2023,Advanced Scientific Computing Research,SCIENTST
synthetic_repo_045,synthetic_user_1185,2023,Advanced Scientific Computing Research,FACULTY
synthetic_repo_046,synthetic_user_0027,2023,Advanced Scientific Computing Research,FACULTY
synthetic_repo_046,synthetic_user_0076,2023,Advanced Scientific Computing Research,GRADUATE
synthetic_repo_046,synthetic_user_0115,2023,Advanced Scientific Computing Research,GRADUATE
synthetic_repo_046,synthetic_user_0147,2023,Advanced Scientific Computing Research,FACULTY
synthetic_repo_046,synthetic_user_0241,2023,Advanced Scientific Computing Research,GRADUATE
synthetic_repo_046,synthetic_user_0245,2023,Advanced Scientific Computing Research,POSTDOC
synthetic_repo_046,synthetic_user_0336,2023,Advanced Scientific Computing Research,POSTDOC
synthetic_repo_046,synthetic_user_0338,2023,Advanced Scientific Computing Research,UNDRGRAD
synthetic_repo_046,synthetic_user_0504,2023,Advanced Scientific Computing Research,SCIENTST
synthetic_repo_046,synthetic_user_0558,2023,Advanced Scientific Computing Research,POSTDOC
synthetic_repo_046,synthetic_user_0645,2023,Advanced Scientific Computing Research,GRADUATE
synthetic_repo_046,synthetic_user_0662,2023,Advanced Scientific Computing Research,UNDRGRAD
synthetic_repo_046,synthetic_user_0708,2023,Advanced Scientific Computing Research,POSTDOC
synthetic_repo_046,synthetic_user_0755,2023,Advanced Scientific Computing Research,GRADUATE
synthetic_repo_046,synthetic_user_0877,2023,Advanced Scientific Computing Research,SCIENTST
synthetic_repo_046,synthetic_user_0979,2023,Advanced Scientific Computing Research,GRADUATE
synthetic_repo_047,synthetic_user_0076,2023,Advanced Scientific Computing Research,GRADUATE
synthetic_repo_047,synthetic_user_0098,2023,Advanced Scientific Computing Research,SCIENTST
synthetic_repo_047,synthetic_user_0102,2023,Advanced Scientific Computing Research,FACULTY
synthetic_repo_047,synthetic_user_0115,2023,Advanced Scientific Computing Research,GRADUATE
synthetic_repo_047,synthetic_user_0240,2023,Advanced Scientific Computing Research,SCIENTST
synthetic_repo_047,synthetic_user_0269,2023,Advanced Scientific Computing Research,FACULTY
synthetic_repo_047,synthetic_user_0276,2023,Advanced Scientific Computing Research,UNDRGRAD
synthetic_repo_047,synthetic_user_0286,2023,Advanced Scientific Computing Research,FACULTY
synthetic_repo_047,synthetic_user_0426,2023,Advanced Scientific Computing Research,GRADUATE
synthetic_repo_047,synthetic_user_0553,2023,Advanced Scientific Computing Research,POSTDOC
synthetic_repo_047,synthetic_user_0625,2023,Advanced Scientific Computing Research,UNDRGRAD
synthetic_repo_047,synthetic_user_0645,2023,Advanced Scientific Computing Research,GRADUATE
synthetic_repo_047,synthetic_user_0708,2023,Advanced Scientific Computing Research,POSTDOC
synthetic_repo_047,synthetic_user_0711,2023,Advanced Scientific Computing Research,GRADUATE
synthetic_repo_047,synthetic_user_0797,2023,Advanced Scientific Computing Research,POSTDOC
synthetic_repo_047,synthetic_user_0821,2023,Advanced Scientific Computing Research,POSTDOC
synthetic_repo_047,synthetic_user_0985,2023,Advanced Scientific Computing Research,GRADUATE
synthetic_repo_047,synthetic_user_0992,2023,Advanced Scientific Computing Research,GRADUATE
synthetic_repo_047,synthetic_user_1005,2023,Advanced Scientific Computing Research,POSTDOC
synthetic_repo_047,synthetic_user_1047,2023,Advanced Scientific Computing Research,FACULTY
synthetic_repo_047,synthetic_user_1053,2023,Advanced Scientific Computing Research,UNDRGRAD
synthetic_repo_047,synthetic_user_1099,2023,Advanced Scientific Computing Research,SCIENTST
synthetic_repo_047,synthetic_user_1104,2023,Advanced Scientific Computing Research,SCIENTST
synthetic_repo_048,synthetic_user_0006,2023,Advanced Scientific Computing Research,GRADUATE
synthetic_repo_048,synthetic_user_0057,2023,Advanced Scientific Computing Research,POSTDOC
synthetic_repo_048,synthetic_user_0076,2023,Advanced Scientific Computing Research,GRADUATE
synthetic_repo_048,synthetic_user_0102,2023,Advanced Scientific Computing Research,FACULTY
synthetic_repo_048,synthetic_user_0147,2023,Advanced Scientific Computing Research,FACULTY
synthetic_repo_048,synthetic_user_0240,2023,Advanced Scientific Computing Research,SCIENTST
synthetic_repo_048,synthetic_user_0245,2023,Advanced Scientific Computing Research,POSTDOC
synthetic_repo_048,synthetic_user_0402,2023,Advanced Scientific Computing Research,GRADUATE
synthetic_repo_048,synthetic_user_0405,2023,Advanced Scientific Computing Research,GRADUATE
synthetic_repo_048,synthetic_user_0462,2023,Advanced Scientific Computing Research,PROSTAFF
synthetic_repo_048,synthetic_user_0504,2023,Advanced Scientific Computing Research,SCIENTST
synthetic_repo_048,synthetic_user_0553,2023,Advanced Scientific Computing Research,POSTDOC
synthetic_repo_048,synthetic_user_0625,2023,Advanced Scientific Computing Research,UNDRGRAD
synthetic_repo_048,synthetic_user_0662,2023,Advanced Scientific Computing Research,UNDRGRAD
synthetic_repo_048,synthetic_user_0755,2023,Advanced Scientific Computing Research,GRADUATE
synthetic_repo_048,synthetic_user_0767,2023,Advanced Scientific Computing Research,GRADUATE
synthetic_repo_048,synthetic_user_0821,2023,Advanced Scientific Computing Research,POSTDOC
synthetic_repo_048,synthetic_user_0894,2023,Advanced Scientific Computing Research,POSTDOC
synthetic_repo_048,synthetic_user_0968,2023,Advanced Scientific Computing Research,GRADUATE
synthetic_repo_048,synthetic_user_1004,2023,Advanced Scientific Computing Research,SCIENTST
synthetic_repo_048,synthetic_user_1005,2023,Advanced Scientific Computing Research,POSTDOC
synthetic_repo_048,synthetic_user_1007,2023,Advanced Scientific Computing Research,POSTDOC
synthetic_repo_048,synthetic_user_1012,2023,Advanced Scientific Computing Research,FACULTY
synthetic_repo_048,synthetic_user_1091,2023,Advanced Scientific Computing Research,FACULTY
synthetic_repo_048,synthetic_user_1104,2023,Advanced Scientific Computing Research,SCIENTST
synthetic_repo_049,synthetic_user_0006,2023,Advanced Scientific Computing Research,GRADUATE
synthetic_repo_049,synthetic_user_0009,2023,Advanced Scientific Computing Research,POSTDOC
synthetic_repo_049,synthetic_user_0027,2023,Advanced Scientific Computing Research,FACULTY
synthetic_repo_049,synthetic_user_0057,2023,Advanced Scientific Computing Research,POSTDOC
synthetic_repo_049,synthetic_user_0076,2023,Advanced Scientific Computing Research,GRADUATE
synthetic_repo_049,synthetic_user_0096,2023,Advanced Scientific Computing Research,SCIENTST
synthetic_repo_049,synthetic_user_0098,2023,Advanced Scientific Computing Research,SCIENTST
synthetic_repo_049,synthetic_user_0102,2023,Advanced Scientific Computing Research,FACULTY
synthetic_repo_049,synthetic_user_0201,2023,Advanced Scientific Computing Research,POSTDOC
synthetic_repo_049,synthetic_user_0240,2023,Advanced Scientific Computing Research,SCIENTST
synthetic_repo_049,synthetic_user_0241,2023,Advanced Scientific Computing Research,GRADUATE
synthetic_repo_049,synthetic_user_0245,2023,Advanced Scientific Computing Research,POSTDOC
synthetic_repo_049,synthetic_user_0269,2023,Advanced Scientific Computing Research,FACULTY
synthetic_repo_049,synthetic_user_0286,2023,Advanced Scientific Computing Research,FACULTY
synthetic_repo_049,synthetic_user_0314,2023,Advanced Scientific Computing Research,UNDRGRAD
synthetic_repo_049,synthetic_user_0336,2023,Advanced Scientific Computing Research,POSTDOC
synthetic_repo_049,synthetic_user_0350,2023,Advanced Scientific Computing Research,FACULTY
synthetic_repo_049,synthetic_user_0391,2023,Advanced Scientific Computing Research,UNDRGRAD
synthetic_repo_049,synthetic_user_0402,2023,Advanced Scientific Computing Research,GRADUATE
synthetic_repo_049,synthetic_user_0462,2023,Advanced Scientific Computing Research,PROSTAFF
synthetic_repo_049,synthetic_user_0625,2023,Advanced Scientific Computing Research,UNDRGRAD
synthetic_repo_049,synthetic_user_0645,2023,Advanced Scientific Computing Research,GRADUATE
synthetic_repo_049,synthetic_user_0662,2023,Advanced Scientific Computing Research,UNDRGRAD
synthetic_repo_049,synthetic_user_0685,2023,Advanced Scientific Computing Research,SCIENTST
synthetic_repo_049,synthetic_user_0708,2023,Advanced Scientific Computing Research,POSTDOC
synthetic_repo_049,synthetic_user_0821,2023,Advanced Scientific Computing Research,POSTDOC
synthetic_repo_049,synthetic_user_0880,2023,Advanced Scientific Computing Research,GRADUATE
synthetic_repo_049,synthetic_user_0918,2023,Advanced Scientific Computing Research,POSTDOC
synthetic_repo_049,synthetic_user_0979,2023,Advanced Scientific Computing Research,GRADUATE
synthetic_repo_049,synthetic_user_0982,2023,Advanced Scientific Computing Research,POSTDOC
synthetic_repo_049,synthetic_user_0984,2023,Advanced Scientific Computing Research,OTHER
synthetic_repo_049,synthetic_user_0985,2023,Advanced Scientific Computing Research,GRADUATE
synthetic_repo_049,synthetic_user_0999,2023,Advanced Scientific Computing Research,NONE
synthetic_repo_049,synthetic_user_1004,2023,Advanced Scientific Computing Research,SCIENTST
synthetic_repo_049,synthetic_user_1040,2023,Advanced Scientific Computing Research,FACULTY
synthetic_repo_049,synthetic_user_1093,2023,Advanced Scientific Computing Research,SCIENTST
synthetic_repo_049,synthetic_user_1125,2023,Advanced Scientific Computing Research,SCIENTST
synthetic_repo_049,synthetic_user_1150,2023,Advanced Scientific Computing Research,PROSTAFF
synthetic_repo_050,synthetic_user_0027,2023,Advanced Scientific Computing Research,FACULTY
synthetic_repo_050,synthetic_user_0038,2023,Advanced Scientific Computing Research,UNDRGRAD
synthetic_repo_050,synthetic_user_0057,2023,Advanced Scientific Computing Research,POSTDOC
synthetic_repo_050,synthetic_user_0076,2023,Advanced Scientific Computing Research,GRADUATE
synthetic_repo_050,synthetic_user_0086,2023,Advanced Scientific Computing Research,PROSTAFF
synthetic_repo_050,synthetic_user_0096,2023,Advanced Scientific Computing Research,SCIENTST
synthetic_repo_050,synthetic_user_0102,2023,Advanced Scientific Computing Research,FACULTY
synthetic_repo_050,synthetic_user_0115,2023,Advanced Scientific Computing Research,GRADUATE
synthetic_repo_050,synthetic_user_0147,2023,Advanced Scientific Computing Research,FACULTY
synthetic_repo_050,synthetic_user_0183,2023,Advanced Scientific Computing Research,POSTDOC
synthetic_repo_050,synthetic_user_0238,2023,Advanced Scientific Computing Research,FACULTY
synthetic_repo_050,synthetic_user_0240,2023,Advanced Scientific Computing Research,SCIENTST
synthetic_repo_050,synthetic_user_0241,2023,Advanced Scientific Computing Research,GRADUATE
synthetic_repo_050,synthetic_user_0245,2023,Advanced Scientific Computing Research,POSTDOC
synthetic_repo_050,synthetic_user_0336,2023,Advanced Scientific Computing Research,POSTDOC
synthetic_repo_050,synthetic_user_0350,2023,Advanced Scientific Computing Research,FACULTY
synthetic_repo_050,synthetic_user_0391,2023,Advanced Scientific Computing Research,UNDRGRAD
synthetic_repo_050,synthetic_user_0405,2023,Advanced Scientific Computing Research,GRADUATE
synthetic_repo_050,synthetic_user_0462,2023,Advanced Scientific Computing Research,PROSTAFF
synthetic_repo_050,synthetic_user_0504,2023,Advanced Scientific Computing Research,SCIENTST
synthetic_repo_050,synthetic_user_0565,2023,Advanced Scientific Computing Research,FACULTY
synthetic_repo_050,synthetic_user_0593,2023,Advanced Scientific Computing Research,GRADUATE
synthetic_repo_050,synthetic_user_0625,2023,Advanced Scientific Computing Research,UNDRGRAD
synthetic_repo_050,synthetic_user_0634,2023,Advanced Scientific Computing Research,NONE
synthetic_repo_050,synthetic_user_0708,2023,Advanced Scientific Computing Research,POSTDOC
synthetic_repo_050,synthetic_user_0755,2023,Advanced Scientific Computing Research,GRADUATE
synthetic_repo_050,synthetic_user_0797,2023,Advanced Scientific Computing Research,POSTDOC
synthetic_repo_050,synthetic_user_0821,2023,Advanced Scientific Computing Research,POSTDOC
synthetic_repo_050,synthetic_user_0886,2023,Advanced Scientific Computing Research,SCIENTST
synthetic_repo_050,synthetic_user_0894,2023,Advanced Scientific Computing Research,POSTDOC
synthetic_repo_050,synthetic_user_0952,2023,Advanced Scientific Computing Research,SCIENTST
synthetic_repo_050,synthetic_user_0966,2023,Advanced Scientific Computing Research,GRADUATE
synthetic_repo_050,synthetic_user_0968,2023,Advanced Scientific Computing Research,GRADUATE
synthetic_repo_050,synthetic_user_0973,2023,Advanced Scientific Computing Research,SCIENTST
synthetic_repo_050,synthetic_user_0979,2023,Advanced Scientific Computing Research,GRADUATE
synthetic_repo_050,synthetic_user_0982,2023,Advanced Scientific Computing Research,POSTDOC
synthetic_repo_050,synthetic_user_0985,2023,Advanced Scientific Computing Research,GRADUATE
synthetic_repo_050,synthetic_user_0992,2023,Advanced Scientific Computing Research,GRADUATE
synthetic_repo_050,synthetic_user_0999,2023,Advanced Scientific Computing Research,NONE
synthetic_repo_050,synthetic_user_1005,2023,Advanced Scientific Computing Research,POSTDOC
synthetic_repo_050,synthetic_user_1007,2023,Advanced Scientific Computing Research,POSTDOC
synthetic_repo_050,synthetic_user_1091,2023,Advanced Scientific Computing Research,FACULTY
synthetic_repo_050,synthetic_user_1093,2023,Advanced Scientific Computing Research,SCIENTST
synthetic_repo_050,synthetic_user_1099,2023,Advanced Scientific Computing Research,SCIENTST
synthetic_repo_050,synthetic_user_1109,2023,Advanced Scientific Computing Research,OTHER
synthetic_repo_050,synthetic_user_1125,2023,Advanced Scientific Computing Research,SCIENTST
synthetic_repo_050,synthetic_user_1150,2023,Advanced Scientific Computing Research,PROSTAFF
synthetic_repo_051,synthetic_user_0203,2023,Fusion Energy Sciences,SCIENTST
synthetic_repo_051,synthetic_user_0291,2023,Fusion Energy Sciences,FACULTY
synthetic_repo_051,synthetic_user_0543,2023,Fusion Energy Sciences,SCIENTST
synthetic_repo_051,synthetic_user_1014,2023,Fusion Energy Sciences,SCIENTST
synthetic_repo_051,synthetic_user_1037,2023,Fusion Energy Sciences,GRADUATE
synthetic_repo_052,synthetic_user_0164,2023,Fusion Energy Sciences,NONE
synthetic_repo_052,synthetic_user_0289,2023,Fusion Energy Sciences,SCIENTST
synthetic_repo_052,synthetic_user_0341,2023,Fusion Energy Sciences,PROSTAFF
synthetic_repo_052,synthetic_user_0859,2023,Fusion Energy Sciences,PROSTAFF
synthetic_repo_052,synthetic_user_0995,2023,Fusion Energy Sciences,FACULTY
synthetic_repo_052,synthetic_user_1080,2023,Fusion Energy Sciences,FACULTY
synthetic_repo_053,synthetic_user_0107,2023,Fusion Energy Sciences,PROSTAFF
synthetic_repo_053,synthetic_user_0495,2023,Fusion Energy Sciences,SCIENTST
synthetic_repo_053,synthetic_user_0552,2023,Fusion Energy Sciences,UNDRGRAD
synthetic_repo_053,synthetic_user_0566,2023,Fusion Energy Sciences,UNDRGRAD
synthetic_repo_053,synthetic_user_0600,2023,Fusion Energy Sciences,FACULTY
synthetic_repo_053,synthetic_user_1014,2023,Fusion Energy Sciences,SCIENTST
synthetic_repo_053,synthetic_user_1157,2023,Fusion Energy Sciences,GRADUATE
synthetic_repo_053,synthetic_user_1162,2023,Fusion Energy Sciences,SCIENTST
synthetic_repo_054,synthetic_user_0164,2023,Fusion Energy Sciences,NONE
synthetic_repo_054,synthetic_user_0411,2023,Fusion Energy Sciences,POSTDOC
synthetic_repo_054,synthetic_user_0487,2023,Fusion Energy Sciences,POSTDOC
synthetic_repo_054,synthetic_user_0579,2023,Fusion Energy Sciences,UNDRGRAD
synthetic_repo_054,synthetic_user_0598,2023,Fusion Energy Sciences,SCIENTST
synthetic_repo_054,synthetic_user_0632,2023,Fusion Energy Sciences,PROSTAFF
synthetic_repo_054,synthetic_user_0869,2023,Fusion Energy Sciences,GRADUATE
synthetic_repo_054,synthetic_user_0995,2023,Fusion Energy Sciences,FACULTY
synthetic_repo_054,synthetic_user_1014,2023,Fusion Energy Sciences,SCIENTST
synthetic_repo_054,synthetic_user_1037,2023,Fusion Energy Sciences,GRADUATE
synthetic_repo_054,synthetic_user_1065,2023,Fusion Energy Sciences,FACULTY
synthetic_repo_054,synthetic_user_1108,2023,Fusion Energy Sciences,POSTDOC
synthetic_repo_054,synthetic_user_1175,2023,Fusion Energy Sciences,GRADUATE
synthetic_repo_055,synthetic_user_0129,2023,Fusion Energy Sciences,SCIENTST
synthetic_repo_055,synthetic_user_0164,2023,Fusion Energy Sciences,NONE
synthetic_repo_055,synthetic_user_0203,2023,Fusion Energy Sciences,SCIENTST
synthetic_repo_055,synthetic_user_0552,2023,Fusion Energy Sciences,UNDRGRAD
synthetic_repo_055,synthetic_user_0585,2023,Fusion Energy Sciences,GRADUATE
synthetic_repo_055,synthetic_user_0632,2023,Fusion Energy Sciences,PROSTAFF
synthetic_repo_055,synthetic_user_0647,2023,Fusion Energy Sciences,SCIENTST
synthetic_repo_055,synthetic_user_0750,2023,Fusion Energy Sciences,SCIENTST
synthetic_repo_055,synthetic_user_0769,2023,Fusion Energy Sciences,SCIENTST
synthetic_repo_055,synthetic_user_0869,2023,Fusion Energy Sciences,GRADUATE
synthetic_repo_055,synthetic_user_0995,2023,Fusion Energy Sciences,FACULTY
synthetic_repo_055,synthetic_user_1152,2023,Fusion Energy Sciences,PROSTAFF
synthetic_repo_055,synthetic_user_1157,2023,Fusion Energy Sciences,GRADUATE
synthetic_repo_055,synthetic_user_1162,2023,Fusion Energy Sciences,SCIENTST
synthetic_repo_056,synthetic_user_0164,2023,Fusion Energy Sciences,NONE
synthetic_repo_056,synthetic_user_0315,2023,Fusion Energy Sciences,POSTDOC
synthetic_repo_056,synthetic_user_0326,2023,Fusion Energy Sciences,SCIENTST
synthetic_repo_056,synthetic_user_0411,2023,Fusion Energy Sciences,POSTDOC
synthetic_repo_056,synthetic_user_0495,2023,Fusion Energy Sciences,SCIENTST
synthetic_repo_056,synthetic_user_0590,2023,Fusion Energy Sciences,PROSTAFF
synthetic_repo_056,synthetic_user_0598,2023,Fusion Energy Sciences,SCIENTST
synthetic_repo_056,synthetic_user_0628,2023,Fusion Energy Sciences,OTHER
synthetic_repo_056,synthetic_user_0851,2023,Fusion Energy Sciences,GRADUATE
synthetic_repo_056,synthetic_user_0869,2023,Fusion Energy Sciences,GRADUATE
synthetic_repo_056,synthetic_user_0958,2023,Fusion Energy Sciences,GRADUATE
synthetic_repo_056,synthetic_user_1008,2023,Fusion Energy Sciences,FACULTY
synthetic_repo_056,synthetic_user_1037,2023,Fusion Energy Sciences,GRADUATE
synthetic_repo_056,synthetic_user_1065,2023,Fusion Energy Sciences,FACULTY
synthetic_repo_056,synthetic_user_1157,2023,Fusion Energy Sciences,GRADUATE
synthetic_repo_057,synthetic_user_0041,2023,Fusion Energy Sciences,PROSTAFF
synthetic_repo_057,synthetic_user_0107,2023,Fusion Energy Sciences,PROSTAFF
synthetic_repo_057,synthetic_user_0164,2023,Fusion Energy Sciences,NONE
synthetic_repo_057,synthetic_user_0187,2023,Fusion Energy Sciences,PROSTAFF
synthetic_repo_057,synthetic_user_0200,2023,Fusion Energy Sciences,POSTDOC
synthetic_repo_057,synthetic_user_0229,2023,Fusion Energy Sciences,POSTDOC
synthetic_repo_057,synthetic_user_0249,2023,Fusion Energy Sciences,PROSTAFF
synthetic_repo_057,synthetic_user_0326,2023,Fusion Energy Sciences,SCIENTST
synthetic_repo_057,synthetic_user_0411,2023,Fusion Energy Sciences,POSTDOC
synthetic_repo_057,synthetic_user_0421,2023,Fusion Energy Sciences,POSTDOC
synthetic_repo_057,synthetic_user_0435,2023,Fusion Energy Sciences,GRADUATE
synthetic_repo_057,synthetic_user_0487,2023,Fusion Energy Sciences,POSTDOC
synthetic_repo_057,synthetic_user_0542,2023,Fusion Energy Sciences,SCIENTST
synthetic_repo_057,synthetic_user_0552,2023,Fusion Energy Sciences,UNDRGRAD
synthetic_repo_057,synthetic_user_0566,2023,Fusion Energy Sciences,UNDRGRAD
synthetic_repo_057,synthetic_user_0632,2023,Fusion Energy Sciences,PROSTAFF
synthetic_repo_057,synthetic_user_0750,2023,Fusion Energy Sciences,SCIENTST
synthetic_repo_057,synthetic_user_0764,2023,Fusion Energy Sciences,POSTDOC
synthetic_repo_057,synthetic_user_0805,2023,Fusion Energy Sciences,FACULTY
synthetic_repo_057,synthetic_user_0869,2023,Fusion Energy Sciences,GRADUATE
synthetic_repo_057,synthetic_user_0958,2023,Fusion Energy Sciences,GRADUATE
synthetic_repo_057,synthetic_user_0969,2023,Fusion Energy Sciences,POSTDOC
synthetic_repo_057,synthetic_user_0995,2023,Fusion Energy Sciences,FACULTY
synthetic_repo_057,synthetic_user_1014,2023,Fusion Energy Sciences,SCIENTST
synthetic_repo_057,synthetic_user_1037,2023,Fusion Energy Sciences,GRADUATE
synthetic_repo_057,synthetic_user_1065,2023,Fusion Energy Sciences,FACULTY
synthetic_repo_057,synthetic_user_1080,2023,Fusion Energy Sciences,FACULTY
synthetic_repo_057,synthetic_user_1123,2023,Fusion Energy Sciences,FACULTY
synthetic_repo_057,synthetic_user_1157,2023,Fusion Energy Sciences,GRADUATE
synthetic_repo_058,synthetic_user_0031,2023,Fusion Energy Sciences,FACULTY
synthetic_repo_058,synthetic_user_0249,2023,Fusion Energy Sciences,PROSTAFF
synthetic_repo_058,synthetic_user_0253,2023,Fusion Energy Sciences,POSTDOC
synthetic_repo_058,synthetic_user_0341,2023,Fusion Energy Sciences,PROSTAFF
synthetic_repo_058,synthetic_user_0369,2023,Fusion Energy Sciences,OTHER
synthetic_repo_058,synthetic_user_0421,2023,Fusion Energy Sciences,POSTDOC
synthetic_repo_058,synthetic_user_0468,2023,Fusion Energy Sciences,NONE
synthetic_repo_058,synthetic_user_0530,2023,Fusion Energy Sciences,SCIENTST
synthetic_repo_058,synthetic_user_0552,2023,Fusion Energy Sciences,UNDRGRAD
synthetic_repo_058,synthetic_user_0585,2023,Fusion Energy Sciences,GRADUATE
synthetic_repo_058,synthetic_user_0632,2023,Fusion Energy Sciences,PROSTAFF
synthetic_repo_058,synthetic_user_0647,2023,Fusion Energy Sciences,SCIENTST
synthetic_repo_058,synthetic_user_0750,2023,Fusion Energy Sciences,SCIENTST
synthetic_repo_058,synthetic_user_0786,2023,Fusion Energy Sciences,UNDRGRAD
synthetic_repo_058,synthetic_user_0809,2023,Fusion Energy Sciences,UNDRGRAD
synthetic_repo_058,synthetic_user_0869,2023,Fusion Energy Sciences,GRADUATE
synthetic_repo_058,synthetic_user_0995,2023,Fusion Energy Sciences,FACULTY
synthetic_repo_058,synthetic_user_1014,2023,Fusion Energy Sciences,SCIENTST
synthetic_repo_058,synthetic_user_1037,2023,Fusion Energy Sciences,GRADUATE
synthetic_repo_058,synthetic_user_1079,2023,Fusion Energy Sciences,FACULTY
synthetic_repo_058,synthetic_user_1162,2023,Fusion Energy Sciences,SCIENTST
synthetic_repo_058,synthetic_user_1175,2023,Fusion Energy Sciences,GRADUATE
synthetic_repo_058,synthetic_user_1189,2023,Fusion Energy Sciences,UNDRGRAD
synthetic_repo_059,synthetic_user_0107,2023,Fusion Energy Sciences,PROSTAFF
synthetic_repo_059,synthetic_user_0164,2023,Fusion Energy Sciences,NONE
synthetic_repo_059,synthetic_user_0227,2023,Fusion Energy Sciences,NONE
synthetic_repo_059,synthetic_user_0249,2023,Fusion Energy Sciences,PROSTAFF
synthetic_repo_059,synthetic_user_0289,2023,Fusion Energy Sciences,SCIENTST
synthetic_repo_059,synthetic_user_0291,2023,Fusion Energy Sciences,FACULTY
synthetic_repo_059,synthetic_user_0315,2023,Fusion Energy Sciences,POSTDOC
synthetic_repo_059,synthetic_user_0341,2023,Fusion Energy Sciences,PROSTAFF
synthetic_repo_059,synthetic_user_0487,2023,Fusion Energy Sciences,POSTDOC
synthetic_repo_059,synthetic_user_0552,2023,Fusion Energy Sciences,UNDRGRAD
synthetic_repo_059,synthetic_user_0566,2023,Fusion Energy Sciences,UNDRGRAD
synthetic_repo_059,synthetic_user_0572,2023,Fusion Energy Sciences,GRADUATE
synthetic_repo_059,synthetic_user_0579,2023,Fusion Energy Sciences,UNDRGRAD
synthetic_repo_059,synthetic_user_0585,2023,Fusion Energy Sciences,GRADUATE
synthetic_repo_059,synthetic_user_0805,2023,Fusion Energy Sciences,FACULTY
synthetic_repo_059,synthetic_user_0851,2023,Fusion Energy Sciences,GRADUATE
synthetic_repo_059,synthetic_user_0869,2023,Fusion Energy Sciences,GRADUATE
synthetic_repo_059,synthetic_user_0958,2023,Fusion Energy Sciences,GRADUATE
synthetic_repo_059,synthetic_user_0969,2023,Fusion Energy Sciences,POSTDOC
synthetic_repo_059,synthetic_user_0995,2023,Fusion Energy Sciences,FACULTY
synthetic_repo_059,synthetic_user_1006,2023,Fusion Energy Sciences,PROSTAFF
synthetic_repo_059,synthetic_user_1009,2023,Fusion Energy Sciences,FACULTY
synthetic_repo_059,synthetic_user_1014,2023,Fusion Energy Sciences,SCIENTST
synthetic_repo_059,synthetic_user_1037,2023,Fusion Energy Sciences,GRADUATE
synthetic_repo_059,synthetic_user_1065,2023,Fusion Energy Sciences,FACULTY
synthetic_repo_059,synthetic_user_1079,2023,Fusion Energy Sciences,FACULTY
synthetic_repo_059,synthetic_user_1080,2023,Fusion Energy Sciences,FACULTY
synthetic_repo_059,synthetic_user_1108,2023,Fusion Energy Sciences,POSTDOC
synthetic_repo_059,synthetic_user_1153,2023,Fusion Energy Sciences,GRADUATE
synthetic_repo_059,synthetic_user_1157,2023,Fusion Energy Sciences,GRADUATE
synthetic_repo_059,synthetic_user_1163,2023,Fusion Energy Sciences,OTHER
synthetic_repo_059,synthetic_user_1175,2023,Fusion Energy Sciences,GRADUATE
synthetic_repo_060,synthetic_user_0041,2023,Fusion Energy Sciences,PROSTAFF
synthetic_repo_060,synthetic_user_0110,2023,Fusion Energy Sciences,UNDRGRAD
synthetic_repo_060,synthetic_user_0130,2023,Fusion Energy Sciences,GRADUATE
synthetic_repo_060,synthetic_user_0140,2023,Fusion Energy Sciences,POSTDOC
synthetic_repo_060,synthetic_user_0164,2023,Fusion Energy Sciences,NONE
synthetic_repo_060,synthetic_user_0203,2023,Fusion Energy Sciences,SCIENTST
synthetic_repo_060,synthetic_user_0249,2023,Fusion Energy Sciences,PROSTAFF
synthetic_repo_060,synthetic_user_0253,2023,Fusion Energy Sciences,POSTDOC
synthetic_repo_060,synthetic_user_0289,2023,Fusion Energy Sciences,SCIENTST
synthetic_repo_060,synthetic_user_0315,2023,Fusion Energy Sciences,POSTDOC
synthetic_repo_060,synthetic_user_0326,2023,Fusion Energy Sciences,SCIENTST
synthetic_repo_060,synthetic_user_0341,2023,Fusion Energy Sciences,PROSTAFF
synthetic_repo_060,synthetic_user_0357,2023,Fusion Energy Sciences,SCIENTST
synthetic_repo_060,synthetic_user_0369,2023,Fusion Energy Sciences,OTHER
synthetic_repo_060,synthetic_user_0411,2023,Fusion Energy Sciences,POSTDOC
synthetic_repo_060,synthetic_user_0412,2023,Fusion Energy Sciences,PROSTAFF
synthetic_repo_060,synthetic_user_0435,2023,Fusion Energy Sciences,GRADUATE
synthetic_repo_060,synthetic_user_0468,2023,Fusion Energy Sciences,NONE
synthetic_repo_060,synthetic_user_0494,2023,Fusion Energy Sciences,POSTDOC
synthetic_repo_060,synthetic_user_0495,2023,Fusion Energy Sciences,SCIENTST
synthetic_repo_060,synthetic_user_0516,2023,Fusion Energy Sciences,FACULTY
synthetic_repo_060,synthetic_user_0534,2023,Fusion Energy Sciences,PROSTAFF
synthetic_repo_060,synthetic_user_0542,2023,Fusion Energy Sciences,SCIENTST
synthetic_repo_060,synthetic_user_0543,2023,Fusion Energy Sciences,SCIENTST
synthetic_repo_060,synthetic_user_0552,2023,Fusion Energy Sciences,UNDRGRAD
synthetic_repo_060,synthetic_user_0566,2023,Fusion Energy Sciences,UNDRGRAD
synthetic_repo_060,synthetic_user_0579,2023,Fusion Energy Sciences,UNDRGRAD
synthetic_repo_060,synthetic_user_0590,2023,Fusion Energy Sciences,PROSTAFF
synthetic_repo_060,synthetic_user_0598,2023,Fusion Energy Sciences,SCIENTST
synthetic_repo_060,synthetic_user_0611,2023,Fusion Energy Sciences,PROSTAFF
synthetic_repo_060,synthetic_user_0632,2023,Fusion Energy Sciences,PROSTAFF
synthetic_repo_060,synthetic_user_0764,2023,Fusion Energy Sciences,POSTDOC
synthetic_repo_060,synthetic_user_0769,2023,Fusion Energy Sciences,SCIENTST
synthetic_repo_060,synthetic_user_0786,2023,Fusion Energy Sciences,UNDRGRAD
synthetic_repo_060,synthetic_user_0805,2023,Fusion Energy Sciences,FACULTY
synthetic_repo_060,synthetic_user_0809,2023,Fusion Energy Sciences,UNDRGRAD
synthetic_repo_060,synthetic_user_0851,2023,Fusion Energy Sciences,GRADUATE
synthetic_repo_060,synthetic_user_0869,2023,Fusion Energy Sciences,GRADUATE
synthetic_repo_060,synthetic_user_0927,2023,Fusion Energy Sciences,FACULTY
synthetic_repo_060,synthetic_user_0969,2023,Fusion Energy Sciences,POSTDOC
synthetic_repo_060,synthetic_user_0995,2023,Fusion Energy Sciences,FACULTY
synthetic_repo_060,synthetic_user_1009,2023,Fusion Energy Sciences,FACULTY
synthetic_repo_060,synthetic_user_1037,2023,Fusion Energy Sciences,GRADUATE
synthetic_repo_060,synthetic_user_1065,2023,Fusion Energy Sciences,FACULTY
synthetic_repo_060,synthetic_user_1079,2023,Fusion Energy Sciences,FACULTY
synthetic_repo_060,synthetic_user_1080,2023,Fusion Energy Sciences,FACULTY
synthetic_repo_060,synthetic_user_1108,2023,Fusion Energy Sciences,POSTDOC
synthetic_repo_060,synthetic_user_1123,2023,Fusion Energy Sciences,FACULTY
synthetic_repo_060,synthetic_user_1153,2023,Fusion Energy Sciences,GRADUATE
synthetic_repo_060,synthetic_user_1157,2023,Fusion Energy Sciences,GRADUATE
synthetic_repo_060,synthetic_user_1162,2023,Fusion Energy Sciences,SCIENTST
synthetic_repo_060,synthetic_user_1163,2023,Fusion Energy Sciences,OTHER
synthetic_repo_060,synthetic_user_1189,2023,Fusion Energy Sciences,UNDRGRAD
synthetic_repo_061,synthetic_user_0166,2023,Nuclear Physics,FACULTY
synthetic_repo_061,synthetic_user_0320,2023,Nuclear Physics,PROSTAFF
synthetic_repo_061,synthetic_user_0870,2023,Nuclear Physics,FACULTY
synthetic_repo_061,synthetic_user_0989,2023,Nuclear Physics,PROSTAFF
synthetic_repo_062,synthetic_user_0050,2023,Nuclear Physics,POSTDOC
synthetic_repo_062,synthetic_user_0564,2023,Nuclear Physics,SCIENTST
synthetic_repo_062,synthetic_user_0677,2023,Nuclear Physics,FACULTY
synthetic_repo_062,synthetic_user_0802,2023,Nuclear Physics,POSTDOC
synthetic_repo_062,synthetic_user_0811,2023,Nuclear Physics,SCIENTST
synthetic_repo_062,synthetic_user_0861,2023,Nuclear Physics,UNDRGRAD
synthetic_repo_062,synthetic_user_0900,2023,Nuclear Physics,FACULTY
synthetic_repo_062,synthetic_user_1107,2023,Nuclear Physics,PROSTAFF
synthetic_repo_063,synthetic_user_0050,2023,Nuclear Physics,POSTDOC
synthetic_repo_063,synthetic_user_0181,2023,Nuclear Physics,POSTDOC
synthetic_repo_063,synthetic_user_0320,2023,Nuclear Physics,PROSTAFF
synthetic_repo_063,synthetic_user_0802,2023,Nuclear Physics,POSTDOC
synthetic_repo_063,synthetic_user_0811,2023,Nuclear Physics,SCIENTST
synthetic_repo_063,synthetic_user_1074,2023,Nuclear Physics,POSTDOC
synthetic_repo_063,synthetic_user_1094,2023,Nuclear Physics,UNDRGRAD
synthetic_repo_063,synthetic_user_1170,2023,Nuclear Physics,PROSTAFF
synthetic_repo_064,synthetic_user_0033,2023,Nuclear Physics,SCIENTST
synthetic_repo_064,synthetic_user_0065,2023,Nuclear Physics,NONE
synthetic_repo_064,synthetic_user_0653,2023,Nuclear Physics,POSTDOC
synthetic_repo_064,synthetic_user_0677,2023,Nuclear Physics,FACULTY
synthetic_repo_064,synthetic_user_0779,2023,Nuclear Physics,PROSTAFF
synthetic_repo_064,synthetic_user_0811,2023,Nuclear Physics,SCIENTST
synthetic_repo_064,synthetic_user_1027,2023,Nuclear Physics,FACULTY
synthetic_repo_064,synthetic_user_1074,2023,Nuclear Physics,POSTDOC
synthetic_repo_064,synthetic_user_1094,2023,Nuclear Physics,UNDRGRAD
synthetic_repo_065,synthetic_user_0050,2023,Nuclear Physics,POSTDOC
synthetic_repo_065,synthetic_user_0068,2023,Nuclear Physics,FACULTY
synthetic_repo_065,synthetic_user_0139,2023,Nuclear Physics,POSTDOC
synthetic_repo_065,synthetic_user_0198,2023,Nuclear Physics,GRADUATE
synthetic_repo_065,synthetic_user_0212,2023,Nuclear Physics,PROSTAFF
synthetic_repo_065,synthetic_user_0596,2023,Nuclear Physics,POSTDOC
synthetic_repo_065,synthetic_user_0653,2023,Nuclear Physics,POSTDOC
synthetic_repo_065,synthetic_user_0660,2023,Nuclear Physics,PROSTAFF
synthetic_repo_065,synthetic_user_0779,2023,Nuclear Physics,PROSTAFF
synthetic_repo_065,synthetic_user_0811,2023,Nuclear Physics,SCIENTST
synthetic_repo_065,synthetic_user_0861,2023,Nuclear Physics,UNDRGRAD
synthetic_repo_065,synthetic_user_0863,2023,Nuclear Physics,PROSTAFF
synthetic_repo_065,synthetic_user_0988,2023,Nuclear Physics,SCIENTST
synthetic_repo_065,synthetic_user_1027,2023,Nuclear Physics,FACULTY
synthetic_repo_065,synthetic_user_1074,2023,Nuclear Physics,POSTDOC
synthetic_repo_065,synthetic_user_1139,2023,Nuclear Physics,PROSTAFF
synthetic_repo_066,synthetic_user_0022,2023,Nuclear Physics,GRADUATE
synthetic_repo_066,synthetic_user_0050,2023,Nuclear Physics,POSTDOC
synthetic_repo_066,synthetic_user_0375,2023,Nuclear Physics,POSTDOC
synthetic_repo_066,synthetic_user_0564,2023,Nuclear Physics,SCIENTST
synthetic_repo_066,synthetic_user_0623,2023,Nuclear Physics,POSTDOC
synthetic_repo_066,synthetic_user_0641,2023,Nuclear Physics,GRADUATE
synthetic_repo_066,synthetic_user_0677,2023,Nuclear Physics,FACULTY
synthetic_repo_066,synthetic_user_0710,2023,Nuclear Physics,SCIENTST
synthetic_repo_066,synthetic_user_0771,2023,Nuclear Physics,PROSTAFF
synthetic_repo_066,synthetic_user_0789,2023,Nuclear Physics,SCIENTST
synthetic_repo_066,synthetic_user_0817,2023,Nuclear Physics,PROSTAFF
synthetic_repo_066,synthetic_user_0861,2023,Nuclear Physics,UNDRGRAD
synthetic_repo_066,synthetic_user_0900,2023,Nuclear Physics,FACULTY
synthetic_repo_066,synthetic_user_0947,2023,Nuclear Physics,PROSTAFF
synthetic_repo_066,synthetic_user_0989,2023,Nuclear Physics,PROSTAFF
synthetic_repo_066,synthetic_user_1088,2023,Nuclear Physics,POSTDOC
synthetic_repo_066,synthetic_user_1156,2023,Nuclear Physics,UNDRGRAD
synthetic_repo_067,synthetic_user_0025,2023,Nuclear Physics,POSTDOC
synthetic_repo_067,synthetic_user_0050,2023,Nuclear Physics,POSTDOC
synthetic_repo_067,synthetic_user_0054,2023,Nuclear Physics,PROSTAFF
synthetic_repo_067,synthetic_user_0061,2023,Nuclear Physics,POSTDOC
synthetic_repo_067,synthetic_user_0068,2023,Nuclear Physics,FACULTY
synthetic_repo_067,synthetic_user_0080,2023,Nuclear Physics,GRADUATE
synthetic_repo_067,synthetic_user_0192,2023,Nuclear Physics,POSTDOC
synthetic_repo_067,synthetic_user_0212,2023,Nuclear Physics,PROSTAFF
synthetic_repo_067,synthetic_user_0817,2023,Nuclear Physics,PROSTAFF
synthetic_repo_067,synthetic_user_0861,2023,Nuclear Physics,UNDRGRAD
synthetic_repo_067,synthetic_user_0870,2023,Nuclear Physics,FACULTY
synthetic_repo_067,synthetic_user_0876,2023,Nuclear Physics,GRADUATE
synthetic_repo_067,synthetic_user_0900,2023,Nuclear Physics,FACULTY
synthetic_repo_067,synthetic_user_0927,2023,Nuclear Physics,FACULTY
synthetic_repo_067,synthetic_user_0989,2023,Nuclear Physics,PROSTAFF
synthetic_repo_067,synthetic_user_1027,2023,Nuclear Physics,FACULTY
synthetic_repo_067,synthetic_user_1074,2023,Nuclear Physics,POSTDOC
synthetic_repo_067,synthetic_user_1139,2023,Nuclear Physics,PROSTAFF
synthetic_repo_068,synthetic_user_0028,2023,Nuclear Physics,SCIENTST
synthetic_repo_068,synthetic_user_0050,2023,Nuclear Physics,POSTDOC
synthetic_repo_068,synthetic_user_0068,2023,Nuclear Physics,FACULTY
synthetic_repo_068,synthetic_user_0080,2023,Nuclear Physics,GRADUATE
synthetic_repo_068,synthetic_user_0166,2023,Nuclear Physics,FACULTY
synthetic_repo_068,synthetic_user_0192,2023,Nuclear Physics,POSTDOC
synthetic_repo_068,synthetic_user_0198,2023,Nuclear Physics,GRADUATE
synthetic_repo_068,synthetic_user_0231,2023,Nuclear Physics,FACULTY
synthetic_repo_068,synthetic_user_0256,2023,Nuclear Physics,FACULTY
synthetic_repo_068,synthetic_user_0339,2023,Nuclear Physics,SCIENTST
synthetic_repo_068,synthetic_user_0375,2023,Nuclear Physics,POSTDOC
synthetic_repo_068,synthetic_user_0677,2023,Nuclear Physics,FACULTY
synthetic_repo_068,synthetic_user_0802,2023,Nuclear Physics,POSTDOC
synthetic_repo_068,synthetic_user_0817,2023,Nuclear Physics,PROSTAFF
synthetic_repo_068,synthetic_user_0870,2023,Nuclear Physics,FACULTY
synthetic_repo_068,synthetic_user_0957,2023,Nuclear Physics,SCIENTST
synthetic_repo_068,synthetic_user_0988,2023,Nuclear Physics,SCIENTST
synthetic_repo_068,synthetic_user_0989,2023,Nuclear Physics,PROSTAFF
synthetic_repo_068,synthetic_user_1027,2023,Nuclear Physics,FACULTY
synthetic_repo_068,synthetic_user_1074,2023,Nuclear Physics,POSTDOC
synthetic_repo_068,synthetic_user_1107,2023,Nuclear Physics,PROSTAFF
synthetic_repo_069,synthetic_user_0021,2023,Nuclear Physics,OTHER
synthetic_repo_069,synthetic_user_0025,2023,Nuclear Physics,POSTDOC
synthetic_repo_069,synthetic_user_0033,2023,Nuclear Physics,SCIENTST
synthetic_repo_069,synthetic_user_0050,2023,Nuclear Physics,POSTDOC
synthetic_repo_069,synthetic_user_0054,2023,Nuclear Physics,PROSTAFF
synthetic_repo_069,synthetic_user_0065,2023,Nuclear Physics,NONE
synthetic_repo_069,synthetic_user_0080,2023,Nuclear Physics,GRADUATE
synthetic_repo_069,synthetic_user_0139,2023,Nuclear Physics,POSTDOC
synthetic_repo_069,synthetic_user_0166,2023,Nuclear Physics,FACULTY
synthetic_repo_069,synthetic_user_0231,2023,Nuclear Physics,FACULTY
synthetic_repo_069,synthetic_user_0292,2023,Nuclear Physics,PROSTAFF
synthetic_repo_069,synthetic_user_0320,2023,Nuclear Physics,PROSTAFF
synthetic_repo_069,synthetic_user_0339,2023,Nuclear Physics,SCIENTST
synthetic_repo_069,synthetic_user_0375,2023,Nuclear Physics,POSTDOC
synthetic_repo_069,synthetic_user_0389,2023,Nuclear Physics,SCIENTST
synthetic_repo_069,synthetic_user_0564,2023,Nuclear Physics,SCIENTST
synthetic_repo_069,synthetic_user_0596,2023,Nuclear Physics,POSTDOC
synthetic_repo_069,synthetic_user_0660,2023,Nuclear Physics,PROSTAFF
synthetic_repo_069,synthetic_user_0670,2023,Nuclear Physics,PROSTAFF
synthetic_repo_069,synthetic_user_0706,2023,Nuclear Physics,SCIENTST
synthetic_repo_069,synthetic_user_0710,2023,Nuclear Physics,SCIENTST
synthetic_repo_069,synthetic_user_0756,2023,Nuclear Physics,PROSTAFF
synthetic_repo_069,synthetic_user_0789,2023,Nuclear Physics,SCIENTST
synthetic_repo_069,synthetic_user_0802,2023,Nuclear Physics,POSTDOC
synthetic_repo_069,synthetic_user_0817,2023,Nuclear Physics,PROSTAFF
synthetic_repo_069,synthetic_user_0870,2023,Nuclear Physics,FACULTY
synthetic_repo_069,synthetic_user_0876,2023,Nuclear Physics,GRADUATE
synthetic_repo_069,synthetic_user_0897,2023,Nuclear Physics,POSTDOC
synthetic_repo_069,synthetic_user_0900,2023,Nuclear Physics,FACULTY
synthetic_repo_069,synthetic_user_1027,2023,Nuclear Physics,FACULTY
synthetic_repo_069,synthetic_user_1074,2023,Nuclear Physics,POSTDOC
synthetic_repo_069,synthetic_user_1094,2023,Nuclear Physics,UNDRGRAD
synthetic_repo_069,synthetic_user_1107,2023,Nuclear Physics,PROSTAFF
synthetic_repo_069,synthetic_user_1130,2023,Nuclear Physics,PROSTAFF
synthetic_repo_069,synthetic_user_1139,2023,Nuclear Physics,PROSTAFF
synthetic_repo_069,synthetic_user_1146,2023,Nuclear Physics,UNDRGRAD
synthetic_repo_069,synthetic_user_1168,2023,Nuclear Physics,POSTDOC
synthetic_repo_069,synthetic_user_1170,2023,Nuclear Physics,PROSTAFF
synthetic_repo_070,synthetic_user_0022,2023,Nuclear Physics,GRADUATE
synthetic_repo_070,synthetic_user_0025,2023,Nuclear Physics,POSTDOC
synthetic_repo_070,synthetic_user_0049,2023,Nuclear Physics,PROSTAFF
synthetic_repo_070,synthetic_user_0050,2023,Nuclear Physics,POSTDOC
synthetic_repo_070,synthetic_user_0054,2023,Nuclear Physics,PROSTAFF
synthetic_repo_070,synthetic_user_0068,2023,Nuclear Physics,FACULTY
synthetic_repo_070,synthetic_user_0103,2023,Nuclear Physics,FACULTY
synthetic_repo_070,synthetic_user_0104,2023,Nuclear Physics,GRADUATE
synthetic_repo_070,synthetic_user_0122,2023,Nuclear Physics,POSTDOC
synthetic_repo_070,synthetic_user_0139,2023,Nuclear Physics,POSTDOC
synthetic_repo_070,synthetic_user_0166,2023,Nuclear Physics,FACULTY
synthetic_repo_070,synthetic_user_0181,2023,Nuclear Physics,POSTDOC
synthetic_repo_070,synthetic_user_0192,2023,Nuclear Physics,POSTDOC
synthetic_repo_070,synthetic_user_0198,2023,Nuclear Physics,GRADUATE
synthetic_repo_070,synthetic_user_0212,2023,Nuclear Physics,PROSTAFF
synthetic_repo_070,synthetic_user_0219,2023,Nuclear Physics,FACULTY
synthetic_repo_070,synthetic_user_0226,2023,Nuclear Physics,POSTDOC
synthetic_repo_070,synthetic_user_0231,2023,Nuclear Physics,FACULTY
synthetic_repo_070,synthetic_user_0301,2023,Nuclear Physics,FACULTY
synthetic_repo_070,synthetic_user_0320,2023,Nuclear Physics,PROSTAFF
synthetic_repo_070,synthetic_user_0339,2023,Nuclear Physics,SCIENTST
synthetic_repo_070,synthetic_user_0458,2023,Nuclear Physics,FACULTY
synthetic_repo_070,synthetic_user_0564,2023,Nuclear Physics,SCIENTST
synthetic_repo_070,synthetic_user_0596,2023,Nuclear Physics,POSTDOC
synthetic_repo_070,synthetic_user_0610,2023,Nuclear Physics,OTHER
synthetic_repo_070,synthetic_user_0641,2023,Nuclear Physics,GRADUATE
synthetic_repo_070,synthetic_user_0653,2023,Nuclear Physics,POSTDOC
synthetic_repo_070,synthetic_user_0677,2023,Nuclear Physics,FACULTY
synthetic_repo_070,synthetic_user_0712,2023,Nuclear Physics,SCIENTST
synthetic_repo_070,synthetic_user_0734,2023,Nuclear Physics,SCIENTST
synthetic_repo_070,synthetic_user_0779,2023,Nuclear Physics,PROSTAFF
synthetic_repo_070,synthetic_user_0789,2023,Nuclear Physics,SCIENTST
synthetic_repo_070,synthetic_user_0802,2023,Nuclear Physics,POSTDOC
synthetic_repo_070,synthetic_user_0817,2023,Nuclear Physics,PROSTAFF
synthetic_repo_070,synthetic_user_0828,2023,Nuclear Physics,POSTDOC
synthetic_repo_070,synthetic_user_0861,2023,Nuclear Physics,UNDRGRAD
synthetic_repo_070,synthetic_user_0863,2023,Nuclear Physics,PROSTAFF
synthetic_repo_070,synthetic_user_0870,2023,Nuclear Physics,FACULTY
synthetic_repo_070,synthetic_user_0876,2023,Nuclear Physics,GRADUATE
synthetic_repo_070,synthetic_user_0900,2023,Nuclear Physics,FACULTY
synthetic_repo_070,synthetic_user_0957,2023,Nuclear Physics,SCIENTST
synthetic_repo_070,synthetic_user_0988,2023,Nuclear Physics,SCIENTST
synthetic_repo_070,synthetic_user_0989,2023,Nuclear Physics,PROSTAFF
synthetic_repo_070,synthetic_user_1010,2023,Nuclear Physics,SCIENTST
synthetic_repo_070,synthetic_user_1027,2023,Nuclear Physics,FACULTY
synthetic_repo_070,synthetic_user_1074,2023,Nuclear Physics,POSTDOC
synthetic_repo_070,synthetic_user_1088,2023,Nuclear Physics,POSTDOC
synthetic_repo_070,synthetic_user_1094,2023,Nuclear Physics,UNDRGRAD
synthetic_repo_070,synthetic_user_1107,2023,Nuclear Physics,PROSTAFF
synthetic_repo_070,synthetic_user_1156,2023,Nuclear Physics,UNDRGRAD
synthetic_repo_070,synthetic_user_1168,2023,Nuclear Physics,POSTDOC
synthetic_repo_070,synthetic_user_1188,2023,Nuclear Physics,UNDRGRAD
synthetic_repo_071,synthetic_user_0113,2023,ASCR Leadership Computing Challenge,FACULTY
synthetic_repo_071,synthetic_user_0175,2023,ASCR Leadership Computing Challenge,SCIENTST
synthetic_repo_071,synthetic_user_0746,2023,ASCR Leadership Computing Challenge,FACULTY
synthetic_repo_071,synthetic_user_0867,2023,ASCR Leadership Computing Challenge,FACULTY
synthetic_repo_072,synthetic_user_0358,2023,ASCR Leadership Computing Challenge,PROSTAFF
synthetic_repo_072,synthetic_user_0560,2023,ASCR Leadership Computing Challenge,PROSTAFF
synthetic_repo_072,synthetic_user_0566,2023,ASCR Leadership Computing Challenge,UNDRGRAD
synthetic_repo_072,synthetic_user_0619,2023,ASCR Leadership Computing Challenge,POSTDOC
synthetic_repo_072,synthetic_user_0887,2023,ASCR Leadership Computing Challenge,FACULTY
synthetic_repo_072,synthetic_user_0925,2023,ASCR Leadership Computing Challenge,PROSTAFF
synthetic_repo_072,synthetic_user_1025,2023,ASCR Leadership Computing Challenge,OTHER
synthetic_repo_072,synthetic_user_1174,2023,ASCR Leadership Computing Challenge,SCIENTST
synthetic_repo_073,synthetic_user_0037,2023,ASCR Leadership Computing Challenge,PROSTAFF
synthetic_repo_073,synthetic_user_0129,2023,ASCR Leadership Computing Challenge,SCIENTST
synthetic_repo_073,synthetic_user_0267,2023,ASCR Leadership Computing Challenge,SCIENTST
synthetic_repo_073,synthetic_user_0441,2023,ASCR Leadership Computing Challenge,POSTDOC
synthetic_repo_073,synthetic_user_0476,2023,ASCR Leadership Computing Challenge,GRADUATE
synthetic_repo_073,synthetic_user_0744,2023,ASCR Leadership Computing Challenge,UNDRGRAD
synthetic_repo_073,synthetic_user_0839,2023,ASCR Leadership Computing Challenge,OTHER
synthetic_repo_073,synthetic_user_1019,2023,ASCR Leadership Computing Challenge,SCIENTST
synthetic_repo_074,synthetic_user_0037,2023,ASCR Leadership Computing Challenge,PROSTAFF
synthetic_repo_074,synthetic_user_0063,2023,ASCR Leadership Computing Challenge,FACULTY
synthetic_repo_074,synthetic_user_0138,2023,ASCR Leadership Computing Challenge,FACULTY
synthetic_repo_074,synthetic_user_0267,2023,ASCR Leadership Computing Challenge,SCIENTST
synthetic_repo_074,synthetic_user_0359,2023,ASCR Leadership Computing Challenge,PROSTAFF
synthetic_repo_074,synthetic_user_0441,2023,ASCR Leadership Computing Challenge,POSTDOC
synthetic_repo_074,synthetic_user_0498,2023,ASCR Leadership Computing Challenge,POSTDOC
synthetic_repo_074,synthetic_user_0508,2023,ASCR Leadership Computing Challenge,FACULTY
synthetic_repo_074,synthetic_user_0509,2023,ASCR Leadership Computing Challenge,OTHER
synthetic_repo_074,synthetic_user_0744,2023,ASCR Leadership Computing Challenge,UNDRGRAD
synthetic_repo_074,synthetic_user_0759,2023,ASCR Leadership Computing Challenge,PROSTAFF
synthetic_repo_074,synthetic_user_0839,2023,ASCR Leadership Computing Challenge,OTHER
synthetic_repo_075,synthetic_user_0037,2023,ASCR Leadership Computing Challenge,PROSTAFF
synthetic_repo_075,synthetic_user_0074,2023,ASCR Leadership Computing Challenge,GRADUATE
synthetic_repo_075,synthetic_user_0113,2023,ASCR Leadership Computing Challenge,FACULTY
synthetic_repo_075,synthetic_user_0267,2023,ASCR Leadership Computing Challenge,SCIENTST
synthetic_repo_075,synthetic_user_0312,2023,ASCR Leadership Computing Challenge,FACULTY
synthetic_repo_075,synthetic_user_0359,2023,ASCR Leadership Computing Challenge,PROSTAFF
synthetic_repo_075,synthetic_user_0369,2023,ASCR Leadership Computing Challenge,OTHER
synthetic_repo_075,synthetic_user_0441,2023,ASCR Leadership Computing Challenge,POSTDOC
synthetic_repo_075,synthetic_user_0498,2023,ASCR Leadership Computing Challenge,POSTDOC
synthetic_repo_075,synthetic_user_0566,2023,ASCR Leadership Computing Challenge,UNDRGRAD
synthetic_repo_075,synthetic_user_0603,2023,ASCR Leadership Computing Challenge,POSTDOC
synthetic_repo_075,synthetic_user_0744,2023,ASCR Leadership Computing Challenge,UNDRGRAD
synthetic_repo_075,synthetic_user_0839,2023,ASCR Leadership Computing Challenge,OTHER
synthetic_repo_075,synthetic_user_1019,2023,ASCR Leadership Computing Challenge,SCIENTST
synthetic_repo_075,synthetic_user_1025,2023,ASCR Leadership Computing Challenge,OTHER
synthetic_repo_075,synthetic_user_1081,2023,ASCR Leadership Computing Challenge,POSTDOC
synthetic_repo_075,synthetic_user_1174,2023,ASCR Leadership Computing Challenge,SCIENTST
synthetic_repo_076,synthetic_user_0063,2023,ASCR Leadership Computing Challenge,FACULTY
synthetic_repo_076,synthetic_user_0074,2023,ASCR Leadership Computing Challenge,GRADUATE
synthetic_repo_076,synthetic_user_0114,2023,ASCR Leadership Computing Challenge,FACULTY
synthetic_repo_076,synthetic_user_0257,2023,ASCR Leadership Computing Challenge,POSTDOC
synthetic_repo_076,synthetic_user_0267,2023,ASCR Leadership Computing Challenge,SCIENTST
synthetic_repo_076,synthetic_user_0312,2023,ASCR Leadership Computing Challenge,FACULTY
synthetic_repo_076,synthetic_user_0441,2023,ASCR Leadership Computing Challenge,POSTDOC
synthetic_repo_076,synthetic_user_0612,2023,ASCR Leadership Computing Challenge,FACULTY
synthetic_repo_076,synthetic_user_0659,2023,ASCR Leadership Computing Challenge,PROSTAFF
synthetic_repo_076,synthetic_user_0971,2023,ASCR Leadership Computing Challenge,PROSTAFF
synthetic_repo_076,synthetic_user_1000,2023,ASCR Leadership Computing Challenge,POSTDOC
synthetic_repo_076,synthetic_user_1081,2023,ASCR Leadership Computing Challenge,POSTDOC
synthetic_repo_076,synthetic_user_1139,2023,ASCR Leadership Computing Challenge,PROSTAFF
synthetic_repo_076,synthetic_user_1174,2023,ASCR Leadership Computing Challenge,SCIENTST
synthetic_repo_077,synthetic_user_0055,2023,ASCR Leadership Computing Challenge,FACULTY
synthetic_repo_077,synthetic_user_0175,2023,ASCR Leadership Computing Challenge,SCIENTST
synthetic_repo_077,synthetic_user_0312,2023,ASCR Leadership Computing Challenge,FACULTY
synthetic_repo_077,synthetic_user_0358,2023,ASCR Leadership Computing Challenge,PROSTAFF
synthetic_repo_077,synthetic_user_0393,2023,ASCR Leadership Computing Challenge,POSTDOC
synthetic_repo_077,synthetic_user_0498,2023,ASCR Leadership Computing Challenge,POSTDOC
synthetic_repo_077,synthetic_user_0619,2023,ASCR Leadership Computing Challenge,POSTDOC
synthetic_repo_077,synthetic_user_0652,2023,ASCR Leadership Computing Challenge,SCIENTST
synthetic_repo_077,synthetic_user_0744,2023,ASCR Leadership Computing Challenge,UNDRGRAD
synthetic_repo_077,synthetic_user_0746,2023,ASCR Leadership Computing Challenge,FACULTY
synthetic_repo_077,synthetic_user_0749,2023,ASCR Leadership Computing Challenge,GRADUATE
synthetic_repo_077,synthetic_user_0759,2023,ASCR Leadership Computing Challenge,PROSTAFF
synthetic_repo_077,synthetic_user_0787,2023,ASCR Leadership Computing Challenge,POSTDOC
synthetic_repo_077,synthetic_user_0887,2023,ASCR Leadership Computing Challenge,FACULTY
synthetic_repo_077,synthetic_user_0925,2023,ASCR Leadership Computing Challenge,PROSTAFF
synthetic_repo_077,synthetic_user_0972,2023,ASCR Leadership Computing Challenge,GRADUATE
synthetic_repo_077,synthetic_user_1031,2023,ASCR Leadership Computing Challenge,SCIENTST
synthetic_repo_077,synthetic_user_1054,2023,ASCR Leadership Computing Challenge,FACULTY
synthetic_repo_077,synthetic_user_1139,2023,ASCR Leadership Computing Challenge,PROSTAFF
synthetic_repo_077,synthetic_user_1174,2023,ASCR Leadership Computing Challenge,SCIENTST
synthetic_repo_078,synthetic_user_0074,2023,ASCR Leadership Computing Challenge,GRADUATE
synthetic_repo_078,synthetic_user_0113,2023,ASCR Leadership Computing Challenge,FACULTY
synthetic_repo_078,synthetic_user_0114,2023,ASCR Leadership Computing Challenge,FACULTY
synthetic_repo_078,synthetic_user_0168,2023,ASCR Leadership Computing Challenge,SCIENTST
synthetic_repo_078,synthetic_user_0171,2023,ASCR Leadership Computing Challenge,UNDRGRAD
synthetic_repo_078,synthetic_user_0194,2023,ASCR Leadership Computing Challenge,UNDRGRAD
synthetic_repo_078,synthetic_user_0230,2023,ASCR Leadership Computing Challenge,UNDRGRAD
synthetic_repo_078,synthetic_user_0267,2023,ASCR Leadership Computing Challenge,SCIENTST
synthetic_repo_078,synthetic_user_0312,2023,ASCR Leadership Computing Challenge,FACULTY
synthetic_repo_078,synthetic_user_0393,2023,ASCR Leadership Computing Challenge,POSTDOC
synthetic_repo_078,synthetic_user_0441,2023,ASCR Leadership Computing Challenge,POSTDOC
synthetic_repo_078,synthetic_user_0562,2023,ASCR Leadership Computing Challenge,UNDRGRAD
synthetic_repo_078,synthetic_user_0566,2023,ASCR Leadership Computing Challenge,UNDRGRAD
synthetic_repo_078,synthetic_user_0601,2023,ASCR Leadership Computing Challenge,PROSTAFF
synthetic_repo_078,synthetic_user_0603,2023,ASCR Leadership Computing Challenge,POSTDOC
synthetic_repo_078,synthetic_user_0685,2023,ASCR Leadership Computing Challenge,SCIENTST
synthetic_repo_078,synthetic_user_0693,2023,ASCR Leadership Computing Challenge,POSTDOC
synthetic_repo_078,synthetic_user_0741,2023,ASCR Leadership Computing Challenge,GRADUATE
synthetic_repo_078,synthetic_user_0744,2023,ASCR Leadership Computing Challenge,UNDRGRAD
synthetic_repo_078,synthetic_user_0746,2023,ASCR Leadership Computing Challenge,FACULTY
synthetic_repo_078,synthetic_user_0787,2023,ASCR Leadership Computing Challenge,POSTDOC
synthetic_repo_078,synthetic_user_0925,2023,ASCR Leadership Computing Challenge,PROSTAFF
synthetic_repo_078,synthetic_user_1025,2023,ASCR Leadership Computing Challenge,OTHER
synthetic_repo_078,synthetic_user_1081,2023,ASCR Leadership Computing Challenge,POSTDOC
synthetic_repo_078,synthetic_user_1140,2023,ASCR Leadership Computing Challenge,OTHER
synthetic_repo_079,synthetic_user_0063,2023,ASCR Leadership Computing Challenge,FACULTY
synthetic_repo_079,synthetic_user_0112,2023,ASCR Leadership Computing Challenge,GRADUATE
synthetic_repo_079,synthetic_user_0113,2023,ASCR Leadership Computing Challenge,FACULTY
synthetic_repo_079,synthetic_user_0114,2023,ASCR Leadership Computing Challenge,FACULTY
synthetic_repo_079,synthetic_user_0138,2023,ASCR Leadership Computing Challenge,FACULTY
synthetic_repo_079,synthetic_user_0171,2023,ASCR Leadership Computing Challenge,UNDRGRAD
synthetic_repo_079,synthetic_user_0175,2023,ASCR Leadership Computing Challenge,SCIENTST
synthetic_repo_079,synthetic_user_0230,2023,ASCR Leadership Computing Challenge,UNDRGRAD
synthetic_repo_079,synthetic_user_0257,2023,ASCR Leadership Computing Challenge,POSTDOC
synthetic_repo_079,synthetic_user_0261,2023,ASCR Leadership Computing Challenge,FACULTY
synthetic_repo_079,synthetic_user_0264,2023,ASCR Leadership Computing Challenge,SCIENTST
synthetic_repo_079,synthetic_user_0267,2023,ASCR Leadership Computing Challenge,SCIENTST
synthetic_repo_079,synthetic_user_0277,2023,ASCR Leadership Computing Challenge,SCIENTST
synthetic_repo_079,synthetic_user_0312,2023,ASCR Leadership Computing Challenge,FACULTY
synthetic_repo_079,synthetic_user_0359,2023,ASCR Leadership Computing Challenge,PROSTAFF
synthetic_repo_079,synthetic_user_0369,2023,ASCR Leadership Computing Challenge,OTHER
synthetic_repo_079,synthetic_user_0393,2023,ASCR Leadership Computing Challenge,POSTDOC
synthetic_repo_079,synthetic_user_0441,2023,ASCR Leadership Computing Challenge,POSTDOC
synthetic_repo_079,synthetic_user_0446,2023,ASCR Leadership Computing Challenge,POSTDOC
synthetic_repo_079,synthetic_user_0466,2023,ASCR Leadership Computing Challenge,POSTDOC
synthetic_repo_079,synthetic_user_0481,2023,ASCR Leadership Computing Challenge,POSTDOC
synthetic_repo_079,synthetic_user_0508,2023,ASCR Leadership Computing Challenge,FACULTY
synthetic_repo_079,synthetic_user_0560,2023,ASCR Leadership Computing Challenge,PROSTAFF
synthetic_repo_079,synthetic_user_0562,2023,ASCR Leadership Computing Challenge,UNDRGRAD
synthetic_repo_079,synthetic_user_0566,2023,ASCR Leadership Computing Challenge,UNDRGRAD
synthetic_repo_079,synthetic_user_0568,2023,ASCR Leadership Computing Challenge,POSTDOC
synthetic_repo_079,synthetic_user_0597,2023,ASCR Leadership Computing Challenge,OTHER
synthetic_repo_079,synthetic_user_0691,2023,ASCR Leadership Computing Challenge,SCIENTST
synthetic_repo_079,synthetic_user_0693,2023,ASCR Leadership Computing Challenge,POSTDOC
synthetic_repo_079,synthetic_user_0741,2023,ASCR Leadership Computing Challenge,GRADUATE
synthetic_repo_079,synthetic_user_0744,2023,ASCR Leadership Computing Challenge,UNDRGRAD
synthetic_repo_079,synthetic_user_0746,2023,ASCR Leadership Computing Challenge,FACULTY
synthetic_repo_079,synthetic_user_0839,2023,ASCR Leadership Computing Challenge,OTHER
synthetic_repo_079,synthetic_user_0840,2023,ASCR Leadership Computing Challenge,UNDRGRAD
synthetic_repo_079,synthetic_user_0874,2023,ASCR Leadership Computing Challenge,OTHER
synthetic_repo_079,synthetic_user_0879,2023,ASCR Leadership Computing Challenge,FACULTY
synthetic_repo_079,synthetic_user_0887,2023,ASCR Leadership Computing Challenge,FACULTY
synthetic_repo_079,synthetic_user_0925,2023,ASCR Leadership Computing Challenge,PROSTAFF
synthetic_repo_079,synthetic_user_0955,2023,ASCR Leadership Computing Challenge,FACULTY
synthetic_repo_079,synthetic_user_0970,2023,ASCR Leadership Computing Challenge,GRADUATE
synthetic_repo_079,synthetic_user_0972,2023,ASCR Leadership Computing Challenge,GRADUATE
synthetic_repo_079,synthetic_user_0990,2023,ASCR Leadership Computing Challenge,GRADUATE
synthetic_repo_079,synthetic_user_1000,2023,ASCR Leadership Computing Challenge,POSTDOC
synthetic_repo_079,synthetic_user_1025,2023,ASCR Leadership Computing Challenge,OTHER
synthetic_repo_079,synthetic_user_1054,2023,ASCR Leadership Computing Challenge,FACULTY
synthetic_repo_079,synthetic_user_1139,2023,ASCR Leadership Computing Challenge,PROSTAFF
synthetic_repo_079,synthetic_user_1140,2023,ASCR Leadership Computing Challenge,OTHER
synthetic_repo_080,synthetic_user_0056,2023,ASCR Leadership Computing Challenge,POSTDOC
synthetic_repo_080,synthetic_user_0063,2023,ASCR Leadership Computing Challenge,FACULTY
synthetic_repo_080,synthetic_user_0074,2023,ASCR Leadership Computing Challenge,GRADUATE
synthetic_repo_080,synthetic_user_0113,2023,ASCR Leadership Computing Challenge,FACULTY
synthetic_repo_080,synthetic_user_0114,2023,ASCR Leadership Computing Challenge,FACULTY
synthetic_repo_080,synthetic_user_0138,2023,ASCR Leadership Computing Challenge,FACULTY
synthetic_repo_080,synthetic_user_0175,2023,ASCR Leadership Computing Challenge,SCIENTST
synthetic_repo_080,synthetic_user_0261,2023,ASCR Leadership Computing Challenge,FACULTY
synthetic_repo_080,synthetic_user_0264,2023,ASCR Leadership Computing Challenge,SCIENTST
synthetic_repo_080,synthetic_user_0267,2023,ASCR Leadership Computing Challenge,SCIENTST
synthetic_repo_080,synthetic_user_0312,2023,ASCR Leadership Computing Challenge,FACULTY
synthetic_repo_080,synthetic_user_0356,2023,ASCR Leadership Computing Challenge,SCIENTST
synthetic_repo_080,synthetic_user_0359,2023,ASCR Leadership Computing Challenge,PROSTAFF
synthetic_repo_080,synthetic_user_0434,2023,ASCR Leadership Computing Challenge,POSTDOC
synthetic_repo_080,synthetic_user_0441,2023,ASCR Leadership Computing Challenge,POSTDOC
synthetic_repo_080,synthetic_user_0446,2023,ASCR Leadership Computing Challenge,POSTDOC
synthetic_repo_080,synthetic_user_0459,2023,ASCR Leadership Computing Challenge,POSTDOC
synthetic_repo_080,synthetic_user_0466,2023,ASCR Leadership Computing Challenge,POSTDOC
synthetic_repo_080,synthetic_user_0476,2023,ASCR Leadership Computing Challenge,GRADUATE
synthetic_repo_080,synthetic_user_0481,2023,ASCR Leadership Computing Challenge,POSTDOC
synthetic_repo_080,synthetic_user_0498,2023,ASCR Leadership Computing Challenge,POSTDOC
synthetic_repo_080,synthetic_user_0508,2023,ASCR Leadership Computing Challenge,FACULTY
synthetic_repo_080,synthetic_user_0560,2023,ASCR Leadership Computing Challenge,PROSTAFF
synthetic_repo_080,synthetic_user_0562,2023,ASCR Leadership Computing Challenge,UNDRGRAD
synthetic_repo_080,synthetic_user_0566,2023,ASCR Leadership Computing Challenge,UNDRGRAD
synthetic_repo_080,synthetic_user_0597,2023,ASCR Leadership Computing Challenge,OTHER
synthetic_repo_080,synthetic_user_0601,2023,ASCR Leadership Computing Challenge,PROSTAFF
synthetic_repo_080,synthetic_user_0619,2023,ASCR Leadership Computing Challenge,POSTDOC
synthetic_repo_080,synthetic_user_0659,2023,ASCR Leadership Computing Challenge,PROSTAFF
synthetic_repo_080,synthetic_user_0693,2023,ASCR Leadership Computing Challenge,POSTDOC
synthetic_repo_080,synthetic_user_0741,2023,ASCR Leadership Computing Challenge,GRADUATE
synthetic_repo_080,synthetic_user_0744,2023,ASCR Leadership Computing Challenge,UNDRGRAD
synthetic_repo_080,synthetic_user_0746,2023,ASCR Leadership Computing Challenge,FACULTY
synthetic_repo_080,synthetic_user_0749,2023,ASCR Leadership Computing Challenge,GRADUATE
synthetic_repo_080,synthetic_user_0759,2023,ASCR Leadership Computing Challenge,PROSTAFF
synthetic_repo_080,synthetic_user_0787,2023,ASCR Leadership Computing Challenge,POSTDOC
synthetic_repo_080,synthetic_user_0795,2023,ASCR Leadership Computing Challenge,OTHER
synthetic_repo_080,synthetic_user_0839,2023,ASCR Leadership Computing Challenge,OTHER
synthetic_repo_080,synthetic_user_0867,2023,ASCR Leadership Computing Challenge,FACULTY
synthetic_repo_080,synthetic_user_0887,2023,ASCR Leadership Computing Challenge,FACULTY
synthetic_repo_080,synthetic_user_0925,2023,ASCR Leadership Computing Challenge,PROSTAFF
synthetic_repo_080,synthetic_user_0955,2023,ASCR Leadership Computing Challenge,FACULTY
synthetic_repo_080,synthetic_user_0970,2023,ASCR Leadership Computing Challenge,GRADUATE
synthetic_repo_080,synthetic_user_0972,2023,ASCR Leadership Computing Challenge,GRADUATE
synthetic_repo_080,synthetic_user_0990,2023,ASCR Leadership Computing Challenge,GRADUATE
synthetic_repo_080,synthetic_user_1000,2023,ASCR Leadership Computing Challenge,POSTDOC
synthetic_repo_080,synthetic_user_1025,2023,ASCR Leadership Computing Challenge,OTHER
synthetic_repo_080,synthetic_user_1031,2023,ASCR Leadership Computing Challenge,SCIENTST
synthetic_repo_080,synthetic_user_1064,2023,ASCR Leadership Computing Challenge,SCIENTST
synthetic_repo_080,synthetic_user_1081,2023,ASCR Leadership Computing Challenge,POSTDOC
synthetic_repo_080,synthetic_user_1121,2023,ASCR Leadership Computing Challenge,NONE
synthetic_repo_080,synthetic_user_1139,2023,ASCR Leadership Computing Challenge,PROSTAFF
synthetic_repo_080,synthetic_user_1140,2023,ASCR Leadership Computing Challenge,OTHER
synthetic_repo_080,synthetic_user_1174,2023,ASCR Leadership Computing Challenge,SCIENTST
synthetic_singleton_repo_04,synthetic_user_1196,2023,Biological and Environmental Research,GRADUATE
synthetic_micro_repo_008,synthetic_user_0606,2024,Basic Energy Sciences,GRADUATE
synthetic_micro_repo_008,synthetic_user_1120,2024,Basic Energy Sciences,GRADUATE
synthetic_micro_repo_024,synthetic_user_0083,2024,NERSC Directors Reserve,GRADUATE
synthetic_micro_repo_024,synthetic_user_1134,2024,NERSC Directors Reserve,PROSTAFF
synthetic_micro_repo_047,synthetic_user_0517,2024,Fusion Energy Sciences,POSTDOC
synthetic_micro_repo_047,synthetic_user_1086,2024,Fusion Energy Sciences,GRADUATE
synthetic_repo_001,synthetic_user_0090,2024,Basic Energy Sciences,PROSTAFF
synthetic_repo_001,synthetic_user_0386,2024,Basic Energy Sciences,GRADUATE
synthetic_repo_001,synthetic_user_0398,2024,Basic Energy Sciences,OTHER
synthetic_repo_001,synthetic_user_0438,2024,Basic Energy Sciences,UNDRGRAD
synthetic_repo_001,synthetic_user_0864,2024,Basic Energy Sciences,POSTDOC
synthetic_repo_001,synthetic_user_1018,2024,Basic Energy Sciences,GRADUATE
synthetic_repo_002,synthetic_user_0377,2024,Basic Energy Sciences,SCIENTST
synthetic_repo_002,synthetic_user_0396,2024,Basic Energy Sciences,FACULTY
synthetic_repo_002,synthetic_user_0438,2024,Basic Energy Sciences,UNDRGRAD
synthetic_repo_002,synthetic_user_0621,2024,Basic Energy Sciences,POSTDOC
synthetic_repo_002,synthetic_user_0640,2024,Basic Energy Sciences,NONE
synthetic_repo_002,synthetic_user_0764,2024,Basic Energy Sciences,POSTDOC
synthetic_repo_002,synthetic_user_1016,2024,Basic Energy Sciences,FACULTY
synthetic_repo_002,synthetic_user_1017,2024,Basic Energy Sciences,FACULTY
synthetic_repo_002,synthetic_user_1166,2024,Basic Energy Sciences,GRADUATE
synthetic_repo_003,synthetic_user_0005,2024,Basic Energy Sciences,PROSTAFF
synthetic_repo_003,synthetic_user_0040,2024,Basic Energy Sciences,POSTDOC
synthetic_repo_003,synthetic_user_0640,2024,Basic Energy Sciences,NONE
synthetic_repo_003,synthetic_user_0656,2024,Basic Energy Sciences,FACULTY
synthetic_repo_003,synthetic_user_0673,2024,Basic Energy Sciences,GRADUATE
synthetic_repo_003,synthetic_user_0860,2024,Basic Energy Sciences,PROSTAFF
synthetic_repo_003,synthetic_user_0920,2024,Basic Energy Sciences,PROSTAFF
synthetic_repo_003,synthetic_user_0922,2024,Basic Energy Sciences,POSTDOC
synthetic_repo_005,synthetic_user_0011,2024,Basic Energy Sciences,NONE
synthetic_repo_005,synthetic_user_0016,2024,Basic Energy Sciences,GRADUATE
synthetic_repo_005,synthetic_user_0148,2024,Basic Energy Sciences,FACULTY
synthetic_repo_005,synthetic_user_0160,2024,Basic Energy Sciences,SCIENTST
synthetic_repo_005,synthetic_user_0280,2024,Basic Energy Sciences,FACULTY
synthetic_repo_005,synthetic_user_0373,2024,Basic Energy Sciences,UNDRGRAD
synthetic_repo_005,synthetic_user_0403,2024,Basic Energy Sciences,GRADUATE
synthetic_repo_005,synthetic_user_0438,2024,Basic Energy Sciences,UNDRGRAD
synthetic_repo_005,synthetic_user_0511,2024,Basic Energy Sciences,GRADUATE
synthetic_repo_005,synthetic_user_0522,2024,Basic Energy Sciences,POSTDOC
synthetic_repo_005,synthetic_user_0555,2024,Basic Energy Sciences,GRADUATE
synthetic_repo_005,synthetic_user_0704,2024,Basic Energy Sciences,GRADUATE
synthetic_repo_005,synthetic_user_0905,2024,Basic Energy Sciences,GRADUATE
synthetic_repo_005,synthetic_user_0920,2024,Basic Energy Sciences,PROSTAFF
synthetic_repo_005,synthetic_user_1018,2024,Basic Energy Sciences,GRADUATE
synthetic_repo_006,synthetic_user_0016,2024,Basic Energy Sciences,GRADUATE
synthetic_repo_006,synthetic_user_0067,2024,Basic Energy Sciences,POSTDOC
synthetic_repo_006,synthetic_user_0280,2024,Basic Energy Sciences,FACULTY
synthetic_repo_006,synthetic_user_0337,2024,Basic Energy Sciences,SCIENTST
synthetic_repo_006,synthetic_user_0372,2024,Basic Energy Sciences,GRADUATE
synthetic_repo_006,synthetic_user_0404,2024,Basic Energy Sciences,UNDRGRAD
synthetic_repo_006,synthetic_user_0520,2024,Basic Energy Sciences,POSTDOC
synthetic_repo_006,synthetic_user_0522,2024,Basic Energy Sciences,POSTDOC
synthetic_repo_006,synthetic_user_0555,2024,Basic Energy Sciences,GRADUATE
synthetic_repo_006,synthetic_user_0640,2024,Basic Energy Sciences,NONE
synthetic_repo_006,synthetic_user_0764,2024,Basic Energy Sciences,POSTDOC
synthetic_repo_006,synthetic_user_0855,2024,Basic Energy Sciences,OTHER
synthetic_repo_006,synthetic_user_0864,2024,Basic Energy Sciences,POSTDOC
synthetic_repo_006,synthetic_user_0890,2024,Basic Energy Sciences,SCIENTST
synthetic_repo_006,synthetic_user_0922,2024,Basic Energy Sciences,POSTDOC
synthetic_repo_006,synthetic_user_1016,2024,Basic Energy Sciences,FACULTY
synthetic_repo_006,synthetic_user_1018,2024,Basic Energy Sciences,GRADUATE
synthetic_repo_007,synthetic_user_0011,2024,Basic Energy Sciences,NONE
synthetic_repo_007,synthetic_user_0067,2024,Basic Energy Sciences,POSTDOC
synthetic_repo_007,synthetic_user_0148,2024,Basic Energy Sciences,FACULTY
synthetic_repo_007,synthetic_user_0328,2024,Basic Energy Sciences,PROSTAFF
synthetic_repo_007,synthetic_user_0373,2024,Basic Energy Sciences,UNDRGRAD
synthetic_repo_007,synthetic_user_0448,2024,Basic Energy Sciences,OTHER
synthetic_repo_007,synthetic_user_0544,2024,Basic Energy Sciences,OTHER
synthetic_repo_007,synthetic_user_0547,2024,Basic Energy Sciences,SCIENTST
synthetic_repo_007,synthetic_user_0555,2024,Basic Energy Sciences,GRADUATE
synthetic_repo_007,synthetic_user_0621,2024,Basic Energy Sciences,POSTDOC
synthetic_repo_007,synthetic_user_0640,2024,Basic Energy Sciences,NONE
synthetic_repo_007,synthetic_user_0704,2024,Basic Energy Sciences,GRADUATE
synthetic_repo_007,synthetic_user_0820,2024,Basic Energy Sciences,PROSTAFF
synthetic_repo_007,synthetic_user_0864,2024,Basic Energy Sciences,POSTDOC
synthetic_repo_007,synthetic_user_0905,2024,Basic Energy Sciences,GRADUATE
synthetic_repo_007,synthetic_user_0920,2024,Basic Energy Sciences,PROSTAFF
synthetic_repo_008,synthetic_user_0002,2024,Basic Energy Sciences,NONE
synthetic_repo_008,synthetic_user_0016,2024,Basic Energy Sciences,GRADUATE
synthetic_repo_008,synthetic_user_0059,2024,Basic Energy Sciences,PROSTAFF
synthetic_repo_008,synthetic_user_0067,2024,Basic Energy Sciences,POSTDOC
synthetic_repo_008,synthetic_user_0073,2024,Basic Energy Sciences,SCIENTST
synthetic_repo_008,synthetic_user_0148,2024,Basic Energy Sciences,FACULTY
synthetic_repo_008,synthetic_user_0275,2024,Basic Energy Sciences,SCIENTST
synthetic_repo_008,synthetic_user_0328,2024,Basic Energy Sciences,PROSTAFF
synthetic_repo_008,synthetic_user_0403,2024,Basic Energy Sciences,GRADUATE
synthetic_repo_008,synthetic_user_0404,2024,Basic Energy Sciences,UNDRGRAD
synthetic_repo_008,synthetic_user_0428,2024,Basic Energy Sciences,PROSTAFF
synthetic_repo_008,synthetic_user_0432,2024,Basic Energy Sciences,SCIENTST
synthetic_repo_008,synthetic_user_0438,2024,Basic Energy Sciences,UNDRGRAD
synthetic_repo_008,synthetic_user_0506,2024,Basic Energy Sciences,FACULTY
synthetic_repo_008,synthetic_user_0547,2024,Basic Energy Sciences,SCIENTST
synthetic_repo_008,synthetic_user_0555,2024,Basic Energy Sciences,GRADUATE
synthetic_repo_008,synthetic_user_0621,2024,Basic Energy Sciences,POSTDOC
synthetic_repo_008,synthetic_user_0640,2024,Basic Energy Sciences,NONE
synthetic_repo_008,synthetic_user_0673,2024,Basic Energy Sciences,GRADUATE
synthetic_repo_008,synthetic_user_0855,2024,Basic Energy Sciences,OTHER
synthetic_repo_008,synthetic_user_0890,2024,Basic Energy Sciences,SCIENTST
synthetic_repo_008,synthetic_user_0905,2024,Basic Energy Sciences,GRADUATE
synthetic_repo_008,synthetic_user_0920,2024,Basic Energy Sciences,PROSTAFF
synthetic_repo_008,synthetic_user_0922,2024,Basic Energy Sciences,POSTDOC
synthetic_repo_008,synthetic_user_1015,2024,Basic Energy Sciences,GRADUATE
synthetic_repo_008,synthetic_user_1017,2024,Basic Energy Sciences,FACULTY
synthetic_repo_008,synthetic_user_1018,2024,Basic Energy Sciences,GRADUATE
synthetic_repo_008,synthetic_user_1095,2024,Basic Energy Sciences,PROSTAFF
synthetic_repo_008,synthetic_user_1166,2024,Basic Energy Sciences,GRADUATE
synthetic_repo_009,synthetic_user_0011,2024,Basic Energy Sciences,NONE
synthetic_repo_009,synthetic_user_0016,2024,Basic Energy Sciences,GRADUATE
synthetic_repo_009,synthetic_user_0032,2024,Basic Energy Sciences,GRADUATE
synthetic_repo_009,synthetic_user_0067,2024,Basic Energy Sciences,POSTDOC
synthetic_repo_009,synthetic_user_0073,2024,Basic Energy Sciences,SCIENTST
synthetic_repo_009,synthetic_user_0104,2024,Basic Energy Sciences,GRADUATE
synthetic_repo_009,synthetic_user_0148,2024,Basic Energy Sciences,FACULTY
synthetic_repo_009,synthetic_user_0275,2024,Basic Energy Sciences,SCIENTST
synthetic_repo_009,synthetic_user_0285,2024,Basic Energy Sciences,PROSTAFF
synthetic_repo_009,synthetic_user_0372,2024,Basic Energy Sciences,GRADUATE
synthetic_repo_009,synthetic_user_0373,2024,Basic Energy Sciences,UNDRGRAD
synthetic_repo_009,synthetic_user_0386,2024,Basic Energy Sciences,GRADUATE
synthetic_repo_009,synthetic_user_0396,2024,Basic Energy Sciences,FACULTY
synthetic_repo_009,synthetic_user_0398,2024,Basic Energy Sciences,OTHER
synthetic_repo_009,synthetic_user_0403,2024,Basic Energy Sciences,GRADUATE
synthetic_repo_009,synthetic_user_0432,2024,Basic Energy Sciences,SCIENTST
synthetic_repo_009,synthetic_user_0438,2024,Basic Energy Sciences,UNDRGRAD
synthetic_repo_009,synthetic_user_0448,2024,Basic Energy Sciences,OTHER
synthetic_repo_009,synthetic_user_0506,2024,Basic Energy Sciences,FACULTY
synthetic_repo_009,synthetic_user_0511,2024,Basic Energy Sciences,GRADUATE
synthetic_repo_009,synthetic_user_0555,2024,Basic Energy Sciences,GRADUATE
synthetic_repo_009,synthetic_user_0621,2024,Basic Energy Sciences,POSTDOC
synthetic_repo_009,synthetic_user_0640,2024,Basic Energy Sciences,NONE
synthetic_repo_009,synthetic_user_0673,2024,Basic Energy Sciences,GRADUATE
synthetic_repo_009,synthetic_user_0764,2024,Basic Energy Sciences,POSTDOC
synthetic_repo_009,synthetic_user_0860,2024,Basic Energy Sciences,PROSTAFF
synthetic_repo_009,synthetic_user_0864,2024,Basic Energy Sciences,POSTDOC
synthetic_repo_009,synthetic_user_0890,2024,Basic Energy Sciences,SCIENTST
synthetic_repo_009,synthetic_user_0905,2024,Basic Energy Sciences,GRADUATE
synthetic_repo_009,synthetic_user_0920,2024,Basic Energy Sciences,PROSTAFF
synthetic_repo_009,synthetic_user_0959,2024,Basic Energy Sciences,PROSTAFF
synthetic_repo_009,synthetic_user_1017,2024,Basic Energy Sciences,FACULTY
synthetic_repo_009,synthetic_user_1018,2024,Basic Energy Sciences,GRADUATE
synthetic_repo_009,synthetic_user_1119,2024,Basic Energy Sciences,PROSTAFF
synthetic_repo_009,synthetic_user_1131,2024,Basic Energy Sciences,OTHER
synthetic_repo_010,synthetic_user_0002,2024,Basic Energy Sciences,NONE
synthetic_repo_010,synthetic_user_0011,2024,Basic Energy Sciences,NONE
synthetic_repo_010,synthetic_user_0016,2024,Basic Energy Sciences,GRADUATE
synthetic_repo_010,synthetic_user_0032,2024,Basic Energy Sciences,GRADUATE
synthetic_repo_010,synthetic_user_0040,2024,Basic Energy Sciences,POSTDOC
synthetic_repo_010,synthetic_user_0061,2024,Basic Energy Sciences,POSTDOC
synthetic_repo_010,synthetic_user_0073,2024,Basic Energy Sciences,SCIENTST
synthetic_repo_010,synthetic_user_0090,2024,Basic Energy Sciences,PROSTAFF
synthetic_repo_010,synthetic_user_0100,2024,Basic Energy Sciences,PROSTAFF
synthetic_repo_010,synthetic_user_0104,2024,Basic Energy Sciences,GRADUATE
synthetic_repo_010,synthetic_user_0144,2024,Basic Energy Sciences,UNDRGRAD
synthetic_repo_010,synthetic_user_0148,2024,Basic Energy Sciences,FACULTY
synthetic_repo_010,synthetic_user_0160,2024,Basic Energy Sciences,SCIENTST
synthetic_repo_010,synthetic_user_0174,2024,Basic Energy Sciences,POSTDOC
synthetic_repo_010,synthetic_user_0280,2024,Basic Energy Sciences,FACULTY
synthetic_repo_010,synthetic_user_0294,2024,Basic Energy Sciences,SCIENTST
synthetic_repo_010,synthetic_user_0313,2024,Basic Energy Sciences,PROSTAFF
synthetic_repo_010,synthetic_user_0319,2024,Basic Energy Sciences,FACULTY
synthetic_repo_010,synthetic_user_0328,2024,Basic Energy Sciences,PROSTAFF
synthetic_repo_010,synthetic_user_0372,2024,Basic Energy Sciences,GRADUATE
synthetic_repo_010,synthetic_user_0373,2024,Basic Energy Sciences,UNDRGRAD
synthetic_repo_010,synthetic_user_0386,2024,Basic Energy Sciences,GRADUATE
synthetic_repo_010,synthetic_user_0396,2024,Basic Energy Sciences,FACULTY
synthetic_repo_010,synthetic_user_0398,2024,Basic Energy Sciences,OTHER
synthetic_repo_010,synthetic_user_0403,2024,Basic Energy Sciences,GRADUATE
synthetic_repo_010,synthetic_user_0404,2024,Basic Energy Sciences,UNDRGRAD
synthetic_repo_010,synthetic_user_0428,2024,Basic Energy Sciences,PROSTAFF
synthetic_repo_010,synthetic_user_0432,2024,Basic Energy Sciences,SCIENTST
synthetic_repo_010,synthetic_user_0438,2024,Basic Energy Sciences,UNDRGRAD
synthetic_repo_010,synthetic_user_0448,2024,Basic Energy Sciences,OTHER
synthetic_repo_010,synthetic_user_0463,2024,Basic Energy Sciences,GRADUATE
synthetic_repo_010,synthetic_user_0506,2024,Basic Energy Sciences,FACULTY
synthetic_repo_010,synthetic_user_0511,2024,Basic Energy Sciences,GRADUATE
synthetic_repo_010,synthetic_user_0520,2024,Basic Energy Sciences,POSTDOC
synthetic_repo_010,synthetic_user_0522,2024,Basic Energy Sciences,POSTDOC
synthetic_repo_010,synthetic_user_0544,2024,Basic Energy Sciences,OTHER
synthetic_repo_010,synthetic_user_0547,2024,Basic Energy Sciences,SCIENTST
synthetic_repo_010,synthetic_user_0555,2024,Basic Energy Sciences,GRADUATE
synthetic_repo_010,synthetic_user_0606,2024,Basic Energy Sciences,GRADUATE
synthetic_repo_010,synthetic_user_0621,2024,Basic Energy Sciences,POSTDOC
synthetic_repo_010,synthetic_user_0640,2024,Basic Energy Sciences,NONE
synthetic_repo_010,synthetic_user_0656,2024,Basic Energy Sciences,FACULTY
synthetic_repo_010,synthetic_user_0673,2024,Basic Energy Sciences,GRADUATE
synthetic_repo_010,synthetic_user_0684,2024,Basic Energy Sciences,PROSTAFF
synthetic_repo_010,synthetic_user_0736,2024,Basic Energy Sciences,POSTDOC
synthetic_repo_010,synthetic_user_0743,2024,Basic Energy Sciences,SCIENTST
synthetic_repo_010,synthetic_user_0764,2024,Basic Energy Sciences,POSTDOC
synthetic_repo_010,synthetic_user_0820,2024,Basic Energy Sciences,PROSTAFF
synthetic_repo_010,synthetic_user_0855,2024,Basic Energy Sciences,OTHER
synthetic_repo_010,synthetic_user_0860,2024,Basic Energy Sciences,PROSTAFF
synthetic_repo_010,synthetic_user_0864,2024,Basic Energy Sciences,POSTDOC
synthetic_repo_010,synthetic_user_0881,2024,Basic Energy Sciences,SCIENTST
synthetic_repo_010,synthetic_user_0890,2024,Basic Energy Sciences,SCIENTST
synthetic_repo_010,synthetic_user_0905,2024,Basic Energy Sciences,GRADUATE
synthetic_repo_010,synthetic_user_0920,2024,Basic Energy Sciences,PROSTAFF
synthetic_repo_010,synthetic_user_0922,2024,Basic Energy Sciences,POSTDOC
synthetic_repo_010,synthetic_user_0959,2024,Basic Energy Sciences,PROSTAFF
synthetic_repo_010,synthetic_user_1015,2024,Basic Energy Sciences,GRADUATE
synthetic_repo_010,synthetic_user_1017,2024,Basic Energy Sciences,FACULTY
synthetic_repo_010,synthetic_user_1018,2024,Basic Energy Sciences,GRADUATE
synthetic_repo_010,synthetic_user_1166,2024,Basic Energy Sciences,GRADUATE
synthetic_repo_011,synthetic_user_0347,2024,High Energy Physics,GRADUATE
synthetic_repo_011,synthetic_user_0618,2024,High Energy Physics,POSTDOC
synthetic_repo_011,synthetic_user_0915,2024,High Energy Physics,POSTDOC
synthetic_repo_011,synthetic_user_0933,2024,High Energy Physics,GRADUATE
synthetic_repo_012,synthetic_user_0450,2024,High Energy Physics,FACULTY
synthetic_repo_012,synthetic_user_0519,2024,High Energy Physics,PROSTAFF
synthetic_repo_012,synthetic_user_0618,2024,High Energy Physics,POSTDOC
synthetic_repo_012,synthetic_user_0635,2024,High Energy Physics,PROSTAFF
synthetic_repo_012,synthetic_user_0702,2024,High Energy Physics,FACULTY
synthetic_repo_012,synthetic_user_1058,2024,High Energy Physics,SCIENTST
synthetic_repo_012,synthetic_user_1161,2024,High Energy Physics,PROSTAFF
synthetic_repo_012,synthetic_user_1171,2024,High Energy Physics,SCIENTST
synthetic_repo_013,synthetic_user_0341,2024,High Energy Physics,PROSTAFF
synthetic_repo_013,synthetic_user_0682,2024,High Energy Physics,POSTDOC
synthetic_repo_013,synthetic_user_0702,2024,High Energy Physics,FACULTY
synthetic_repo_013,synthetic_user_0912,2024,High Energy Physics,OTHER
synthetic_repo_013,synthetic_user_1020,2024,High Energy Physics,GRADUATE
synthetic_repo_013,synthetic_user_1039,2024,High Energy Physics,POSTDOC
synthetic_repo_013,synthetic_user_1058,2024,High Energy Physics,SCIENTST
synthetic_repo_015,synthetic_user_0179,2024,High Energy Physics,PROSTAFF
synthetic_repo_015,synthetic_user_0255,2024,High Energy Physics,SCIENTST
synthetic_repo_015,synthetic_user_0482,2024,High Energy Physics,SCIENTST
synthetic_repo_015,synthetic_user_0529,2024,High Energy Physics,POSTDOC
synthetic_repo_015,synthetic_user_0594,2024,High Energy Physics,POSTDOC
synthetic_repo_015,synthetic_user_0682,2024,High Energy Physics,POSTDOC
synthetic_repo_015,synthetic_user_0872,2024,High Energy Physics,POSTDOC
synthetic_repo_015,synthetic_user_0983,2024,High Energy Physics,GRADUATE
synthetic_repo_015,synthetic_user_1039,2024,High Energy Physics,POSTDOC
synthetic_repo_015,synthetic_user_1098,2024,High Energy Physics,GRADUATE
synthetic_repo_015,synthetic_user_1101,2024,High Energy Physics,POSTDOC
synthetic_repo_015,synthetic_user_1171,2024,High Energy Physics,SCIENTST
synthetic_repo_016,synthetic_user_0067,2024,High Energy Physics,POSTDOC
synthetic_repo_016,synthetic_user_0162,2024,High Energy Physics,PROSTAFF
synthetic_repo_016,synthetic_user_0176,2024,High Energy Physics,OTHER
synthetic_repo_016,synthetic_user_0255,2024,High Energy Physics,SCIENTST
synthetic_repo_016,synthetic_user_0335,2024,High Energy Physics,POSTDOC
synthetic_repo_016,synthetic_user_0427,2024,High Energy Physics,GRADUATE
synthetic_repo_016,synthetic_user_0429,2024,High Energy Physics,SCIENTST
synthetic_repo_016,synthetic_user_0430,2024,High Energy Physics,FACULTY
synthetic_repo_016,synthetic_user_0450,2024,High Energy Physics,FACULTY
synthetic_repo_016,synthetic_user_0529,2024,High Energy Physics,POSTDOC
synthetic_repo_016,synthetic_user_0620,2024,High Energy Physics,PROSTAFF
synthetic_repo_016,synthetic_user_0872,2024,High Energy Physics,POSTDOC
synthetic_repo_016,synthetic_user_0912,2024,High Energy Physics,OTHER
synthetic_repo_016,synthetic_user_0915,2024,High Energy Physics,POSTDOC
synthetic_repo_016,synthetic_user_0933,2024,High Energy Physics,GRADUATE
synthetic_repo_016,synthetic_user_1039,2024,High Energy Physics,POSTDOC
synthetic_repo_016,synthetic_user_1171,2024,High Energy Physics,SCIENTST
synthetic_repo_017,synthetic_user_0255,2024,High Energy Physics,SCIENTST
synthetic_repo_017,synthetic_user_0318,2024,High Energy Physics,GRADUATE
synthetic_repo_017,synthetic_user_0335,2024,High Energy Physics,POSTDOC
synthetic_repo_017,synthetic_user_0397,2024,High Energy Physics,SCIENTST
synthetic_repo_017,synthetic_user_0429,2024,High Energy Physics,SCIENTST
synthetic_repo_017,synthetic_user_0430,2024,High Energy Physics,FACULTY
synthetic_repo_017,synthetic_user_0450,2024,High Energy Physics,FACULTY
synthetic_repo_017,synthetic_user_0475,2024,High Energy Physics,GRADUATE
synthetic_repo_017,synthetic_user_0519,2024,High Energy Physics,PROSTAFF
synthetic_repo_017,synthetic_user_0529,2024,High Energy Physics,POSTDOC
synthetic_repo_017,synthetic_user_0635,2024,High Energy Physics,PROSTAFF
synthetic_repo_017,synthetic_user_0642,2024,High Energy Physics,SCIENTST
synthetic_repo_017,synthetic_user_0649,2024,High Energy Physics,FACULTY
synthetic_repo_017,synthetic_user_0665,2024,High Energy Physics,GRADUATE
synthetic_repo_017,synthetic_user_0713,2024,High Energy Physics,OTHER
synthetic_repo_017,synthetic_user_0785,2024,High Energy Physics,POSTDOC
synthetic_repo_017,synthetic_user_0833,2024,High Energy Physics,POSTDOC
synthetic_repo_017,synthetic_user_0912,2024,High Energy Physics,OTHER
synthetic_repo_017,synthetic_user_0953,2024,High Energy Physics,SCIENTST
synthetic_repo_017,synthetic_user_0965,2024,High Energy Physics,GRADUATE
synthetic_repo_017,synthetic_user_1039,2024,High Energy Physics,POSTDOC
synthetic_repo_018,synthetic_user_0121,2024,High Energy Physics,FACULTY
synthetic_repo_018,synthetic_user_0162,2024,High Energy Physics,PROSTAFF
synthetic_repo_018,synthetic_user_0255,2024,High Energy Physics,SCIENTST
synthetic_repo_018,synthetic_user_0265,2024,High Energy Physics,PROSTAFF
synthetic_repo_018,synthetic_user_0347,2024,High Energy Physics,GRADUATE
synthetic_repo_018,synthetic_user_0380,2024,High Energy Physics,POSTDOC
synthetic_repo_018,synthetic_user_0397,2024,High Energy Physics,SCIENTST
synthetic_repo_018,synthetic_user_0434,2024,High Energy Physics,POSTDOC
synthetic_repo_018,synthetic_user_0474,2024,High Energy Physics,NONE
synthetic_repo_018,synthetic_user_0594,2024,High Energy Physics,POSTDOC
synthetic_repo_018,synthetic_user_0665,2024,High Energy Physics,GRADUATE
synthetic_repo_018,synthetic_user_0682,2024,High Energy Physics,POSTDOC
synthetic_repo_018,synthetic_user_0702,2024,High Energy Physics,FACULTY
synthetic_repo_018,synthetic_user_0762,2024,High Energy Physics,NONE
synthetic_repo_018,synthetic_user_0866,2024,High Energy Physics,PROSTAFF
synthetic_repo_018,synthetic_user_0912,2024,High Energy Physics,OTHER
synthetic_repo_018,synthetic_user_0915,2024,High Energy Physics,POSTDOC
synthetic_repo_018,synthetic_user_1020,2024,High Energy Physics,GRADUATE
synthetic_repo_018,synthetic_user_1039,2024,High Energy Physics,POSTDOC
synthetic_repo_018,synthetic_user_1058,2024,High Energy Physics,SCIENTST
synthetic_repo_018,synthetic_user_1098,2024,High Energy Physics,GRADUATE
synthetic_repo_019,synthetic_user_0159,2024,High Energy Physics,GRADUATE
synthetic_repo_019,synthetic_user_0176,2024,High Energy Physics,OTHER
synthetic_repo_019,synthetic_user_0179,2024,High Energy Physics,PROSTAFF
synthetic_repo_019,synthetic_user_0255,2024,High Energy Physics,SCIENTST
synthetic_repo_019,synthetic_user_0325,2024,High Energy Physics,SCIENTST
synthetic_repo_019,synthetic_user_0341,2024,High Energy Physics,PROSTAFF
synthetic_repo_019,synthetic_user_0380,2024,High Energy Physics,POSTDOC
synthetic_repo_019,synthetic_user_0397,2024,High Energy Physics,SCIENTST
synthetic_repo_019,synthetic_user_0427,2024,High Energy Physics,GRADUATE
synthetic_repo_019,synthetic_user_0450,2024,High Energy Physics,FACULTY
synthetic_repo_019,synthetic_user_0474,2024,High Energy Physics,NONE
synthetic_repo_019,synthetic_user_0475,2024,High Energy Physics,GRADUATE
synthetic_repo_019,synthetic_user_0488,2024,High Energy Physics,FACULTY
synthetic_repo_019,synthetic_user_0519,2024,High Energy Physics,PROSTAFF
synthetic_repo_019,synthetic_user_0529,2024,High Energy Physics,POSTDOC
synthetic_repo_019,synthetic_user_0618,2024,High Energy Physics,POSTDOC
synthetic_repo_019,synthetic_user_0635,2024,High Energy Physics,PROSTAFF
synthetic_repo_019,synthetic_user_0642,2024,High Energy Physics,SCIENTST
synthetic_repo_019,synthetic_user_0643,2024,High Energy Physics,UNDRGRAD
synthetic_repo_019,synthetic_user_0667,2024,High Energy Physics,SCIENTST
synthetic_repo_019,synthetic_user_0713,2024,High Energy Physics,OTHER
synthetic_repo_019,synthetic_user_0815,2024,High Energy Physics,GRADUATE
synthetic_repo_019,synthetic_user_0872,2024,High Energy Physics,POSTDOC
synthetic_repo_019,synthetic_user_0898,2024,High Energy Physics,POSTDOC
synthetic_repo_019,synthetic_user_0915,2024,High Energy Physics,POSTDOC
synthetic_repo_019,synthetic_user_0928,2024,High Energy Physics,POSTDOC
synthetic_repo_019,synthetic_user_0933,2024,High Energy Physics,GRADUATE
synthetic_repo_019,synthetic_user_0965,2024,High Energy Physics,GRADUATE
synthetic_repo_019,synthetic_user_0983,2024,High Energy Physics,GRADUATE
synthetic_repo_019,synthetic_user_1020,2024,High Energy Physics,GRADUATE
synthetic_repo_019,synthetic_user_1024,2024,High Energy Physics,OTHER
synthetic_repo_019,synthetic_user_1058,2024,High Energy Physics,SCIENTST
synthetic_repo_019,synthetic_user_1098,2024,High Energy Physics,GRADUATE
synthetic_repo_019,synthetic_user_1101,2024,High Energy Physics,POSTDOC
synthetic_repo_019,synthetic_user_1161,2024,High Energy Physics,PROSTAFF
synthetic_repo_019,synthetic_user_1171,2024,High Energy Physics,SCIENTST
synthetic_repo_020,synthetic_user_0070,2024,High Energy Physics,UNDRGRAD
synthetic_repo_020,synthetic_user_0170,2024,High Energy Physics,PROSTAFF
synthetic_repo_020,synthetic_user_0176,2024,High Energy Physics,OTHER
synthetic_repo_020,synthetic_user_0215,2024,High Energy Physics,FACULTY
synthetic_repo_020,synthetic_user_0255,2024,High Energy Physics,SCIENTST
synthetic_repo_020,synthetic_user_0279,2024,High Energy Physics,GRADUATE
synthetic_repo_020,synthetic_user_0325,2024,High Energy Physics,SCIENTST
synthetic_repo_020,synthetic_user_0335,2024,High Energy Physics,POSTDOC
synthetic_repo_020,synthetic_user_0380,2024,High Energy Physics,POSTDOC
synthetic_repo_020,synthetic_user_0397,2024,High Energy Physics,SCIENTST
synthetic_repo_020,synthetic_user_0414,2024,High Energy Physics,SCIENTST
synthetic_repo_020,synthetic_user_0427,2024,High Energy Physics,GRADUATE
synthetic_repo_020,synthetic_user_0429,2024,High Energy Physics,SCIENTST
synthetic_repo_020,synthetic_user_0430,2024,High Energy Physics,FACULTY
synthetic_repo_020,synthetic_user_0450,2024,High Energy Physics,FACULTY
synthetic_repo_020,synthetic_user_0474,2024,High Energy Physics,NONE
synthetic_repo_020,synthetic_user_0475,2024,High Energy Physics,GRADUATE
synthetic_repo_020,synthetic_user_0478,2024,High Energy Physics,SCIENTST
synthetic_repo_020,synthetic_user_0482,2024,High Energy Physics,SCIENTST
synthetic_repo_020,synthetic_user_0488,2024,High Energy Physics,FACULTY
synthetic_repo_020,synthetic_user_0499,2024,High Energy Physics,POSTDOC
synthetic_repo_020,synthetic_user_0529,2024,High Energy Physics,POSTDOC
synthetic_repo_020,synthetic_user_0594,2024,High Energy Physics,POSTDOC
synthetic_repo_020,synthetic_user_0618,2024,High Energy Physics,POSTDOC
synthetic_repo_020,synthetic_user_0635,2024,High Energy Physics,PROSTAFF
synthetic_repo_020,synthetic_user_0642,2024,High Energy Physics,SCIENTST
synthetic_repo_020,synthetic_user_0643,2024,High Energy Physics,UNDRGRAD
synthetic_repo_020,synthetic_user_0649,2024,High Energy Physics,FACULTY
synthetic_repo_020,synthetic_user_0665,2024,High Energy Physics,GRADUATE
synthetic_repo_020,synthetic_user_0682,2024,High Energy Physics,POSTDOC
synthetic_repo_020,synthetic_user_0713,2024,High Energy Physics,OTHER
synthetic_repo_020,synthetic_user_0815,2024,High Energy Physics,GRADUATE
synthetic_repo_020,synthetic_user_0833,2024,High Energy Physics,POSTDOC
synthetic_repo_020,synthetic_user_0868,2024,High Energy Physics,GRADUATE
synthetic_repo_020,synthetic_user_0872,2024,High Energy Physics,POSTDOC
synthetic_repo_020,synthetic_user_0912,2024,High Energy Physics,OTHER
synthetic_repo_020,synthetic_user_0915,2024,High Energy Physics,POSTDOC
synthetic_repo_020,synthetic_user_0919,2024,High Energy Physics,POSTDOC
synthetic_repo_020,synthetic_user_0933,2024,High Energy Physics,GRADUATE
synthetic_repo_020,synthetic_user_0965,2024,High Energy Physics,GRADUATE
synthetic_repo_020,synthetic_user_0983,2024,High Energy Physics,GRADUATE
synthetic_repo_020,synthetic_user_1024,2024,High Energy Physics,OTHER
synthetic_repo_020,synthetic_user_1029,2024,High Energy Physics,SCIENTST
synthetic_repo_020,synthetic_user_1039,2024,High Energy Physics,POSTDOC
synthetic_repo_020,synthetic_user_1058,2024,High Energy Physics,SCIENTST
synthetic_repo_020,synthetic_user_1098,2024,High Energy Physics,GRADUATE
synthetic_repo_020,synthetic_user_1117,2024,High Energy Physics,OTHER
synthetic_repo_020,synthetic_user_1161,2024,High Energy Physics,PROSTAFF
synthetic_repo_021,synthetic_user_0130,2024,NERSC Directors Reserve,GRADUATE
synthetic_repo_021,synthetic_user_0278,2024,NERSC Directors Reserve,PROSTAFF
synthetic_repo_021,synthetic_user_0554,2024,NERSC Directors Reserve,SCIENTST
synthetic_repo_021,synthetic_user_0650,2024,NERSC Directors Reserve,POSTDOC
synthetic_repo_021,synthetic_user_1111,2024,NERSC Directors Reserve,GRADUATE
synthetic_repo_022,synthetic_user_0080,2024,NERSC Directors Reserve,GRADUATE
synthetic_repo_022,synthetic_user_0278,2024,NERSC Directors Reserve,PROSTAFF
synthetic_repo_022,synthetic_user_0477,2024,NERSC Directors Reserve,GRADUATE
synthetic_repo_022,synthetic_user_0626,2024,NERSC Directors Reserve,FACULTY
synthetic_repo_022,synthetic_user_0650,2024,NERSC Directors Reserve,POSTDOC
synthetic_repo_022,synthetic_user_0996,2024,NERSC Directors Reserve,SCIENTST
synthetic_repo_023,synthetic_user_0152,2024,NERSC Directors Reserve,SCIENTST
synthetic_repo_023,synthetic_user_0400,2024,NERSC Directors Reserve,PROSTAFF
synthetic_repo_023,synthetic_user_0554,2024,NERSC Directors Reserve,SCIENTST
synthetic_repo_023,synthetic_user_0582,2024,NERSC Directors Reserve,SCIENTST
synthetic_repo_023,synthetic_user_0729,2024,NERSC Directors Reserve,GRADUATE
synthetic_repo_023,synthetic_user_0977,2024,NERSC Directors Reserve,PROSTAFF
synthetic_repo_023,synthetic_user_0996,2024,NERSC Directors Reserve,SCIENTST
synthetic_repo_023,synthetic_user_1036,2024,NERSC Directors Reserve,NONE
synthetic_repo_023,synthetic_user_1111,2024,NERSC Directors Reserve,GRADUATE
synthetic_repo_025,synthetic_user_0106,2024,NERSC Directors Reserve,GRADUATE
synthetic_repo_025,synthetic_user_0185,2024,NERSC Directors Reserve,UNDRGRAD
synthetic_repo_025,synthetic_user_0209,2024,NERSC Directors Reserve,POSTDOC
synthetic_repo_025,synthetic_user_0252,2024,NERSC Directors Reserve,SCIENTST
synthetic_repo_025,synthetic_user_0278,2024,NERSC Directors Reserve,PROSTAFF
synthetic_repo_025,synthetic_user_0316,2024,NERSC Directors Reserve,FACULTY
synthetic_repo_025,synthetic_user_0353,2024,NERSC Directors Reserve,NONE
synthetic_repo_025,synthetic_user_0582,2024,NERSC Directors Reserve,SCIENTST
synthetic_repo_025,synthetic_user_0650,2024,NERSC Directors Reserve,POSTDOC
synthetic_repo_025,synthetic_user_0907,2024,NERSC Directors Reserve,PROSTAFF
synthetic_repo_025,synthetic_user_0960,2024,NERSC Directors Reserve,NONE
synthetic_repo_025,synthetic_user_1155,2024,NERSC Directors Reserve,PROSTAFF
synthetic_repo_026,synthetic_user_0209,2024,NERSC Directors Reserve,POSTDOC
synthetic_repo_026,synthetic_user_0252,2024,NERSC Directors Reserve,SCIENTST
synthetic_repo_026,synthetic_user_0278,2024,NERSC Directors Reserve,PROSTAFF
synthetic_repo_026,synthetic_user_0483,2024,NERSC Directors Reserve,SCIENTST
synthetic_repo_026,synthetic_user_0650,2024,NERSC Directors Reserve,POSTDOC
synthetic_repo_026,synthetic_user_0676,2024,NERSC Directors Reserve,POSTDOC
synthetic_repo_026,synthetic_user_0729,2024,NERSC Directors Reserve,GRADUATE
synthetic_repo_026,synthetic_user_0907,2024,NERSC Directors Reserve,PROSTAFF
synthetic_repo_026,synthetic_user_0950,2024,NERSC Directors Reserve,POSTDOC
synthetic_repo_026,synthetic_user_0960,2024,NERSC Directors Reserve,NONE
synthetic_repo_026,synthetic_user_1070,2024,NERSC Directors Reserve,SCIENTST
synthetic_repo_026,synthetic_user_1111,2024,NERSC Directors Reserve,GRADUATE
synthetic_repo_026,synthetic_user_1155,2024,NERSC Directors Reserve,PROSTAFF
synthetic_repo_027,synthetic_user_0080,2024,NERSC Directors Reserve,GRADUATE
synthetic_repo_027,synthetic_user_0118,2024,NERSC Directors Reserve,PROSTAFF
synthetic_repo_027,synthetic_user_0185,2024,NERSC Directors Reserve,UNDRGRAD
synthetic_repo_027,synthetic_user_0269,2024,NERSC Directors Reserve,FACULTY
synthetic_repo_027,synthetic_user_0323,2024,NERSC Directors Reserve,POSTDOC
synthetic_repo_027,synthetic_user_0350,2024,NERSC Directors Reserve,FACULTY
synthetic_repo_027,synthetic_user_0353,2024,NERSC Directors Reserve,NONE
synthetic_repo_027,synthetic_user_0385,2024,NERSC Directors Reserve,OTHER
synthetic_repo_027,synthetic_user_0400,2024,NERSC Directors Reserve,PROSTAFF
synthetic_repo_027,synthetic_user_0535,2024,NERSC Directors Reserve,FACULTY
synthetic_repo_027,synthetic_user_0554,2024,NERSC Directors Reserve,SCIENTST
synthetic_repo_027,synthetic_user_0578,2024,NERSC Directors Reserve,GRADUATE
synthetic_repo_027,synthetic_user_0626,2024,NERSC Directors Reserve,FACULTY
synthetic_repo_027,synthetic_user_0650,2024,NERSC Directors Reserve,POSTDOC
synthetic_repo_027,synthetic_user_0668,2024,NERSC Directors Reserve,UNDRGRAD
synthetic_repo_027,synthetic_user_0707,2024,NERSC Directors Reserve,SCIENTST
synthetic_repo_027,synthetic_user_0824,2024,NERSC Directors Reserve,GRADUATE
synthetic_repo_027,synthetic_user_0826,2024,NERSC Directors Reserve,POSTDOC
synthetic_repo_027,synthetic_user_0907,2024,NERSC Directors Reserve,PROSTAFF
synthetic_repo_027,synthetic_user_0950,2024,NERSC Directors Reserve,POSTDOC
synthetic_repo_027,synthetic_user_0996,2024,NERSC Directors Reserve,SCIENTST
synthetic_repo_027,synthetic_user_1052,2024,NERSC Directors Reserve,SCIENTST
synthetic_repo_027,synthetic_user_1111,2024,NERSC Directors Reserve,GRADUATE
synthetic_repo_027,synthetic_user_1155,2024,NERSC Directors Reserve,PROSTAFF
synthetic_repo_028,synthetic_user_0023,2024,NERSC Directors Reserve,PROSTAFF
synthetic_repo_028,synthetic_user_0080,2024,NERSC Directors Reserve,GRADUATE
synthetic_repo_028,synthetic_user_0106,2024,NERSC Directors Reserve,GRADUATE
synthetic_repo_028,synthetic_user_0118,2024,NERSC Directors Reserve,PROSTAFF
synthetic_repo_028,synthetic_user_0130,2024,NERSC Directors Reserve,GRADUATE
synthetic_repo_028,synthetic_user_0278,2024,NERSC Directors Reserve,PROSTAFF
synthetic_repo_028,synthetic_user_0282,2024,NERSC Directors Reserve,SCIENTST
synthetic_repo_028,synthetic_user_0350,2024,NERSC Directors Reserve,FACULTY
synthetic_repo_028,synthetic_user_0353,2024,NERSC Directors Reserve,NONE
synthetic_repo_028,synthetic_user_0392,2024,NERSC Directors Reserve,SCIENTST
synthetic_repo_028,synthetic_user_0400,2024,NERSC Directors Reserve,PROSTAFF
synthetic_repo_028,synthetic_user_0545,2024,NERSC Directors Reserve,OTHER
synthetic_repo_028,synthetic_user_0582,2024,NERSC Directors Reserve,SCIENTST
synthetic_repo_028,synthetic_user_0626,2024,NERSC Directors Reserve,FACULTY
synthetic_repo_028,synthetic_user_0729,2024,NERSC Directors Reserve,GRADUATE
synthetic_repo_028,synthetic_user_0907,2024,NERSC Directors Reserve,PROSTAFF
synthetic_repo_028,synthetic_user_0935,2024,NERSC Directors Reserve,POSTDOC
synthetic_repo_028,synthetic_user_0950,2024,NERSC Directors Reserve,POSTDOC
synthetic_repo_028,synthetic_user_1142,2024,NERSC Directors Reserve,SCIENTST
synthetic_repo_028,synthetic_user_1155,2024,NERSC Directors Reserve,PROSTAFF
synthetic_repo_029,synthetic_user_0003,2024,NERSC Directors Reserve,UNDRGRAD
synthetic_repo_029,synthetic_user_0072,2024,NERSC Directors Reserve,SCIENTST
synthetic_repo_029,synthetic_user_0080,2024,NERSC Directors Reserve,GRADUATE
synthetic_repo_029,synthetic_user_0106,2024,NERSC Directors Reserve,GRADUATE
synthetic_repo_029,synthetic_user_0152,2024,NERSC Directors Reserve,SCIENTST
synthetic_repo_029,synthetic_user_0185,2024,NERSC Directors Reserve,UNDRGRAD
synthetic_repo_029,synthetic_user_0188,2024,NERSC Directors Reserve,GRADUATE
synthetic_repo_029,synthetic_user_0232,2024,NERSC Directors Reserve,PROSTAFF
synthetic_repo_029,synthetic_user_0251,2024,NERSC Directors Reserve,GRADUATE
synthetic_repo_029,synthetic_user_0252,2024,NERSC Directors Reserve,SCIENTST
synthetic_repo_029,synthetic_user_0269,2024,NERSC Directors Reserve,FACULTY
synthetic_repo_029,synthetic_user_0278,2024,NERSC Directors Reserve,PROSTAFF
synthetic_repo_029,synthetic_user_0291,2024,NERSC Directors Reserve,FACULTY
synthetic_repo_029,synthetic_user_0332,2024,NERSC Directors Reserve,SCIENTST
synthetic_repo_029,synthetic_user_0346,2024,NERSC Directors Reserve,GRADUATE
synthetic_repo_029,synthetic_user_0353,2024,NERSC Directors Reserve,NONE
synthetic_repo_029,synthetic_user_0392,2024,NERSC Directors Reserve,SCIENTST
synthetic_repo_029,synthetic_user_0400,2024,NERSC Directors Reserve,PROSTAFF
synthetic_repo_029,synthetic_user_0479,2024,NERSC Directors Reserve,OTHER
synthetic_repo_029,synthetic_user_0512,2024,NERSC Directors Reserve,SCIENTST
synthetic_repo_029,synthetic_user_0535,2024,NERSC Directors Reserve,FACULTY
synthetic_repo_029,synthetic_user_0545,2024,NERSC Directors Reserve,OTHER
synthetic_repo_029,synthetic_user_0554,2024,NERSC Directors Reserve,SCIENTST
synthetic_repo_029,synthetic_user_0582,2024,NERSC Directors Reserve,SCIENTST
synthetic_repo_029,synthetic_user_0626,2024,NERSC Directors Reserve,FACULTY
synthetic_repo_029,synthetic_user_0650,2024,NERSC Directors Reserve,POSTDOC
synthetic_repo_029,synthetic_user_0668,2024,NERSC Directors Reserve,UNDRGRAD
synthetic_repo_029,synthetic_user_0707,2024,NERSC Directors Reserve,SCIENTST
synthetic_repo_029,synthetic_user_0722,2024,NERSC Directors Reserve,POSTDOC
synthetic_repo_029,synthetic_user_0729,2024,NERSC Directors Reserve,GRADUATE
synthetic_repo_029,synthetic_user_0824,2024,NERSC Directors Reserve,GRADUATE
synthetic_repo_029,synthetic_user_0826,2024,NERSC Directors Reserve,POSTDOC
synthetic_repo_029,synthetic_user_0907,2024,NERSC Directors Reserve,PROSTAFF
synthetic_repo_029,synthetic_user_0935,2024,NERSC Directors Reserve,POSTDOC
synthetic_repo_029,synthetic_user_0950,2024,NERSC Directors Reserve,POSTDOC
synthetic_repo_029,synthetic_user_0960,2024,NERSC Directors Reserve,NONE
synthetic_repo_029,synthetic_user_0977,2024,NERSC Directors Reserve,PROSTAFF
synthetic_repo_029,synthetic_user_0996,2024,NERSC Directors Reserve,SCIENTST
synthetic_repo_029,synthetic_user_0998,2024,NERSC Directors Reserve,SCIENTST
synthetic_repo_029,synthetic_user_1048,2024,NERSC Directors Reserve,POSTDOC
synthetic_repo_029,synthetic_user_1052,2024,NERSC Directors Reserve,SCIENTST
synthetic_repo_029,synthetic_user_1070,2024,NERSC Directors Reserve,SCIENTST
synthetic_repo_029,synthetic_user_1111,2024,NERSC Directors Reserve,GRADUATE
synthetic_repo_029,synthetic_user_1155,2024,NERSC Directors Reserve,PROSTAFF
synthetic_repo_030,synthetic_user_0023,2024,NERSC Directors Reserve,PROSTAFF
synthetic_repo_030,synthetic_user_0072,2024,NERSC Directors Reserve,SCIENTST
synthetic_repo_030,synthetic_user_0080,2024,NERSC Directors Reserve,GRADUATE
synthetic_repo_030,synthetic_user_0106,2024,NERSC Directors Reserve,GRADUATE
synthetic_repo_030,synthetic_user_0118,2024,NERSC Directors Reserve,PROSTAFF
synthetic_repo_030,synthetic_user_0130,2024,NERSC Directors Reserve,GRADUATE
synthetic_repo_030,synthetic_user_0152,2024,NERSC Directors Reserve,SCIENTST
synthetic_repo_030,synthetic_user_0185,2024,NERSC Directors Reserve,UNDRGRAD
synthetic_repo_030,synthetic_user_0209,2024,NERSC Directors Reserve,POSTDOC
synthetic_repo_030,synthetic_user_0251,2024,NERSC Directors Reserve,GRADUATE
synthetic_repo_030,synthetic_user_0252,2024,NERSC Directors Reserve,SCIENTST
synthetic_repo_030,synthetic_user_0278,2024,NERSC Directors Reserve,PROSTAFF
synthetic_repo_030,synthetic_user_0346,2024,NERSC Directors Reserve,GRADUATE
synthetic_repo_030,synthetic_user_0353,2024,NERSC Directors Reserve,NONE
synthetic_repo_030,synthetic_user_0400,2024,NERSC Directors Reserve,PROSTAFF
synthetic_repo_030,synthetic_user_0419,2024,NERSC Directors Reserve,SCIENTST
synthetic_repo_030,synthetic_user_0475,2024,NERSC Directors Reserve,GRADUATE
synthetic_repo_030,synthetic_user_0477,2024,NERSC Directors Reserve,GRADUATE
synthetic_repo_030,synthetic_user_0512,2024,NERSC Directors Reserve,SCIENTST
synthetic_repo_030,synthetic_user_0545,2024,NERSC Directors Reserve,OTHER
synthetic_repo_030,synthetic_user_0554,2024,NERSC Directors Reserve,SCIENTST
synthetic_repo_030,synthetic_user_0575,2024,NERSC Directors Reserve,PROSTAFF
synthetic_repo_030,synthetic_user_0582,2024,NERSC Directors Reserve,SCIENTST
synthetic_repo_030,synthetic_user_0626,2024,NERSC Directors Reserve,FACULTY
synthetic_repo_030,synthetic_user_0650,2024,NERSC Directors Reserve,POSTDOC
synthetic_repo_030,synthetic_user_0668,2024,NERSC Directors Reserve,UNDRGRAD
synthetic_repo_030,synthetic_user_0722,2024,NERSC Directors Reserve,POSTDOC
synthetic_repo_030,synthetic_user_0729,2024,NERSC Directors Reserve,GRADUATE
synthetic_repo_030,synthetic_user_0773,2024,NERSC Directors Reserve,SCIENTST
synthetic_repo_030,synthetic_user_0799,2024,NERSC Directors Reserve,PROSTAFF
synthetic_repo_030,synthetic_user_0826,2024,NERSC Directors Reserve,POSTDOC
synthetic_repo_030,synthetic_user_0907,2024,NERSC Directors Reserve,PROSTAFF
synthetic_repo_030,synthetic_user_0935,2024,NERSC Directors Reserve,POSTDOC
synthetic_repo_030,synthetic_user_0950,2024,NERSC Directors Reserve,POSTDOC
synthetic_repo_030,synthetic_user_0960,2024,NERSC Directors Reserve,NONE
synthetic_repo_030,synthetic_user_0996,2024,NERSC Directors Reserve,SCIENTST
synthetic_repo_030,synthetic_user_0998,2024,NERSC Directors Reserve,SCIENTST
synthetic_repo_030,synthetic_user_1028,2024,NERSC Directors Reserve,FACULTY
synthetic_repo_030,synthetic_user_1052,2024,NERSC Directors Reserve,SCIENTST
synthetic_repo_030,synthetic_user_1111,2024,NERSC Directors Reserve,GRADUATE
synthetic_repo_030,synthetic_user_1112,2024,NERSC Directors Reserve,FACULTY
synthetic_repo_030,synthetic_user_1142,2024,NERSC Directors Reserve,SCIENTST
synthetic_repo_030,synthetic_user_1155,2024,NERSC Directors Reserve,PROSTAFF
synthetic_repo_030,synthetic_user_1158,2024,NERSC Directors Reserve,SCIENTST
synthetic_repo_031,synthetic_user_0156,2024,Biological and Environmental Research,PROSTAFF
synthetic_repo_031,synthetic_user_0163,2024,Biological and Environmental Research,GRADUATE
synthetic_repo_031,synthetic_user_0531,2024,Biological and Environmental Research,OTHER
synthetic_repo_031,synthetic_user_0799,2024,Biological and Environmental Research,PROSTAFF
synthetic_repo_031,synthetic_user_0910,2024,Biological and Environmental Research,PROSTAFF
synthetic_repo_032,synthetic_user_0094,2024,Biological and Environmental Research,GRADUATE
synthetic_repo_032,synthetic_user_0156,2024,Biological and Environmental Research,PROSTAFF
synthetic_repo_032,synthetic_user_0299,2024,Biological and Environmental Research,SCIENTST
synthetic_repo_032,synthetic_user_0512,2024,Biological and Environmental Research,SCIENTST
synthetic_repo_032,synthetic_user_0533,2024,Biological and Environmental Research,OTHER
synthetic_repo_032,synthetic_user_0538,2024,Biological and Environmental Research,POSTDOC
synthetic_repo_032,synthetic_user_0754,2024,Biological and Environmental Research,POSTDOC
synthetic_repo_032,synthetic_user_1041,2024,Biological and Environmental Research,FACULTY
synthetic_repo_033,synthetic_user_0094,2024,Biological and Environmental Research,GRADUATE
synthetic_repo_033,synthetic_user_0099,2024,Biological and Environmental Research,GRADUATE
synthetic_repo_033,synthetic_user_0538,2024,Biological and Environmental Research,POSTDOC
synthetic_repo_033,synthetic_user_0623,2024,Biological and Environmental Research,POSTDOC
synthetic_repo_033,synthetic_user_0651,2024,Biological and Environmental Research,SCIENTST
synthetic_repo_033,synthetic_user_0674,2024,Biological and Environmental Research,SCIENTST
synthetic_repo_033,synthetic_user_0910,2024,Biological and Environmental Research,PROSTAFF
synthetic_repo_035,synthetic_user_0085,2024,Biological and Environmental Research,GRADUATE
synthetic_repo_035,synthetic_user_0094,2024,Biological and Environmental Research,GRADUATE
synthetic_repo_035,synthetic_user_0156,2024,Biological and Environmental Research,PROSTAFF
synthetic_repo_035,synthetic_user_0469,2024,Biological and Environmental Research,GRADUATE
synthetic_repo_035,synthetic_user_0533,2024,Biological and Environmental Research,OTHER
synthetic_repo_035,synthetic_user_0538,2024,Biological and Environmental Research,POSTDOC
synthetic_repo_035,synthetic_user_0540,2024,Biological and Environmental Research,GRADUATE
synthetic_repo_035,synthetic_user_0556,2024,Biological and Environmental Research,POSTDOC
synthetic_repo_035,synthetic_user_0589,2024,Biological and Environmental Research,PROSTAFF
synthetic_repo_035,synthetic_user_0669,2024,Biological and Environmental Research,SCIENTST
synthetic_repo_035,synthetic_user_0674,2024,Biological and Environmental Research,SCIENTST
synthetic_repo_035,synthetic_user_0799,2024,Biological and Environmental Research,PROSTAFF
synthetic_repo_035,synthetic_user_0910,2024,Biological and Environmental Research,PROSTAFF
synthetic_repo_035,synthetic_user_1164,2024,Biological and Environmental Research,SCIENTST
synthetic_repo_036,synthetic_user_0036,2024,Biological and Environmental Research,POSTDOC
synthetic_repo_036,synthetic_user_0094,2024,Biological and Environmental Research,GRADUATE
synthetic_repo_036,synthetic_user_0099,2024,Biological and Environmental Research,GRADUATE
synthetic_repo_036,synthetic_user_0156,2024,Biological and Environmental Research,PROSTAFF
synthetic_repo_036,synthetic_user_0163,2024,Biological and Environmental Research,GRADUATE
synthetic_repo_036,synthetic_user_0182,2024,Biological and Environmental Research,PROSTAFF
synthetic_repo_036,synthetic_user_0268,2024,Biological and Environmental Research,GRADUATE
synthetic_repo_036,synthetic_user_0424,2024,Biological and Environmental Research,PROSTAFF
synthetic_repo_036,synthetic_user_0464,2024,Biological and Environmental Research,POSTDOC
synthetic_repo_036,synthetic_user_0533,2024,Biological and Environmental Research,OTHER
synthetic_repo_036,synthetic_user_0538,2024,Biological and Environmental Research,POSTDOC
synthetic_repo_036,synthetic_user_0556,2024,Biological and Environmental Research,POSTDOC
synthetic_repo_036,synthetic_user_0623,2024,Biological and Environmental Research,POSTDOC
synthetic_repo_036,synthetic_user_0651,2024,Biological and Environmental Research,SCIENTST
synthetic_repo_036,synthetic_user_0705,2024,Biological and Environmental Research,SCIENTST
synthetic_repo_036,synthetic_user_0823,2024,Biological and Environmental Research,POSTDOC
synthetic_repo_036,synthetic_user_0829,2024,Biological and Environmental Research,POSTDOC
synthetic_repo_036,synthetic_user_0847,2024,Biological and Environmental Research,SCIENTST
synthetic_repo_036,synthetic_user_0910,2024,Biological and Environmental Research,PROSTAFF
synthetic_repo_036,synthetic_user_1118,2024,Biological and Environmental Research,POSTDOC
synthetic_repo_036,synthetic_user_1190,2024,Biological and Environmental Research,FACULTY
synthetic_repo_037,synthetic_user_0036,2024,Biological and Environmental Research,POSTDOC
synthetic_repo_037,synthetic_user_0068,2024,Biological and Environmental Research,FACULTY
synthetic_repo_037,synthetic_user_0094,2024,Biological and Environmental Research,GRADUATE
synthetic_repo_037,synthetic_user_0105,2024,Biological and Environmental Research,PROSTAFF
synthetic_repo_037,synthetic_user_0163,2024,Biological and Environmental Research,GRADUATE
synthetic_repo_037,synthetic_user_0220,2024,Biological and Environmental Research,NONE
synthetic_repo_037,synthetic_user_0444,2024,Biological and Environmental Research,POSTDOC
synthetic_repo_037,synthetic_user_0464,2024,Biological and Environmental Research,POSTDOC
synthetic_repo_037,synthetic_user_0531,2024,Biological and Environmental Research,OTHER
synthetic_repo_037,synthetic_user_0538,2024,Biological and Environmental Research,POSTDOC
synthetic_repo_037,synthetic_user_0540,2024,Biological and Environmental Research,GRADUATE
synthetic_repo_037,synthetic_user_0556,2024,Biological and Environmental Research,POSTDOC
synthetic_repo_037,synthetic_user_0591,2024,Biological and Environmental Research,PROSTAFF
synthetic_repo_037,synthetic_user_0674,2024,Biological and Environmental Research,SCIENTST
synthetic_repo_037,synthetic_user_0705,2024,Biological and Environmental Research,SCIENTST
synthetic_repo_037,synthetic_user_0793,2024,Biological and Environmental Research,POSTDOC
synthetic_repo_037,synthetic_user_0847,2024,Biological and Environmental Research,SCIENTST
synthetic_repo_037,synthetic_user_0910,2024,Biological and Environmental Research,PROSTAFF
synthetic_repo_037,synthetic_user_1164,2024,Biological and Environmental Research,SCIENTST
synthetic_repo_037,synthetic_user_1184,2024,Biological and Environmental Research,FACULTY
synthetic_repo_038,synthetic_user_0013,2024,Biological and Environmental Research,OTHER
synthetic_repo_038,synthetic_user_0036,2024,Biological and Environmental Research,POSTDOC
synthetic_repo_038,synthetic_user_0089,2024,Biological and Environmental Research,POSTDOC
synthetic_repo_038,synthetic_user_0094,2024,Biological and Environmental Research,GRADUATE
synthetic_repo_038,synthetic_user_0099,2024,Biological and Environmental Research,GRADUATE
synthetic_repo_038,synthetic_user_0105,2024,Biological and Environmental Research,PROSTAFF
synthetic_repo_038,synthetic_user_0156,2024,Biological and Environmental Research,PROSTAFF
synthetic_repo_038,synthetic_user_0220,2024,Biological and Environmental Research,NONE
synthetic_repo_038,synthetic_user_0268,2024,Biological and Environmental Research,GRADUATE
synthetic_repo_038,synthetic_user_0490,2024,Biological and Environmental Research,PROSTAFF
synthetic_repo_038,synthetic_user_0533,2024,Biological and Environmental Research,OTHER
synthetic_repo_038,synthetic_user_0538,2024,Biological and Environmental Research,POSTDOC
synthetic_repo_038,synthetic_user_0569,2024,Biological and Environmental Research,PROSTAFF
synthetic_repo_038,synthetic_user_0589,2024,Biological and Environmental Research,PROSTAFF
synthetic_repo_038,synthetic_user_0613,2024,Biological and Environmental Research,PROSTAFF
synthetic_repo_038,synthetic_user_0623,2024,Biological and Environmental Research,POSTDOC
synthetic_repo_038,synthetic_user_0651,2024,Biological and Environmental Research,SCIENTST
synthetic_repo_038,synthetic_user_0669,2024,Biological and Environmental Research,SCIENTST
synthetic_repo_038,synthetic_user_0674,2024,Biological and Environmental Research,SCIENTST
synthetic_repo_038,synthetic_user_0823,2024,Biological and Environmental Research,POSTDOC
synthetic_repo_038,synthetic_user_0847,2024,Biological and Environmental Research,SCIENTST
synthetic_repo_038,synthetic_user_0910,2024,Biological and Environmental Research,PROSTAFF
synthetic_repo_038,synthetic_user_0916,2024,Biological and Environmental Research,UNDRGRAD
synthetic_repo_038,synthetic_user_1046,2024,Biological and Environmental Research,SCIENTST
synthetic_repo_038,synthetic_user_1164,2024,Biological and Environmental Research,SCIENTST
synthetic_repo_039,synthetic_user_0013,2024,Biological and Environmental Research,OTHER
synthetic_repo_039,synthetic_user_0036,2024,Biological and Environmental Research,POSTDOC
synthetic_repo_039,synthetic_user_0068,2024,Biological and Environmental Research,FACULTY
synthetic_repo_039,synthetic_user_0094,2024,Biological and Environmental Research,GRADUATE
synthetic_repo_039,synthetic_user_0099,2024,Biological and Environmental Research,GRADUATE
synthetic_repo_039,synthetic_user_0105,2024,Biological and Environmental Research,PROSTAFF
synthetic_repo_039,synthetic_user_0220,2024,Biological and Environmental Research,NONE
synthetic_repo_039,synthetic_user_0299,2024,Biological and Environmental Research,SCIENTST
synthetic_repo_039,synthetic_user_0354,2024,Biological and Environmental Research,SCIENTST
synthetic_repo_039,synthetic_user_0424,2024,Biological and Environmental Research,PROSTAFF
synthetic_repo_039,synthetic_user_0464,2024,Biological and Environmental Research,POSTDOC
synthetic_repo_039,synthetic_user_0476,2024,Biological and Environmental Research,GRADUATE
synthetic_repo_039,synthetic_user_0531,2024,Biological and Environmental Research,OTHER
synthetic_repo_039,synthetic_user_0532,2024,Biological and Environmental Research,GRADUATE
synthetic_repo_039,synthetic_user_0533,2024,Biological and Environmental Research,OTHER
synthetic_repo_039,synthetic_user_0538,2024,Biological and Environmental Research,POSTDOC
synthetic_repo_039,synthetic_user_0540,2024,Biological and Environmental Research,GRADUATE
synthetic_repo_039,synthetic_user_0556,2024,Biological and Environmental Research,POSTDOC
synthetic_repo_039,synthetic_user_0569,2024,Biological and Environmental Research,PROSTAFF
synthetic_repo_039,synthetic_user_0597,2024,Biological and Environmental Research,OTHER
synthetic_repo_039,synthetic_user_0623,2024,Biological and Environmental Research,POSTDOC
synthetic_repo_039,synthetic_user_0674,2024,Biological and Environmental Research,SCIENTST
synthetic_repo_039,synthetic_user_0705,2024,Biological and Environmental Research,SCIENTST
synthetic_repo_039,synthetic_user_0770,2024,Biological and Environmental Research,PROSTAFF
synthetic_repo_039,synthetic_user_0793,2024,Biological and Environmental Research,POSTDOC
synthetic_repo_039,synthetic_user_0799,2024,Biological and Environmental Research,PROSTAFF
synthetic_repo_039,synthetic_user_0845,2024,Biological and Environmental Research,SCIENTST
synthetic_repo_039,synthetic_user_0847,2024,Biological and Environmental Research,SCIENTST
synthetic_repo_039,synthetic_user_0910,2024,Biological and Environmental Research,PROSTAFF
synthetic_repo_039,synthetic_user_0916,2024,Biological and Environmental Research,UNDRGRAD
synthetic_repo_039,synthetic_user_1002,2024,Biological and Environmental Research,SCIENTST
synthetic_repo_039,synthetic_user_1129,2024,Biological and Environmental Research,SCIENTST
synthetic_repo_039,synthetic_user_1164,2024,Biological and Environmental Research,SCIENTST
synthetic_repo_039,synthetic_user_1165,2024,Biological and Environmental Research,FACULTY
synthetic_repo_039,synthetic_user_1184,2024,Biological and Environmental Research,FACULTY
synthetic_repo_039,synthetic_user_1191,2024,Biological and Environmental Research,SCIENTST
synthetic_repo_040,synthetic_user_0013,2024,Biological and Environmental Research,OTHER
synthetic_repo_040,synthetic_user_0036,2024,Biological and Environmental Research,POSTDOC
synthetic_repo_040,synthetic_user_0068,2024,Biological and Environmental Research,FACULTY
synthetic_repo_040,synthetic_user_0085,2024,Biological and Environmental Research,GRADUATE
synthetic_repo_040,synthetic_user_0089,2024,Biological and Environmental Research,POSTDOC
synthetic_repo_040,synthetic_user_0091,2024,Biological and Environmental Research,POSTDOC
synthetic_repo_040,synthetic_user_0094,2024,Biological and Environmental Research,GRADUATE
synthetic_repo_040,synthetic_user_0099,2024,Biological and Environmental Research,GRADUATE
synthetic_repo_040,synthetic_user_0105,2024,Biological and Environmental Research,PROSTAFF
synthetic_repo_040,synthetic_user_0109,2024,Biological and Environmental Research,UNDRGRAD
synthetic_repo_040,synthetic_user_0156,2024,Biological and Environmental Research,PROSTAFF
synthetic_repo_040,synthetic_user_0163,2024,Biological and Environmental Research,GRADUATE
synthetic_repo_040,synthetic_user_0186,2024,Biological and Environmental Research,GRADUATE
synthetic_repo_040,synthetic_user_0220,2024,Biological and Environmental Research,NONE
synthetic_repo_040,synthetic_user_0268,2024,Biological and Environmental Research,GRADUATE
synthetic_repo_040,synthetic_user_0274,2024,Biological and Environmental Research,SCIENTST
synthetic_repo_040,synthetic_user_0412,2024,Biological and Environmental Research,PROSTAFF
synthetic_repo_040,synthetic_user_0416,2024,Biological and Environmental Research,GRADUATE
synthetic_repo_040,synthetic_user_0424,2024,Biological and Environmental Research,PROSTAFF
synthetic_repo_040,synthetic_user_0469,2024,Biological and Environmental Research,GRADUATE
synthetic_repo_040,synthetic_user_0476,2024,Biological and Environmental Research,GRADUATE
synthetic_repo_040,synthetic_user_0512,2024,Biological and Environmental Research,SCIENTST
synthetic_repo_040,synthetic_user_0531,2024,Biological and Environmental Research,OTHER
synthetic_repo_040,synthetic_user_0532,2024,Biological and Environmental Research,GRADUATE
synthetic_repo_040,synthetic_user_0533,2024,Biological and Environmental Research,OTHER
synthetic_repo_040,synthetic_user_0538,2024,Biological and Environmental Research,POSTDOC
synthetic_repo_040,synthetic_user_0556,2024,Biological and Environmental Research,POSTDOC
synthetic_repo_040,synthetic_user_0569,2024,Biological and Environmental Research,PROSTAFF
synthetic_repo_040,synthetic_user_0623,2024,Biological and Environmental Research,POSTDOC
synthetic_repo_040,synthetic_user_0669,2024,Biological and Environmental Research,SCIENTST
synthetic_repo_040,synthetic_user_0674,2024,Biological and Environmental Research,SCIENTST
synthetic_repo_040,synthetic_user_0705,2024,Biological and Environmental Research,SCIENTST
synthetic_repo_040,synthetic_user_0770,2024,Biological and Environmental Research,PROSTAFF
synthetic_repo_040,synthetic_user_0799,2024,Biological and Environmental Research,PROSTAFF
synthetic_repo_040,synthetic_user_0812,2024,Biological and Environmental Research,SCIENTST
synthetic_repo_040,synthetic_user_0823,2024,Biological and Environmental Research,POSTDOC
synthetic_repo_040,synthetic_user_0847,2024,Biological and Environmental Research,SCIENTST
synthetic_repo_040,synthetic_user_0910,2024,Biological and Environmental Research,PROSTAFF
synthetic_repo_040,synthetic_user_1046,2024,Biological and Environmental Research,SCIENTST
synthetic_repo_040,synthetic_user_1129,2024,Biological and Environmental Research,SCIENTST
synthetic_repo_040,synthetic_user_1164,2024,Biological and Environmental Research,SCIENTST
synthetic_repo_040,synthetic_user_1165,2024,Biological and Environmental Research,FACULTY
synthetic_repo_040,synthetic_user_1184,2024,Biological and Environmental Research,FACULTY
synthetic_repo_040,synthetic_user_1190,2024,Biological and Environmental Research,FACULTY
synthetic_repo_040,synthetic_user_1191,2024,Biological and Environmental Research,SCIENTST
synthetic_repo_041,synthetic_user_0147,2024,Advanced Scientific Computing Research,FACULTY
synthetic_repo_041,synthetic_user_0269,2024,Advanced Scientific Computing Research,FACULTY
synthetic_repo_041,synthetic_user_0711,2024,Advanced Scientific Computing Research,GRADUATE
synthetic_repo_041,synthetic_user_0984,2024,Advanced Scientific Computing Research,OTHER
synthetic_repo_041,synthetic_user_1104,2024,Advanced Scientific Computing Research,SCIENTST
synthetic_repo_042,synthetic_user_0006,2024,Advanced Scientific Computing Research,GRADUATE
synthetic_repo_042,synthetic_user_0038,2024,Advanced Scientific Computing Research,UNDRGRAD
synthetic_repo_042,synthetic_user_0075,2024,Advanced Scientific Computing Research,OTHER
synthetic_repo_042,synthetic_user_0144,2024,Advanced Scientific Computing Research,UNDRGRAD
synthetic_repo_042,synthetic_user_0238,2024,Advanced Scientific Computing Research,FACULTY
synthetic_repo_042,synthetic_user_0245,2024,Advanced Scientific Computing Research,POSTDOC
synthetic_repo_042,synthetic_user_0402,2024,Advanced Scientific Computing Research,GRADUATE
synthetic_repo_042,synthetic_user_0999,2024,Advanced Scientific Computing Research,NONE
synthetic_repo_043,synthetic_user_0038,2024,Advanced Scientific Computing Research,UNDRGRAD
synthetic_repo_043,synthetic_user_0147,2024,Advanced Scientific Computing Research,FACULTY
synthetic_repo_043,synthetic_user_0245,2024,Advanced Scientific Computing Research,POSTDOC
synthetic_repo_043,synthetic_user_0402,2024,Advanced Scientific Computing Research,GRADUATE
synthetic_repo_043,synthetic_user_0625,2024,Advanced Scientific Computing Research,UNDRGRAD
synthetic_repo_043,synthetic_user_0755,2024,Advanced Scientific Computing Research,GRADUATE
synthetic_repo_043,synthetic_user_0968,2024,Advanced Scientific Computing Research,GRADUATE
synthetic_repo_043,synthetic_user_0985,2024,Advanced Scientific Computing Research,GRADUATE
synthetic_repo_043,synthetic_user_1012,2024,Advanced Scientific Computing Research,FACULTY
synthetic_repo_043,synthetic_user_1104,2024,Advanced Scientific Computing Research,SCIENTST
synthetic_repo_045,synthetic_user_0018,2024,Advanced Scientific Computing Research,GRADUATE
synthetic_repo_045,synthetic_user_0027,2024,Advanced Scientific Computing Research,FACULTY
synthetic_repo_045,synthetic_user_0057,2024,Advanced Scientific Computing Research,POSTDOC
synthetic_repo_045,synthetic_user_0245,2024,Advanced Scientific Computing Research,POSTDOC
synthetic_repo_045,synthetic_user_0336,2024,Advanced Scientific Computing Research,POSTDOC
synthetic_repo_045,synthetic_user_0391,2024,Advanced Scientific Computing Research,UNDRGRAD
synthetic_repo_045,synthetic_user_0402,2024,Advanced Scientific Computing Research,GRADUATE
synthetic_repo_045,synthetic_user_0502,2024,Advanced Scientific Computing Research,FACULTY
synthetic_repo_045,synthetic_user_0625,2024,Advanced Scientific Computing Research,UNDRGRAD
synthetic_repo_045,synthetic_user_0645,2024,Advanced Scientific Computing Research,GRADUATE
synthetic_repo_045,synthetic_user_0685,2024,Advanced Scientific Computing Research,SCIENTST
synthetic_repo_045,synthetic_user_0852,2024,Advanced Scientific Computing Research,FACULTY
synthetic_repo_045,synthetic_user_0968,2024,Advanced Scientific Computing Research,GRADUATE
synthetic_repo_045,synthetic_user_1007,2024,Advanced Scientific Computing Research,POSTDOC
synthetic_repo_045,synthetic_user_1012,2024,Advanced Scientific Computing Research,FACULTY
synthetic_repo_045,synthetic_user_1013,2024,Advanced Scientific Computing Research,FACULTY
synthetic_repo_046,synthetic_user_0027,2024,Advanced Scientific Computing Research,FACULTY
synthetic_repo_046,synthetic_user_0057,2024,Advanced Scientific Computing Research,POSTDOC
synthetic_repo_046,synthetic_user_0076,2024,Advanced Scientific Computing Research,GRADUATE
synthetic_repo_046,synthetic_user_0147,2024,Advanced Scientific Computing Research,FACULTY
synthetic_repo_046,synthetic_user_0241,2024,Advanced Scientific Computing Research,GRADUATE
synthetic_repo_046,synthetic_user_0245,2024,Advanced Scientific Computing Research,POSTDOC
synthetic_repo_046,synthetic_user_0336,2024,Advanced Scientific Computing Research,POSTDOC
synthetic_repo_046,synthetic_user_0338,2024,Advanced Scientific Computing Research,UNDRGRAD
synthetic_repo_046,synthetic_user_0402,2024,Advanced Scientific Computing Research,GRADUATE
synthetic_repo_046,synthetic_user_0504,2024,Advanced Scientific Computing Research,SCIENTST
synthetic_repo_046,synthetic_user_0553,2024,Advanced Scientific Computing Research,POSTDOC
synthetic_repo_046,synthetic_user_0645,2024,Advanced Scientific Computing Research,GRADUATE
synthetic_repo_046,synthetic_user_0755,2024,Advanced Scientific Computing Research,GRADUATE
synthetic_repo_046,synthetic_user_0979,2024,Advanced Scientific Computing Research,GRADUATE
synthetic_repo_046,synthetic_user_0999,2024,Advanced Scientific Computing Research,NONE
synthetic_repo_046,synthetic_user_1004,2024,Advanced Scientific Computing Research,SCIENTST
synthetic_repo_046,synthetic_user_1007,2024,Advanced Scientific Computing Research,POSTDOC
synthetic_repo_046,synthetic_user_1012,2024,Advanced Scientific Computing Research,FACULTY
synthetic_repo_046,synthetic_user_1122,2024,Advanced Scientific Computing Research,POSTDOC
synthetic_repo_047,synthetic_user_0027,2024,Advanced Scientific Computing Research,FACULTY
synthetic_repo_047,synthetic_user_0076,2024,Advanced Scientific Computing Research,GRADUATE
synthetic_repo_047,synthetic_user_0102,2024,Advanced Scientific Computing Research,FACULTY
synthetic_repo_047,synthetic_user_0146,2024,Advanced Scientific Computing Research,GRADUATE
synthetic_repo_047,synthetic_user_0240,2024,Advanced Scientific Computing Research,SCIENTST
synthetic_repo_047,synthetic_user_0245,2024,Advanced Scientific Computing Research,POSTDOC
synthetic_repo_047,synthetic_user_0269,2024,Advanced Scientific Computing Research,FACULTY
synthetic_repo_047,synthetic_user_0276,2024,Advanced Scientific Computing Research,UNDRGRAD
synthetic_repo_047,synthetic_user_0402,2024,Advanced Scientific Computing Research,GRADUATE
synthetic_repo_047,synthetic_user_0407,2024,Advanced Scientific Computing Research,UNDRGRAD
synthetic_repo_047,synthetic_user_0502,2024,Advanced Scientific Computing Research,FACULTY
synthetic_repo_047,synthetic_user_0504,2024,Advanced Scientific Computing Research,SCIENTST
synthetic_repo_047,synthetic_user_0553,2024,Advanced Scientific Computing Research,POSTDOC
synthetic_repo_047,synthetic_user_0625,2024,Advanced Scientific Computing Research,UNDRGRAD
synthetic_repo_047,synthetic_user_0645,2024,Advanced Scientific Computing Research,GRADUATE
synthetic_repo_047,synthetic_user_0721,2024,Advanced Scientific Computing Research,UNDRGRAD
synthetic_repo_047,synthetic_user_0755,2024,Advanced Scientific Computing Research,GRADUATE
synthetic_repo_047,synthetic_user_0979,2024,Advanced Scientific Computing Research,GRADUATE
synthetic_repo_047,synthetic_user_0985,2024,Advanced Scientific Computing Research,GRADUATE
synthetic_repo_047,synthetic_user_1007,2024,Advanced Scientific Computing Research,POSTDOC
synthetic_repo_047,synthetic_user_1047,2024,Advanced Scientific Computing Research,FACULTY
synthetic_repo_047,synthetic_user_1099,2024,Advanced Scientific Computing Research,SCIENTST
synthetic_repo_047,synthetic_user_1104,2024,Advanced Scientific Computing Research,SCIENTST
synthetic_repo_048,synthetic_user_0057,2024,Advanced Scientific Computing Research,POSTDOC
synthetic_repo_048,synthetic_user_0075,2024,Advanced Scientific Computing Research,OTHER
synthetic_repo_048,synthetic_user_0076,2024,Advanced Scientific Computing Research,GRADUATE
synthetic_repo_048,synthetic_user_0102,2024,Advanced Scientific Computing Research,FACULTY
synthetic_repo_048,synthetic_user_0147,2024,Advanced Scientific Computing Research,FACULTY
synthetic_repo_048,synthetic_user_0240,2024,Advanced Scientific Computing Research,SCIENTST
synthetic_repo_048,synthetic_user_0405,2024,Advanced Scientific Computing Research,GRADUATE
synthetic_repo_048,synthetic_user_0462,2024,Advanced Scientific Computing Research,PROSTAFF
synthetic_repo_048,synthetic_user_0502,2024,Advanced Scientific Computing Research,FACULTY
synthetic_repo_048,synthetic_user_0504,2024,Advanced Scientific Computing Research,SCIENTST
synthetic_repo_048,synthetic_user_0553,2024,Advanced Scientific Computing Research,POSTDOC
synthetic_repo_048,synthetic_user_0625,2024,Advanced Scientific Computing Research,UNDRGRAD
synthetic_repo_048,synthetic_user_0662,2024,Advanced Scientific Computing Research,UNDRGRAD
synthetic_repo_048,synthetic_user_0755,2024,Advanced Scientific Computing Research,GRADUATE
synthetic_repo_048,synthetic_user_0767,2024,Advanced Scientific Computing Research,GRADUATE
synthetic_repo_048,synthetic_user_0894,2024,Advanced Scientific Computing Research,POSTDOC
synthetic_repo_048,synthetic_user_0968,2024,Advanced Scientific Computing Research,GRADUATE
synthetic_repo_048,synthetic_user_1004,2024,Advanced Scientific Computing Research,SCIENTST
synthetic_repo_048,synthetic_user_1007,2024,Advanced Scientific Computing Research,POSTDOC
synthetic_repo_048,synthetic_user_1012,2024,Advanced Scientific Computing Research,FACULTY
synthetic_repo_048,synthetic_user_1091,2024,Advanced Scientific Computing Research,FACULTY
synthetic_repo_049,synthetic_user_0009,2024,Advanced Scientific Computing Research,POSTDOC
synthetic_repo_049,synthetic_user_0027,2024,Advanced Scientific Computing Research,FACULTY
synthetic_repo_049,synthetic_user_0057,2024,Advanced Scientific Computing Research,POSTDOC
synthetic_repo_049,synthetic_user_0076,2024,Advanced Scientific Computing Research,GRADUATE
synthetic_repo_049,synthetic_user_0096,2024,Advanced Scientific Computing Research,SCIENTST
synthetic_repo_049,synthetic_user_0098,2024,Advanced Scientific Computing Research,SCIENTST
synthetic_repo_049,synthetic_user_0102,2024,Advanced Scientific Computing Research,FACULTY
synthetic_repo_049,synthetic_user_0119,2024,Advanced Scientific Computing Research,UNDRGRAD
synthetic_repo_049,synthetic_user_0144,2024,Advanced Scientific Computing Research,UNDRGRAD
synthetic_repo_049,synthetic_user_0147,2024,Advanced Scientific Computing Research,FACULTY
synthetic_repo_049,synthetic_user_0240,2024,Advanced Scientific Computing Research,SCIENTST
synthetic_repo_049,synthetic_user_0241,2024,Advanced Scientific Computing Research,GRADUATE
synthetic_repo_049,synthetic_user_0245,2024,Advanced Scientific Computing Research,POSTDOC
synthetic_repo_049,synthetic_user_0336,2024,Advanced Scientific Computing Research,POSTDOC
synthetic_repo_049,synthetic_user_0350,2024,Advanced Scientific Computing Research,FACULTY
synthetic_repo_049,synthetic_user_0391,2024,Advanced Scientific Computing Research,UNDRGRAD
synthetic_repo_049,synthetic_user_0402,2024,Advanced Scientific Computing Research,GRADUATE
synthetic_repo_049,synthetic_user_0415,2024,Advanced Scientific Computing Research,GRADUATE
synthetic_repo_049,synthetic_user_0462,2024,Advanced Scientific Computing Research,PROSTAFF
synthetic_repo_049,synthetic_user_0502,2024,Advanced Scientific Computing Research,FACULTY
synthetic_repo_049,synthetic_user_0553,2024,Advanced Scientific Computing Research,POSTDOC
synthetic_repo_049,synthetic_user_0625,2024,Advanced Scientific Computing Research,UNDRGRAD
synthetic_repo_049,synthetic_user_0645,2024,Advanced Scientific Computing Research,GRADUATE
synthetic_repo_049,synthetic_user_0662,2024,Advanced Scientific Computing Research,UNDRGRAD
synthetic_repo_049,synthetic_user_0685,2024,Advanced Scientific Computing Research,SCIENTST
synthetic_repo_049,synthetic_user_0711,2024,Advanced Scientific Computing Research,GRADUATE
synthetic_repo_049,synthetic_user_0886,2024,Advanced Scientific Computing Research,SCIENTST
synthetic_repo_049,synthetic_user_0918,2024,Advanced Scientific Computing Research,POSTDOC
synthetic_repo_049,synthetic_user_0979,2024,Advanced Scientific Computing Research,GRADUATE
synthetic_repo_049,synthetic_user_0984,2024,Advanced Scientific Computing Research,OTHER
synthetic_repo_049,synthetic_user_0985,2024,Advanced Scientific Computing Research,GRADUATE
synthetic_repo_049,synthetic_user_0999,2024,Advanced Scientific Computing Research,NONE
synthetic_repo_049,synthetic_user_1007,2024,Advanced Scientific Computing Research,POSTDOC
synthetic_repo_049,synthetic_user_1012,2024,Advanced Scientific Computing Research,FACULTY
synthetic_repo_049,synthetic_user_1091,2024,Advanced Scientific Computing Research,FACULTY
synthetic_repo_049,synthetic_user_1104,2024,Advanced Scientific Computing Research,SCIENTST
synthetic_repo_049,synthetic_user_1150,2024,Advanced Scientific Computing Research,PROSTAFF
synthetic_repo_050,synthetic_user_0027,2024,Advanced Scientific Computing Research,FACULTY
synthetic_repo_050,synthetic_user_0038,2024,Advanced Scientific Computing Research,UNDRGRAD
synthetic_repo_050,synthetic_user_0057,2024,Advanced Scientific Computing Research,POSTDOC
synthetic_repo_050,synthetic_user_0076,2024,Advanced Scientific Computing Research,GRADUATE
synthetic_repo_050,synthetic_user_0086,2024,Advanced Scientific Computing Research,PROSTAFF
synthetic_repo_050,synthetic_user_0096,2024,Advanced Scientific Computing Research,SCIENTST
synthetic_repo_050,synthetic_user_0102,2024,Advanced Scientific Computing Research,FACULTY
synthetic_repo_050,synthetic_user_0147,2024,Advanced Scientific Computing Research,FACULTY
synthetic_repo_050,synthetic_user_0183,2024,Advanced Scientific Computing Research,POSTDOC
synthetic_repo_050,synthetic_user_0238,2024,Advanced Scientific Computing Research,FACULTY
synthetic_repo_050,synthetic_user_0240,2024,Advanced Scientific Computing Research,SCIENTST
synthetic_repo_050,synthetic_user_0241,2024,Advanced Scientific Computing Research,GRADUATE
synthetic_repo_050,synthetic_user_0245,2024,Advanced Scientific Computing Research,POSTDOC
synthetic_repo_050,synthetic_user_0269,2024,Advanced Scientific Computing Research,FACULTY
synthetic_repo_050,synthetic_user_0276,2024,Advanced Scientific Computing Research,UNDRGRAD
synthetic_repo_050,synthetic_user_0336,2024,Advanced Scientific Computing Research,POSTDOC
synthetic_repo_050,synthetic_user_0338,2024,Advanced Scientific Computing Research,UNDRGRAD
synthetic_repo_050,synthetic_user_0350,2024,Advanced Scientific Computing Research,FACULTY
synthetic_repo_050,synthetic_user_0391,2024,Advanced Scientific Computing Research,UNDRGRAD
synthetic_repo_050,synthetic_user_0402,2024,Advanced Scientific Computing Research,GRADUATE
synthetic_repo_050,synthetic_user_0405,2024,Advanced Scientific Computing Research,GRADUATE
synthetic_repo_050,synthetic_user_0426,2024,Advanced Scientific Computing Research,GRADUATE
synthetic_repo_050,synthetic_user_0502,2024,Advanced Scientific Computing Research,FACULTY
synthetic_repo_050,synthetic_user_0504,2024,Advanced Scientific Computing Research,SCIENTST
synthetic_repo_050,synthetic_user_0565,2024,Advanced Scientific Computing Research,FACULTY
synthetic_repo_050,synthetic_user_0625,2024,Advanced Scientific Computing Research,UNDRGRAD
synthetic_repo_050,synthetic_user_0634,2024,Advanced Scientific Computing Research,NONE
synthetic_repo_050,synthetic_user_0685,2024,Advanced Scientific Computing Research,SCIENTST
synthetic_repo_050,synthetic_user_0711,2024,Advanced Scientific Computing Research,GRADUATE
synthetic_repo_050,synthetic_user_0755,2024,Advanced Scientific Computing Research,GRADUATE
synthetic_repo_050,synthetic_user_0886,2024,Advanced Scientific Computing Research,SCIENTST
synthetic_repo_050,synthetic_user_0894,2024,Advanced Scientific Computing Research,POSTDOC
synthetic_repo_050,synthetic_user_0952,2024,Advanced Scientific Computing Research,SCIENTST
synthetic_repo_050,synthetic_user_0966,2024,Advanced Scientific Computing Research,GRADUATE
synthetic_repo_050,synthetic_user_0973,2024,Advanced Scientific Computing Research,SCIENTST
synthetic_repo_050,synthetic_user_0979,2024,Advanced Scientific Computing Research,GRADUATE
synthetic_repo_050,synthetic_user_0985,2024,Advanced Scientific Computing Research,GRADUATE
synthetic_repo_050,synthetic_user_0992,2024,Advanced Scientific Computing Research,GRADUATE
synthetic_repo_050,synthetic_user_0999,2024,Advanced Scientific Computing Research,NONE
synthetic_repo_050,synthetic_user_1007,2024,Advanced Scientific Computing Research,POSTDOC
synthetic_repo_050,synthetic_user_1012,2024,Advanced Scientific Computing Research,FACULTY
synthetic_repo_050,synthetic_user_1091,2024,Advanced Scientific Computing Research,FACULTY
synthetic_repo_050,synthetic_user_1099,2024,Advanced Scientific Computing Research,SCIENTST
synthetic_repo_050,synthetic_user_1109,2024,Advanced Scientific Computing Research,OTHER
synthetic_repo_050,synthetic_user_1122,2024,Advanced Scientific Computing Research,POSTDOC
synthetic_repo_050,synthetic_user_1150,2024,Advanced Scientific Computing Research,PROSTAFF
synthetic_repo_050,synthetic_user_1187,2024,Advanced Scientific Computing Research,FACULTY
synthetic_repo_051,synthetic_user_0130,2024,Fusion Energy Sciences,GRADUATE
synthetic_repo_051,synthetic_user_0291,2024,Fusion Energy Sciences,FACULTY
synthetic_repo_051,synthetic_user_0543,2024,Fusion Energy Sciences,SCIENTST
synthetic_repo_051,synthetic_user_1014,2024,Fusion Energy Sciences,SCIENTST
synthetic_repo_051,synthetic_user_1065,2024,Fusion Energy Sciences,FACULTY
synthetic_repo_052,synthetic_user_0249,2024,Fusion Energy Sciences,PROSTAFF
synthetic_repo_052,synthetic_user_0289,2024,Fusion Energy Sciences,SCIENTST
synthetic_repo_052,synthetic_user_0315,2024,Fusion Energy Sciences,POSTDOC
synthetic_repo_052,synthetic_user_0341,2024,Fusion Energy Sciences,PROSTAFF
synthetic_repo_052,synthetic_user_0566,2024,Fusion Energy Sciences,UNDRGRAD
synthetic_repo_052,synthetic_user_0579,2024,Fusion Energy Sciences,GRADUATE
synthetic_repo_052,synthetic_user_0859,2024,Fusion Energy Sciences,PROSTAFF
synthetic_repo_052,synthetic_user_0995,2024,Fusion Energy Sciences,FACULTY
synthetic_repo_053,synthetic_user_0107,2024,Fusion Energy Sciences,PROSTAFF
synthetic_repo_053,synthetic_user_0329,2024,Fusion Energy Sciences,PROSTAFF
synthetic_repo_053,synthetic_user_0495,2024,Fusion Energy Sciences,SCIENTST
synthetic_repo_053,synthetic_user_0566,2024,Fusion Energy Sciences,UNDRGRAD
synthetic_repo_053,synthetic_user_0598,2024,Fusion Energy Sciences,SCIENTST
synthetic_repo_053,synthetic_user_0995,2024,Fusion Energy Sciences,FACULTY
synthetic_repo_053,synthetic_user_1008,2024,Fusion Energy Sciences,FACULTY
synthetic_repo_053,synthetic_user_1014,2024,Fusion Energy Sciences,SCIENTST
synthetic_repo_053,synthetic_user_1157,2024,Fusion Energy Sciences,GRADUATE
synthetic_repo_053,synthetic_user_1162,2024,Fusion Energy Sciences,SCIENTST
synthetic_repo_055,synthetic_user_0194,2024,Fusion Energy Sciences,UNDRGRAD
synthetic_repo_055,synthetic_user_0329,2024,Fusion Energy Sciences,PROSTAFF
synthetic_repo_055,synthetic_user_0369,2024,Fusion Energy Sciences,OTHER
synthetic_repo_055,synthetic_user_0632,2024,Fusion Energy Sciences,PROSTAFF
synthetic_repo_055,synthetic_user_0750,2024,Fusion Energy Sciences,SCIENTST
synthetic_repo_055,synthetic_user_0769,2024,Fusion Energy Sciences,SCIENTST
synthetic_repo_055,synthetic_user_0869,2024,Fusion Energy Sciences,GRADUATE
synthetic_repo_055,synthetic_user_0969,2024,Fusion Energy Sciences,POSTDOC
synthetic_repo_055,synthetic_user_0995,2024,Fusion Energy Sciences,FACULTY
synthetic_repo_055,synthetic_user_1009,2024,Fusion Energy Sciences,FACULTY
synthetic_repo_055,synthetic_user_1123,2024,Fusion Energy Sciences,FACULTY
synthetic_repo_055,synthetic_user_1152,2024,Fusion Energy Sciences,PROSTAFF
synthetic_repo_055,synthetic_user_1157,2024,Fusion Energy Sciences,GRADUATE
synthetic_repo_055,synthetic_user_1162,2024,Fusion Energy Sciences,SCIENTST
synthetic_repo_055,synthetic_user_1175,2024,Fusion Energy Sciences,GRADUATE
synthetic_repo_056,synthetic_user_0289,2024,Fusion Energy Sciences,SCIENTST
synthetic_repo_056,synthetic_user_0315,2024,Fusion Energy Sciences,POSTDOC
synthetic_repo_056,synthetic_user_0326,2024,Fusion Energy Sciences,SCIENTST
synthetic_repo_056,synthetic_user_0411,2024,Fusion Energy Sciences,POSTDOC
synthetic_repo_056,synthetic_user_0495,2024,Fusion Energy Sciences,SCIENTST
synthetic_repo_056,synthetic_user_0542,2024,Fusion Energy Sciences,SCIENTST
synthetic_repo_056,synthetic_user_0552,2024,Fusion Energy Sciences,UNDRGRAD
synthetic_repo_056,synthetic_user_0598,2024,Fusion Energy Sciences,SCIENTST
synthetic_repo_056,synthetic_user_0628,2024,Fusion Energy Sciences,OTHER
synthetic_repo_056,synthetic_user_0632,2024,Fusion Energy Sciences,PROSTAFF
synthetic_repo_056,synthetic_user_0792,2024,Fusion Energy Sciences,PROSTAFF
synthetic_repo_056,synthetic_user_0851,2024,Fusion Energy Sciences,GRADUATE
synthetic_repo_056,synthetic_user_0869,2024,Fusion Energy Sciences,GRADUATE
synthetic_repo_056,synthetic_user_1008,2024,Fusion Energy Sciences,FACULTY
synthetic_repo_056,synthetic_user_1065,2024,Fusion Energy Sciences,FACULTY
synthetic_repo_056,synthetic_user_1123,2024,Fusion Energy Sciences,FACULTY
synthetic_repo_056,synthetic_user_1157,2024,Fusion Energy Sciences,GRADUATE
synthetic_repo_056,synthetic_user_1162,2024,Fusion Energy Sciences,SCIENTST
synthetic_repo_057,synthetic_user_0107,2024,Fusion Energy Sciences,PROSTAFF
synthetic_repo_057,synthetic_user_0130,2024,Fusion Energy Sciences,GRADUATE
synthetic_repo_057,synthetic_user_0229,2024,Fusion Energy Sciences,POSTDOC
synthetic_repo_057,synthetic_user_0326,2024,Fusion Energy Sciences,SCIENTST
synthetic_repo_057,synthetic_user_0411,2024,Fusion Energy Sciences,POSTDOC
synthetic_repo_057,synthetic_user_0421,2024,Fusion Energy Sciences,POSTDOC
synthetic_repo_057,synthetic_user_0491,2024,Fusion Energy Sciences,POSTDOC
synthetic_repo_057,synthetic_user_0552,2024,Fusion Energy Sciences,UNDRGRAD
synthetic_repo_057,synthetic_user_0579,2024,Fusion Energy Sciences,GRADUATE
synthetic_repo_057,synthetic_user_0585,2024,Fusion Energy Sciences,GRADUATE
synthetic_repo_057,synthetic_user_0617,2024,Fusion Energy Sciences,GRADUATE
synthetic_repo_057,synthetic_user_0632,2024,Fusion Energy Sciences,PROSTAFF
synthetic_repo_057,synthetic_user_0750,2024,Fusion Energy Sciences,SCIENTST
synthetic_repo_057,synthetic_user_0805,2024,Fusion Energy Sciences,FACULTY
synthetic_repo_057,synthetic_user_0869,2024,Fusion Energy Sciences,GRADUATE
synthetic_repo_057,synthetic_user_0969,2024,Fusion Energy Sciences,POSTDOC
synthetic_repo_057,synthetic_user_0995,2024,Fusion Energy Sciences,FACULTY
synthetic_repo_057,synthetic_user_1065,2024,Fusion Energy Sciences,FACULTY
synthetic_repo_057,synthetic_user_1123,2024,Fusion Energy Sciences,FACULTY
synthetic_repo_057,synthetic_user_1175,2024,Fusion Energy Sciences,GRADUATE
synthetic_repo_058,synthetic_user_0031,2024,Fusion Energy Sciences,FACULTY
synthetic_repo_058,synthetic_user_0107,2024,Fusion Energy Sciences,PROSTAFF
synthetic_repo_058,synthetic_user_0249,2024,Fusion Energy Sciences,PROSTAFF
synthetic_repo_058,synthetic_user_0315,2024,Fusion Energy Sciences,POSTDOC
synthetic_repo_058,synthetic_user_0369,2024,Fusion Energy Sciences,OTHER
synthetic_repo_058,synthetic_user_0411,2024,Fusion Energy Sciences,POSTDOC
synthetic_repo_058,synthetic_user_0421,2024,Fusion Energy Sciences,POSTDOC
synthetic_repo_058,synthetic_user_0468,2024,Fusion Energy Sciences,NONE
synthetic_repo_058,synthetic_user_0495,2024,Fusion Energy Sciences,SCIENTST
synthetic_repo_058,synthetic_user_0516,2024,Fusion Energy Sciences,FACULTY
synthetic_repo_058,synthetic_user_0530,2024,Fusion Energy Sciences,SCIENTST
synthetic_repo_058,synthetic_user_0552,2024,Fusion Energy Sciences,UNDRGRAD
synthetic_repo_058,synthetic_user_0566,2024,Fusion Energy Sciences,UNDRGRAD
synthetic_repo_058,synthetic_user_0579,2024,Fusion Energy Sciences,GRADUATE
synthetic_repo_058,synthetic_user_0585,2024,Fusion Energy Sciences,GRADUATE
synthetic_repo_058,synthetic_user_0632,2024,Fusion Energy Sciences,PROSTAFF
synthetic_repo_058,synthetic_user_0750,2024,Fusion Energy Sciences,SCIENTST
synthetic_repo_058,synthetic_user_0786,2024,Fusion Energy Sciences,UNDRGRAD
synthetic_repo_058,synthetic_user_0869,2024,Fusion Energy Sciences,GRADUATE
synthetic_repo_058,synthetic_user_1014,2024,Fusion Energy Sciences,SCIENTST
synthetic_repo_058,synthetic_user_1079,2024,Fusion Energy Sciences,FACULTY
synthetic_repo_058,synthetic_user_1175,2024,Fusion Energy Sciences,GRADUATE
synthetic_repo_059,synthetic_user_0031,2024,Fusion Energy Sciences,FACULTY
synthetic_repo_059,synthetic_user_0107,2024,Fusion Energy Sciences,PROSTAFF
synthetic_repo_059,synthetic_user_0130,2024,Fusion Energy Sciences,GRADUATE
synthetic_repo_059,synthetic_user_0227,2024,Fusion Energy Sciences,NONE
synthetic_repo_059,synthetic_user_0249,2024,Fusion Energy Sciences,PROSTAFF
synthetic_repo_059,synthetic_user_0289,2024,Fusion Energy Sciences,SCIENTST
synthetic_repo_059,synthetic_user_0291,2024,Fusion Energy Sciences,FACULTY
synthetic_repo_059,synthetic_user_0315,2024,Fusion Energy Sciences,POSTDOC
synthetic_repo_059,synthetic_user_0341,2024,Fusion Energy Sciences,PROSTAFF
synthetic_repo_059,synthetic_user_0542,2024,Fusion Energy Sciences,SCIENTST
synthetic_repo_059,synthetic_user_0552,2024,Fusion Energy Sciences,UNDRGRAD
synthetic_repo_059,synthetic_user_0566,2024,Fusion Energy Sciences,UNDRGRAD
synthetic_repo_059,synthetic_user_0572,2024,Fusion Energy Sciences,GRADUATE
synthetic_repo_059,synthetic_user_0585,2024,Fusion Energy Sciences,GRADUATE
synthetic_repo_059,synthetic_user_0617,2024,Fusion Energy Sciences,GRADUATE
synthetic_repo_059,synthetic_user_0632,2024,Fusion Energy Sciences,PROSTAFF
synthetic_repo_059,synthetic_user_0792,2024,Fusion Energy Sciences,PROSTAFF
synthetic_repo_059,synthetic_user_0805,2024,Fusion Energy Sciences,FACULTY
synthetic_repo_059,synthetic_user_0851,2024,Fusion Energy Sciences,GRADUATE
synthetic_repo_059,synthetic_user_0869,2024,Fusion Energy Sciences,GRADUATE
synthetic_repo_059,synthetic_user_0958,2024,Fusion Energy Sciences,GRADUATE
synthetic_repo_059,synthetic_user_0969,2024,Fusion Energy Sciences,POSTDOC
synthetic_repo_059,synthetic_user_0995,2024,Fusion Energy Sciences,FACULTY
synthetic_repo_059,synthetic_user_1009,2024,Fusion Energy Sciences,FACULTY
synthetic_repo_059,synthetic_user_1014,2024,Fusion Energy Sciences,SCIENTST
synthetic_repo_059,synthetic_user_1028,2024,Fusion Energy Sciences,FACULTY
synthetic_repo_059,synthetic_user_1065,2024,Fusion Energy Sciences,FACULTY
synthetic_repo_059,synthetic_user_1070,2024,Fusion Energy Sciences,SCIENTST
synthetic_repo_059,synthetic_user_1079,2024,Fusion Energy Sciences,FACULTY
synthetic_repo_059,synthetic_user_1083,2024,Fusion Energy Sciences,SCIENTST
synthetic_repo_059,synthetic_user_1123,2024,Fusion Energy Sciences,FACULTY
synthetic_repo_059,synthetic_user_1153,2024,Fusion Energy Sciences,GRADUATE
synthetic_repo_059,synthetic_user_1157,2024,Fusion Energy Sciences,GRADUATE
synthetic_repo_059,synthetic_user_1162,2024,Fusion Energy Sciences,SCIENTST
synthetic_repo_059,synthetic_user_1163,2024,Fusion Energy Sciences,OTHER
synthetic_repo_060,synthetic_user_0016,2024,Fusion Energy Sciences,GRADUATE
synthetic_repo_060,synthetic_user_0030,2024,Fusion Energy Sciences,PROSTAFF
synthetic_repo_060,synthetic_user_0031,2024,Fusion Energy Sciences,FACULTY
synthetic_repo_060,synthetic_user_0130,2024,Fusion Energy Sciences,GRADUATE
synthetic_repo_060,synthetic_user_0227,2024,Fusion Energy Sciences,NONE
synthetic_repo_060,synthetic_user_0244,2024,Fusion Energy Sciences,POSTDOC
synthetic_repo_060,synthetic_user_0249,2024,Fusion Energy Sciences,PROSTAFF
synthetic_repo_060,synthetic_user_0253,2024,Fusion Energy Sciences,POSTDOC
synthetic_repo_060,synthetic_user_0315,2024,Fusion Energy Sciences,POSTDOC
synthetic_repo_060,synthetic_user_0326,2024,Fusion Energy Sciences,SCIENTST
synthetic_repo_060,synthetic_user_0329,2024,Fusion Energy Sciences,PROSTAFF
synthetic_repo_060,synthetic_user_0331,2024,Fusion Energy Sciences,SCIENTST
synthetic_repo_060,synthetic_user_0341,2024,Fusion Energy Sciences,PROSTAFF
synthetic_repo_060,synthetic_user_0369,2024,Fusion Energy Sciences,OTHER
synthetic_repo_060,synthetic_user_0412,2024,Fusion Energy Sciences,PROSTAFF
synthetic_repo_060,synthetic_user_0468,2024,Fusion Energy Sciences,NONE
synthetic_repo_060,synthetic_user_0495,2024,Fusion Energy Sciences,SCIENTST
synthetic_repo_060,synthetic_user_0516,2024,Fusion Energy Sciences,FACULTY
synthetic_repo_060,synthetic_user_0530,2024,Fusion Energy Sciences,SCIENTST
synthetic_repo_060,synthetic_user_0534,2024,Fusion Energy Sciences,PROSTAFF
synthetic_repo_060,synthetic_user_0542,2024,Fusion Energy Sciences,SCIENTST
synthetic_repo_060,synthetic_user_0552,2024,Fusion Energy Sciences,UNDRGRAD
synthetic_repo_060,synthetic_user_0566,2024,Fusion Energy Sciences,UNDRGRAD
synthetic_repo_060,synthetic_user_0579,2024,Fusion Energy Sciences,GRADUATE
synthetic_repo_060,synthetic_user_0598,2024,Fusion Energy Sciences,SCIENTST
synthetic_repo_060,synthetic_user_0611,2024,Fusion Energy Sciences,PROSTAFF
synthetic_repo_060,synthetic_user_0617,2024,Fusion Energy Sciences,GRADUATE
synthetic_repo_060,synthetic_user_0632,2024,Fusion Energy Sciences,PROSTAFF
synthetic_repo_060,synthetic_user_0692,2024,Fusion Energy Sciences,GRADUATE
synthetic_repo_060,synthetic_user_0764,2024,Fusion Energy Sciences,POSTDOC
synthetic_repo_060,synthetic_user_0769,2024,Fusion Energy Sciences,SCIENTST
synthetic_repo_060,synthetic_user_0786,2024,Fusion Energy Sciences,UNDRGRAD
synthetic_repo_060,synthetic_user_0805,2024,Fusion Energy Sciences,FACULTY
synthetic_repo_060,synthetic_user_0809,2024,Fusion Energy Sciences,UNDRGRAD
synthetic_repo_060,synthetic_user_0851,2024,Fusion Energy Sciences,GRADUATE
synthetic_repo_060,synthetic_user_0869,2024,Fusion Energy Sciences,GRADUATE
synthetic_repo_060,synthetic_user_0927,2024,Fusion Energy Sciences,FACULTY
synthetic_repo_060,synthetic_user_0946,2024,Fusion Energy Sciences,FACULTY
synthetic_repo_060,synthetic_user_0958,2024,Fusion Energy Sciences,GRADUATE
synthetic_repo_060,synthetic_user_0969,2024,Fusion Energy Sciences,POSTDOC
synthetic_repo_060,synthetic_user_0995,2024,Fusion Energy Sciences,FACULTY
synthetic_repo_060,synthetic_user_1009,2024,Fusion Energy Sciences,FACULTY
synthetic_repo_060,synthetic_user_1014,2024,Fusion Energy Sciences,SCIENTST
synthetic_repo_060,synthetic_user_1070,2024,Fusion Energy Sciences,SCIENTST
synthetic_repo_060,synthetic_user_1079,2024,Fusion Energy Sciences,FACULTY
synthetic_repo_060,synthetic_user_1086,2024,Fusion Energy Sciences,GRADUATE
synthetic_repo_060,synthetic_user_1123,2024,Fusion Energy Sciences,FACULTY
synthetic_repo_060,synthetic_user_1153,2024,Fusion Energy Sciences,GRADUATE
synthetic_repo_060,synthetic_user_1157,2024,Fusion Energy Sciences,GRADUATE
synthetic_repo_060,synthetic_user_1162,2024,Fusion Energy Sciences,SCIENTST
synthetic_repo_060,synthetic_user_1175,2024,Fusion Energy Sciences,GRADUATE
synthetic_repo_061,synthetic_user_0054,2024,Nuclear Physics,PROSTAFF
synthetic_repo_061,synthetic_user_0122,2024,Nuclear Physics,POSTDOC
synthetic_repo_061,synthetic_user_0320,2024,Nuclear Physics,PROSTAFF
synthetic_repo_061,synthetic_user_0870,2024,Nuclear Physics,FACULTY
synthetic_repo_061,synthetic_user_1074,2024,Nuclear Physics,POSTDOC
synthetic_repo_062,synthetic_user_0050,2024,Nuclear Physics,POSTDOC
synthetic_repo_062,synthetic_user_0054,2024,Nuclear Physics,PROSTAFF
synthetic_repo_062,synthetic_user_0564,2024,Nuclear Physics,FACULTY
synthetic_repo_062,synthetic_user_0623,2024,Nuclear Physics,POSTDOC
synthetic_repo_062,synthetic_user_0779,2024,Nuclear Physics,PROSTAFF
synthetic_repo_062,synthetic_user_0802,2024,Nuclear Physics,POSTDOC
synthetic_repo_062,synthetic_user_0817,2024,Nuclear Physics,PROSTAFF
synthetic_repo_062,synthetic_user_1107,2024,Nuclear Physics,PROSTAFF
synthetic_repo_063,synthetic_user_0050,2024,Nuclear Physics,POSTDOC
synthetic_repo_063,synthetic_user_0068,2024,Nuclear Physics,FACULTY
synthetic_repo_063,synthetic_user_0320,2024,Nuclear Physics,PROSTAFF
synthetic_repo_063,synthetic_user_0735,2024,Nuclear Physics,POSTDOC
synthetic_repo_063,synthetic_user_0802,2024,Nuclear Physics,POSTDOC
synthetic_repo_063,synthetic_user_1074,2024,Nuclear Physics,POSTDOC
synthetic_repo_063,synthetic_user_1094,2024,Nuclear Physics,UNDRGRAD
synthetic_repo_063,synthetic_user_1130,2024,Nuclear Physics,PROSTAFF
synthetic_repo_063,synthetic_user_1170,2024,Nuclear Physics,PROSTAFF
synthetic_repo_065,synthetic_user_0050,2024,Nuclear Physics,POSTDOC
synthetic_repo_065,synthetic_user_0068,2024,Nuclear Physics,FACULTY
synthetic_repo_065,synthetic_user_0139,2024,Nuclear Physics,POSTDOC
synthetic_repo_065,synthetic_user_0192,2024,Nuclear Physics,POSTDOC
synthetic_repo_065,synthetic_user_0198,2024,Nuclear Physics,GRADUATE
synthetic_repo_065,synthetic_user_0596,2024,Nuclear Physics,POSTDOC
synthetic_repo_065,synthetic_user_0653,2024,Nuclear Physics,POSTDOC
synthetic_repo_065,synthetic_user_0660,2024,Nuclear Physics,PROSTAFF
synthetic_repo_065,synthetic_user_0748,2024,Nuclear Physics,UNDRGRAD
synthetic_repo_065,synthetic_user_0779,2024,Nuclear Physics,PROSTAFF
synthetic_repo_065,synthetic_user_0861,2024,Nuclear Physics,UNDRGRAD
synthetic_repo_065,synthetic_user_0863,2024,Nuclear Physics,PROSTAFF
synthetic_repo_065,synthetic_user_0988,2024,Nuclear Physics,SCIENTST
synthetic_repo_065,synthetic_user_1074,2024,Nuclear Physics,POSTDOC
synthetic_repo_065,synthetic_user_1168,2024,Nuclear Physics,POSTDOC
synthetic_repo_066,synthetic_user_0050,2024,Nuclear Physics,POSTDOC
synthetic_repo_066,synthetic_user_0139,2024,Nuclear Physics,POSTDOC
synthetic_repo_066,synthetic_user_0296,2024,Nuclear Physics,OTHER
synthetic_repo_066,synthetic_user_0375,2024,Nuclear Physics,POSTDOC
synthetic_repo_066,synthetic_user_0564,2024,Nuclear Physics,FACULTY
synthetic_repo_066,synthetic_user_0623,2024,Nuclear Physics,POSTDOC
synthetic_repo_066,synthetic_user_0641,2024,Nuclear Physics,GRADUATE
synthetic_repo_066,synthetic_user_0677,2024,Nuclear Physics,FACULTY
synthetic_repo_066,synthetic_user_0710,2024,Nuclear Physics,SCIENTST
synthetic_repo_066,synthetic_user_0771,2024,Nuclear Physics,PROSTAFF
synthetic_repo_066,synthetic_user_0802,2024,Nuclear Physics,POSTDOC
synthetic_repo_066,synthetic_user_0817,2024,Nuclear Physics,PROSTAFF
synthetic_repo_066,synthetic_user_0870,2024,Nuclear Physics,FACULTY
synthetic_repo_066,synthetic_user_0988,2024,Nuclear Physics,SCIENTST
synthetic_repo_066,synthetic_user_1168,2024,Nuclear Physics,POSTDOC
synthetic_repo_067,synthetic_user_0025,2024,Nuclear Physics,POSTDOC
synthetic_repo_067,synthetic_user_0050,2024,Nuclear Physics,POSTDOC
synthetic_repo_067,synthetic_user_0054,2024,Nuclear Physics,PROSTAFF
synthetic_repo_067,synthetic_user_0061,2024,Nuclear Physics,POSTDOC
synthetic_repo_067,synthetic_user_0068,2024,Nuclear Physics,FACULTY
synthetic_repo_067,synthetic_user_0080,2024,Nuclear Physics,GRADUATE
synthetic_repo_067,synthetic_user_0212,2024,Nuclear Physics,PROSTAFF
synthetic_repo_067,synthetic_user_0320,2024,Nuclear Physics,PROSTAFF
synthetic_repo_067,synthetic_user_0339,2024,Nuclear Physics,SCIENTST
synthetic_repo_067,synthetic_user_0623,2024,Nuclear Physics,POSTDOC
synthetic_repo_067,synthetic_user_0802,2024,Nuclear Physics,POSTDOC
synthetic_repo_067,synthetic_user_0817,2024,Nuclear Physics,PROSTAFF
synthetic_repo_067,synthetic_user_0870,2024,Nuclear Physics,FACULTY
synthetic_repo_067,synthetic_user_0927,2024,Nuclear Physics,FACULTY
synthetic_repo_067,synthetic_user_1074,2024,Nuclear Physics,POSTDOC
synthetic_repo_067,synthetic_user_1107,2024,Nuclear Physics,PROSTAFF
synthetic_repo_067,synthetic_user_1130,2024,Nuclear Physics,PROSTAFF
synthetic_repo_068,synthetic_user_0025,2024,Nuclear Physics,POSTDOC
synthetic_repo_068,synthetic_user_0028,2024,Nuclear Physics,SCIENTST
synthetic_repo_068,synthetic_user_0050,2024,Nuclear Physics,POSTDOC
synthetic_repo_068,synthetic_user_0054,2024,Nuclear Physics,PROSTAFF
synthetic_repo_068,synthetic_user_0068,2024,Nuclear Physics,FACULTY
synthetic_repo_068,synthetic_user_0080,2024,Nuclear Physics,GRADUATE
synthetic_repo_068,synthetic_user_0103,2024,Nuclear Physics,FACULTY
synthetic_repo_068,synthetic_user_0192,2024,Nuclear Physics,POSTDOC
synthetic_repo_068,synthetic_user_0198,2024,Nuclear Physics,GRADUATE
synthetic_repo_068,synthetic_user_0201,2024,Nuclear Physics,POSTDOC
synthetic_repo_068,synthetic_user_0226,2024,Nuclear Physics,POSTDOC
synthetic_repo_068,synthetic_user_0339,2024,Nuclear Physics,SCIENTST
synthetic_repo_068,synthetic_user_0375,2024,Nuclear Physics,POSTDOC
synthetic_repo_068,synthetic_user_0623,2024,Nuclear Physics,POSTDOC
synthetic_repo_068,synthetic_user_0660,2024,Nuclear Physics,PROSTAFF
synthetic_repo_068,synthetic_user_0710,2024,Nuclear Physics,SCIENTST
synthetic_repo_068,synthetic_user_0779,2024,Nuclear Physics,PROSTAFF
synthetic_repo_068,synthetic_user_0789,2024,Nuclear Physics,SCIENTST
synthetic_repo_068,synthetic_user_0802,2024,Nuclear Physics,POSTDOC
synthetic_repo_068,synthetic_user_0817,2024,Nuclear Physics,PROSTAFF
synthetic_repo_068,synthetic_user_0870,2024,Nuclear Physics,FACULTY
synthetic_repo_068,synthetic_user_0876,2024,Nuclear Physics,GRADUATE
synthetic_repo_068,synthetic_user_0957,2024,Nuclear Physics,SCIENTST
synthetic_repo_068,synthetic_user_0988,2024,Nuclear Physics,SCIENTST
synthetic_repo_068,synthetic_user_1068,2024,Nuclear Physics,UNDRGRAD
synthetic_repo_068,synthetic_user_1089,2024,Nuclear Physics,POSTDOC
synthetic_repo_068,synthetic_user_1168,2024,Nuclear Physics,POSTDOC
synthetic_repo_069,synthetic_user_0021,2024,Nuclear Physics,OTHER
synthetic_repo_069,synthetic_user_0025,2024,Nuclear Physics,POSTDOC
synthetic_repo_069,synthetic_user_0033,2024,Nuclear Physics,SCIENTST
synthetic_repo_069,synthetic_user_0049,2024,Nuclear Physics,PROSTAFF
synthetic_repo_069,synthetic_user_0050,2024,Nuclear Physics,POSTDOC
synthetic_repo_069,synthetic_user_0054,2024,Nuclear Physics,PROSTAFF
synthetic_repo_069,synthetic_user_0065,2024,Nuclear Physics,NONE
synthetic_repo_069,synthetic_user_0080,2024,Nuclear Physics,GRADUATE
synthetic_repo_069,synthetic_user_0139,2024,Nuclear Physics,POSTDOC
synthetic_repo_069,synthetic_user_0292,2024,Nuclear Physics,PROSTAFF
synthetic_repo_069,synthetic_user_0296,2024,Nuclear Physics,OTHER
synthetic_repo_069,synthetic_user_0320,2024,Nuclear Physics,PROSTAFF
synthetic_repo_069,synthetic_user_0339,2024,Nuclear Physics,SCIENTST
synthetic_repo_069,synthetic_user_0367,2024,Nuclear Physics,FACULTY
synthetic_repo_069,synthetic_user_0375,2024,Nuclear Physics,POSTDOC
synthetic_repo_069,synthetic_user_0564,2024,Nuclear Physics,FACULTY
synthetic_repo_069,synthetic_user_0596,2024,Nuclear Physics,POSTDOC
synthetic_repo_069,synthetic_user_0653,2024,Nuclear Physics,POSTDOC
synthetic_repo_069,synthetic_user_0660,2024,Nuclear Physics,PROSTAFF
synthetic_repo_069,synthetic_user_0670,2024,Nuclear Physics,PROSTAFF
synthetic_repo_069,synthetic_user_0710,2024,Nuclear Physics,SCIENTST
synthetic_repo_069,synthetic_user_0756,2024,Nuclear Physics,PROSTAFF
synthetic_repo_069,synthetic_user_0789,2024,Nuclear Physics,SCIENTST
synthetic_repo_069,synthetic_user_0802,2024,Nuclear Physics,POSTDOC
synthetic_repo_069,synthetic_user_0817,2024,Nuclear Physics,PROSTAFF
synthetic_repo_069,synthetic_user_0861,2024,Nuclear Physics,UNDRGRAD
synthetic_repo_069,synthetic_user_0870,2024,Nuclear Physics,FACULTY
synthetic_repo_069,synthetic_user_0876,2024,Nuclear Physics,GRADUATE
synthetic_repo_069,synthetic_user_0897,2024,Nuclear Physics,POSTDOC
synthetic_repo_069,synthetic_user_0927,2024,Nuclear Physics,FACULTY
synthetic_repo_069,synthetic_user_0936,2024,Nuclear Physics,FACULTY
synthetic_repo_069,synthetic_user_1003,2024,Nuclear Physics,UNDRGRAD
synthetic_repo_069,synthetic_user_1074,2024,Nuclear Physics,POSTDOC
synthetic_repo_069,synthetic_user_1089,2024,Nuclear Physics,POSTDOC
synthetic_repo_069,synthetic_user_1094,2024,Nuclear Physics,UNDRGRAD
synthetic_repo_069,synthetic_user_1107,2024,Nuclear Physics,PROSTAFF
synthetic_repo_069,synthetic_user_1130,2024,Nuclear Physics,PROSTAFF
synthetic_repo_069,synthetic_user_1168,2024,Nuclear Physics,POSTDOC
synthetic_repo_069,synthetic_user_1170,2024,Nuclear Physics,PROSTAFF
synthetic_repo_070,synthetic_user_0021,2024,Nuclear Physics,OTHER
synthetic_repo_070,synthetic_user_0025,2024,Nuclear Physics,POSTDOC
synthetic_repo_070,synthetic_user_0028,2024,Nuclear Physics,SCIENTST
synthetic_repo_070,synthetic_user_0050,2024,Nuclear Physics,POSTDOC
synthetic_repo_070,synthetic_user_0054,2024,Nuclear Physics,PROSTAFF
synthetic_repo_070,synthetic_user_0061,2024,Nuclear Physics,POSTDOC
synthetic_repo_070,synthetic_user_0068,2024,Nuclear Physics,FACULTY
synthetic_repo_070,synthetic_user_0080,2024,Nuclear Physics,GRADUATE
synthetic_repo_070,synthetic_user_0103,2024,Nuclear Physics,FACULTY
synthetic_repo_070,synthetic_user_0104,2024,Nuclear Physics,GRADUATE
synthetic_repo_070,synthetic_user_0122,2024,Nuclear Physics,POSTDOC
synthetic_repo_070,synthetic_user_0139,2024,Nuclear Physics,POSTDOC
synthetic_repo_070,synthetic_user_0198,2024,Nuclear Physics,GRADUATE
synthetic_repo_070,synthetic_user_0212,2024,Nuclear Physics,PROSTAFF
synthetic_repo_070,synthetic_user_0226,2024,Nuclear Physics,POSTDOC
synthetic_repo_070,synthetic_user_0296,2024,Nuclear Physics,OTHER
synthetic_repo_070,synthetic_user_0301,2024,Nuclear Physics,FACULTY
synthetic_repo_070,synthetic_user_0320,2024,Nuclear Physics,PROSTAFF
synthetic_repo_070,synthetic_user_0339,2024,Nuclear Physics,SCIENTST
synthetic_repo_070,synthetic_user_0364,2024,Nuclear Physics,GRADUATE
synthetic_repo_070,synthetic_user_0367,2024,Nuclear Physics,FACULTY
synthetic_repo_070,synthetic_user_0458,2024,Nuclear Physics,FACULTY
synthetic_repo_070,synthetic_user_0464,2024,Nuclear Physics,POSTDOC
synthetic_repo_070,synthetic_user_0564,2024,Nuclear Physics,FACULTY
synthetic_repo_070,synthetic_user_0610,2024,Nuclear Physics,OTHER
synthetic_repo_070,synthetic_user_0623,2024,Nuclear Physics,POSTDOC
synthetic_repo_070,synthetic_user_0641,2024,Nuclear Physics,GRADUATE
synthetic_repo_070,synthetic_user_0653,2024,Nuclear Physics,POSTDOC
synthetic_repo_070,synthetic_user_0677,2024,Nuclear Physics,FACULTY
synthetic_repo_070,synthetic_user_0710,2024,Nuclear Physics,SCIENTST
synthetic_repo_070,synthetic_user_0734,2024,Nuclear Physics,SCIENTST
synthetic_repo_070,synthetic_user_0735,2024,Nuclear Physics,POSTDOC
synthetic_repo_070,synthetic_user_0779,2024,Nuclear Physics,PROSTAFF
synthetic_repo_070,synthetic_user_0789,2024,Nuclear Physics,SCIENTST
synthetic_repo_070,synthetic_user_0802,2024,Nuclear Physics,POSTDOC
synthetic_repo_070,synthetic_user_0817,2024,Nuclear Physics,PROSTAFF
synthetic_repo_070,synthetic_user_0828,2024,Nuclear Physics,POSTDOC
synthetic_repo_070,synthetic_user_0861,2024,Nuclear Physics,UNDRGRAD
synthetic_repo_070,synthetic_user_0870,2024,Nuclear Physics,FACULTY
synthetic_repo_070,synthetic_user_0876,2024,Nuclear Physics,GRADUATE
synthetic_repo_070,synthetic_user_0913,2024,Nuclear Physics,SCIENTST
synthetic_repo_070,synthetic_user_0988,2024,Nuclear Physics,SCIENTST
synthetic_repo_070,synthetic_user_1003,2024,Nuclear Physics,UNDRGRAD
synthetic_repo_070,synthetic_user_1074,2024,Nuclear Physics,POSTDOC
synthetic_repo_070,synthetic_user_1089,2024,Nuclear Physics,POSTDOC
synthetic_repo_070,synthetic_user_1094,2024,Nuclear Physics,UNDRGRAD
synthetic_repo_070,synthetic_user_1107,2024,Nuclear Physics,PROSTAFF
synthetic_repo_070,synthetic_user_1130,2024,Nuclear Physics,PROSTAFF
synthetic_repo_070,synthetic_user_1156,2024,Nuclear Physics,UNDRGRAD
synthetic_repo_070,synthetic_user_1168,2024,Nuclear Physics,POSTDOC
synthetic_repo_071,synthetic_user_0549,2024,ASCR Leadership Computing Challenge,GRADUATE
synthetic_repo_071,synthetic_user_0746,2024,ASCR Leadership Computing Challenge,FACULTY
synthetic_repo_071,synthetic_user_0867,2024,ASCR Leadership Computing Challenge,FACULTY
synthetic_repo_071,synthetic_user_0925,2024,ASCR Leadership Computing Challenge,PROSTAFF
synthetic_repo_071,synthetic_user_1081,2024,ASCR Leadership Computing Challenge,POSTDOC
synthetic_repo_072,synthetic_user_0312,2024,ASCR Leadership Computing Challenge,FACULTY
synthetic_repo_072,synthetic_user_0345,2024,ASCR Leadership Computing Challenge,PROSTAFF
synthetic_repo_072,synthetic_user_0358,2024,ASCR Leadership Computing Challenge,PROSTAFF
synthetic_repo_072,synthetic_user_0560,2024,ASCR Leadership Computing Challenge,PROSTAFF
synthetic_repo_072,synthetic_user_0566,2024,ASCR Leadership Computing Challenge,UNDRGRAD
synthetic_repo_072,synthetic_user_0839,2024,ASCR Leadership Computing Challenge,OTHER
synthetic_repo_072,synthetic_user_1025,2024,ASCR Leadership Computing Challenge,OTHER
synthetic_repo_072,synthetic_user_1174,2024,ASCR Leadership Computing Challenge,SCIENTST
synthetic_repo_073,synthetic_user_0037,2024,ASCR Leadership Computing Challenge,PROSTAFF
synthetic_repo_073,synthetic_user_0261,2024,ASCR Leadership Computing Challenge,FACULTY
synthetic_repo_073,synthetic_user_0267,2024,ASCR Leadership Computing Challenge,SCIENTST
synthetic_repo_073,synthetic_user_0345,2024,ASCR Leadership Computing Challenge,PROSTAFF
synthetic_repo_073,synthetic_user_0441,2024,ASCR Leadership Computing Challenge,POSTDOC
synthetic_repo_073,synthetic_user_0491,2024,ASCR Leadership Computing Challenge,POSTDOC
synthetic_repo_073,synthetic_user_0744,2024,ASCR Leadership Computing Challenge,UNDRGRAD
synthetic_repo_073,synthetic_user_0839,2024,ASCR Leadership Computing Challenge,OTHER
synthetic_repo_073,synthetic_user_0925,2024,ASCR Leadership Computing Challenge,PROSTAFF
synthetic_repo_073,synthetic_user_1019,2024,ASCR Leadership Computing Challenge,SCIENTST
synthetic_repo_075,synthetic_user_0037,2024,ASCR Leadership Computing Challenge,PROSTAFF
synthetic_repo_075,synthetic_user_0267,2024,ASCR Leadership Computing Challenge,SCIENTST
synthetic_repo_075,synthetic_user_0312,2024,ASCR Leadership Computing Challenge,FACULTY
synthetic_repo_075,synthetic_user_0359,2024,ASCR Leadership Computing Challenge,PROSTAFF
synthetic_repo_075,synthetic_user_0433,2024,ASCR Leadership Computing Challenge,SCIENTST
synthetic_repo_075,synthetic_user_0441,2024,ASCR Leadership Computing Challenge,POSTDOC
synthetic_repo_075,synthetic_user_0549,2024,ASCR Leadership Computing Challenge,GRADUATE
synthetic_repo_075,synthetic_user_0562,2024,ASCR Leadership Computing Challenge,UNDRGRAD
synthetic_repo_075,synthetic_user_0744,2024,ASCR Leadership Computing Challenge,UNDRGRAD
synthetic_repo_075,synthetic_user_0839,2024,ASCR Leadership Computing Challenge,OTHER
synthetic_repo_075,synthetic_user_0887,2024,ASCR Leadership Computing Challenge,FACULTY
synthetic_repo_075,synthetic_user_0970,2024,ASCR Leadership Computing Challenge,GRADUATE
synthetic_repo_075,synthetic_user_1019,2024,ASCR Leadership Computing Challenge,SCIENTST
synthetic_repo_075,synthetic_user_1025,2024,ASCR Leadership Computing Challenge,OTHER
synthetic_repo_075,synthetic_user_1174,2024,ASCR Leadership Computing Challenge,SCIENTST
synthetic_repo_076,synthetic_user_0029,2024,ASCR Leadership Computing Challenge,UNDRGRAD
synthetic_repo_076,synthetic_user_0074,2024,ASCR Leadership Computing Challenge,GRADUATE
synthetic_repo_076,synthetic_user_0210,2024,ASCR Leadership Computing Challenge,FACULTY
synthetic_repo_076,synthetic_user_0247,2024,ASCR Leadership Computing Challenge,POSTDOC
synthetic_repo_076,synthetic_user_0312,2024,ASCR Leadership Computing Challenge,FACULTY
synthetic_repo_076,synthetic_user_0345,2024,ASCR Leadership Computing Challenge,PROSTAFF
synthetic_repo_076,synthetic_user_0441,2024,ASCR Leadership Computing Challenge,POSTDOC
synthetic_repo_076,synthetic_user_0549,2024,ASCR Leadership Computing Challenge,GRADUATE
synthetic_repo_076,synthetic_user_0566,2024,ASCR Leadership Computing Challenge,UNDRGRAD
synthetic_repo_076,synthetic_user_0612,2024,ASCR Leadership Computing Challenge,FACULTY
synthetic_repo_076,synthetic_user_0659,2024,ASCR Leadership Computing Challenge,PROSTAFF
synthetic_repo_076,synthetic_user_0685,2024,ASCR Leadership Computing Challenge,SCIENTST
synthetic_repo_076,synthetic_user_0688,2024,ASCR Leadership Computing Challenge,SCIENTST
synthetic_repo_076,synthetic_user_0832,2024,ASCR Leadership Computing Challenge,PROSTAFF
synthetic_repo_076,synthetic_user_0839,2024,ASCR Leadership Computing Challenge,OTHER
synthetic_repo_076,synthetic_user_0877,2024,ASCR Leadership Computing Challenge,SCIENTST
synthetic_repo_076,synthetic_user_1081,2024,ASCR Leadership Computing Challenge,POSTDOC
synthetic_repo_076,synthetic_user_1174,2024,ASCR Leadership Computing Challenge,SCIENTST
synthetic_repo_077,synthetic_user_0029,2024,ASCR Leadership Computing Challenge,UNDRGRAD
synthetic_repo_077,synthetic_user_0055,2024,ASCR Leadership Computing Challenge,FACULTY
synthetic_repo_077,synthetic_user_0281,2024,ASCR Leadership Computing Challenge,POSTDOC
synthetic_repo_077,synthetic_user_0312,2024,ASCR Leadership Computing Challenge,FACULTY
synthetic_repo_077,synthetic_user_0358,2024,ASCR Leadership Computing Challenge,PROSTAFF
synthetic_repo_077,synthetic_user_0359,2024,ASCR Leadership Computing Challenge,PROSTAFF
synthetic_repo_077,synthetic_user_0393,2024,ASCR Leadership Computing Challenge,POSTDOC
synthetic_repo_077,synthetic_user_0433,2024,ASCR Leadership Computing Challenge,SCIENTST
synthetic_repo_077,synthetic_user_0549,2024,ASCR Leadership Computing Challenge,GRADUATE
synthetic_repo_077,synthetic_user_0562,2024,ASCR Leadership Computing Challenge,UNDRGRAD
synthetic_repo_077,synthetic_user_0566,2024,ASCR Leadership Computing Challenge,UNDRGRAD
synthetic_repo_077,synthetic_user_0652,2024,ASCR Leadership Computing Challenge,SCIENTST
synthetic_repo_077,synthetic_user_0659,2024,ASCR Leadership Computing Challenge,PROSTAFF
synthetic_repo_077,synthetic_user_0744,2024,ASCR Leadership Computing Challenge,UNDRGRAD
synthetic_repo_077,synthetic_user_0749,2024,ASCR Leadership Computing Challenge,GRADUATE
synthetic_repo_077,synthetic_user_0774,2024,ASCR Leadership Computing Challenge,SCIENTST
synthetic_repo_077,synthetic_user_0787,2024,ASCR Leadership Computing Challenge,POSTDOC
synthetic_repo_077,synthetic_user_0839,2024,ASCR Leadership Computing Challenge,OTHER
synthetic_repo_077,synthetic_user_0887,2024,ASCR Leadership Computing Challenge,FACULTY
synthetic_repo_077,synthetic_user_0955,2024,ASCR Leadership Computing Challenge,FACULTY
synthetic_repo_077,synthetic_user_0972,2024,ASCR Leadership Computing Challenge,GRADUATE
synthetic_repo_077,synthetic_user_1025,2024,ASCR Leadership Computing Challenge,OTHER
synthetic_repo_077,synthetic_user_1031,2024,ASCR Leadership Computing Challenge,SCIENTST
synthetic_repo_077,synthetic_user_1062,2024,ASCR Leadership Computing Challenge,SCIENTST
synthetic_repo_077,synthetic_user_1174,2024,ASCR Leadership Computing Challenge,SCIENTST
synthetic_repo_078,synthetic_user_0074,2024,ASCR Leadership Computing Challenge,GRADUATE
synthetic_repo_078,synthetic_user_0138,2024,ASCR Leadership Computing Challenge,FACULTY
synthetic_repo_078,synthetic_user_0171,2024,ASCR Leadership Computing Challenge,UNDRGRAD
synthetic_repo_078,synthetic_user_0194,2024,ASCR Leadership Computing Challenge,UNDRGRAD
synthetic_repo_078,synthetic_user_0235,2024,ASCR Leadership Computing Challenge,UNDRGRAD
synthetic_repo_078,synthetic_user_0247,2024,ASCR Leadership Computing Challenge,POSTDOC
synthetic_repo_078,synthetic_user_0267,2024,ASCR Leadership Computing Challenge,SCIENTST
synthetic_repo_078,synthetic_user_0312,2024,ASCR Leadership Computing Challenge,FACULTY
synthetic_repo_078,synthetic_user_0393,2024,ASCR Leadership Computing Challenge,POSTDOC
synthetic_repo_078,synthetic_user_0441,2024,ASCR Leadership Computing Challenge,POSTDOC
synthetic_repo_078,synthetic_user_0446,2024,ASCR Leadership Computing Challenge,POSTDOC
synthetic_repo_078,synthetic_user_0455,2024,ASCR Leadership Computing Challenge,POSTDOC
synthetic_repo_078,synthetic_user_0481,2024,ASCR Leadership Computing Challenge,POSTDOC
synthetic_repo_078,synthetic_user_0549,2024,ASCR Leadership Computing Challenge,GRADUATE
synthetic_repo_078,synthetic_user_0566,2024,ASCR Leadership Computing Challenge,UNDRGRAD
synthetic_repo_078,synthetic_user_0744,2024,ASCR Leadership Computing Challenge,UNDRGRAD
synthetic_repo_078,synthetic_user_0746,2024,ASCR Leadership Computing Challenge,FACULTY
synthetic_repo_078,synthetic_user_0787,2024,ASCR Leadership Computing Challenge,POSTDOC
synthetic_repo_078,synthetic_user_0925,2024,ASCR Leadership Computing Challenge,PROSTAFF
synthetic_repo_078,synthetic_user_0955,2024,ASCR Leadership Computing Challenge,FACULTY
synthetic_repo_078,synthetic_user_1082,2024,ASCR Leadership Computing Challenge,POSTDOC
synthetic_repo_079,synthetic_user_0029,2024,ASCR Leadership Computing Challenge,UNDRGRAD
synthetic_repo_079,synthetic_user_0037,2024,ASCR Leadership Computing Challenge,PROSTAFF
synthetic_repo_079,synthetic_user_0112,2024,ASCR Leadership Computing Challenge,GRADUATE
synthetic_repo_079,synthetic_user_0138,2024,ASCR Leadership Computing Challenge,FACULTY
synthetic_repo_079,synthetic_user_0171,2024,ASCR Leadership Computing Challenge,UNDRGRAD
synthetic_repo_079,synthetic_user_0261,2024,ASCR Leadership Computing Challenge,FACULTY
synthetic_repo_079,synthetic_user_0264,2024,ASCR Leadership Computing Challenge,SCIENTST
synthetic_repo_079,synthetic_user_0267,2024,ASCR Leadership Computing Challenge,SCIENTST
synthetic_repo_079,synthetic_user_0277,2024,ASCR Leadership Computing Challenge,SCIENTST
synthetic_repo_079,synthetic_user_0312,2024,ASCR Leadership Computing Challenge,FACULTY
synthetic_repo_079,synthetic_user_0349,2024,ASCR Leadership Computing Challenge,SCIENTST
synthetic_repo_079,synthetic_user_0359,2024,ASCR Leadership Computing Challenge,PROSTAFF
synthetic_repo_079,synthetic_user_0369,2024,ASCR Leadership Computing Challenge,OTHER
synthetic_repo_079,synthetic_user_0393,2024,ASCR Leadership Computing Challenge,POSTDOC
synthetic_repo_079,synthetic_user_0433,2024,ASCR Leadership Computing Challenge,SCIENTST
synthetic_repo_079,synthetic_user_0446,2024,ASCR Leadership Computing Challenge,POSTDOC
synthetic_repo_079,synthetic_user_0466,2024,ASCR Leadership Computing Challenge,POSTDOC
synthetic_repo_079,synthetic_user_0476,2024,ASCR Leadership Computing Challenge,GRADUATE
synthetic_repo_079,synthetic_user_0481,2024,ASCR Leadership Computing Challenge,POSTDOC
synthetic_repo_079,synthetic_user_0549,2024,ASCR Leadership Computing Challenge,GRADUATE
synthetic_repo_079,synthetic_user_0560,2024,ASCR Leadership Computing Challenge,PROSTAFF
synthetic_repo_079,synthetic_user_0562,2024,ASCR Leadership Computing Challenge,UNDRGRAD
synthetic_repo_079,synthetic_user_0566,2024,ASCR Leadership Computing Challenge,UNDRGRAD
synthetic_repo_079,synthetic_user_0568,2024,ASCR Leadership Computing Challenge,SCIENTST
synthetic_repo_079,synthetic_user_0597,2024,ASCR Leadership Computing Challenge,OTHER
synthetic_repo_079,synthetic_user_0688,2024,ASCR Leadership Computing Challenge,SCIENTST
synthetic_repo_079,synthetic_user_0744,2024,ASCR Leadership Computing Challenge,UNDRGRAD
synthetic_repo_079,synthetic_user_0746,2024,ASCR Leadership Computing Challenge,FACULTY
synthetic_repo_079,synthetic_user_0839,2024,ASCR Leadership Computing Challenge,OTHER
synthetic_repo_079,synthetic_user_0840,2024,ASCR Leadership Computing Challenge,UNDRGRAD
synthetic_repo_079,synthetic_user_0867,2024,ASCR Leadership Computing Challenge,FACULTY
synthetic_repo_079,synthetic_user_0879,2024,ASCR Leadership Computing Challenge,FACULTY
synthetic_repo_079,synthetic_user_0887,2024,ASCR Leadership Computing Challenge,FACULTY
synthetic_repo_079,synthetic_user_0925,2024,ASCR Leadership Computing Challenge,PROSTAFF
synthetic_repo_079,synthetic_user_0955,2024,ASCR Leadership Computing Challenge,FACULTY
synthetic_repo_079,synthetic_user_0970,2024,ASCR Leadership Computing Challenge,GRADUATE
synthetic_repo_079,synthetic_user_0971,2024,ASCR Leadership Computing Challenge,PROSTAFF
synthetic_repo_079,synthetic_user_0972,2024,ASCR Leadership Computing Challenge,GRADUATE
synthetic_repo_079,synthetic_user_0990,2024,ASCR Leadership Computing Challenge,GRADUATE
synthetic_repo_079,synthetic_user_1019,2024,ASCR Leadership Computing Challenge,SCIENTST
synthetic_repo_079,synthetic_user_1025,2024,ASCR Leadership Computing Challenge,OTHER
synthetic_repo_079,synthetic_user_1062,2024,ASCR Leadership Computing Challenge,SCIENTST
synthetic_repo_079,synthetic_user_1081,2024,ASCR Leadership Computing Challenge,POSTDOC
synthetic_repo_079,synthetic_user_1174,2024,ASCR Leadership Computing Challenge,SCIENTST
synthetic_repo_080,synthetic_user_0029,2024,ASCR Leadership Computing Challenge,UNDRGRAD
synthetic_repo_080,synthetic_user_0055,2024,ASCR Leadership Computing Challenge,FACULTY
synthetic_repo_080,synthetic_user_0056,2024,ASCR Leadership Computing Challenge,POSTDOC
synthetic_repo_080,synthetic_user_0074,2024,ASCR Leadership Computing Challenge,GRADUATE
synthetic_repo_080,synthetic_user_0138,2024,ASCR Leadership Computing Challenge,FACULTY
synthetic_repo_080,synthetic_user_0235,2024,ASCR Leadership Computing Challenge,UNDRGRAD
synthetic_repo_080,synthetic_user_0247,2024,ASCR Leadership Computing Challenge,POSTDOC
synthetic_repo_080,synthetic_user_0261,2024,ASCR Leadership Computing Challenge,FACULTY
synthetic_repo_080,synthetic_user_0264,2024,ASCR Leadership Computing Challenge,SCIENTST
synthetic_repo_080,synthetic_user_0267,2024,ASCR Leadership Computing Challenge,SCIENTST
synthetic_repo_080,synthetic_user_0312,2024,ASCR Leadership Computing Challenge,FACULTY
synthetic_repo_080,synthetic_user_0345,2024,ASCR Leadership Computing Challenge,PROSTAFF
synthetic_repo_080,synthetic_user_0356,2024,ASCR Leadership Computing Challenge,SCIENTST
synthetic_repo_080,synthetic_user_0358,2024,ASCR Leadership Computing Challenge,PROSTAFF
synthetic_repo_080,synthetic_user_0359,2024,ASCR Leadership Computing Challenge,PROSTAFF
synthetic_repo_080,synthetic_user_0369,2024,ASCR Leadership Computing Challenge,OTHER
synthetic_repo_080,synthetic_user_0433,2024,ASCR Leadership Computing Challenge,SCIENTST
synthetic_repo_080,synthetic_user_0434,2024,ASCR Leadership Computing Challenge,POSTDOC
synthetic_repo_080,synthetic_user_0441,2024,ASCR Leadership Computing Challenge,POSTDOC
synthetic_repo_080,synthetic_user_0446,2024,ASCR Leadership Computing Challenge,POSTDOC
synthetic_repo_080,synthetic_user_0476,2024,ASCR Leadership Computing Challenge,GRADUATE
synthetic_repo_080,synthetic_user_0481,2024,ASCR Leadership Computing Challenge,POSTDOC
synthetic_repo_080,synthetic_user_0549,2024,ASCR Leadership Computing Challenge,GRADUATE
synthetic_repo_080,synthetic_user_0560,2024,ASCR Leadership Computing Challenge,PROSTAFF
synthetic_repo_080,synthetic_user_0562,2024,ASCR Leadership Computing Challenge,UNDRGRAD
synthetic_repo_080,synthetic_user_0566,2024,ASCR Leadership Computing Challenge,UNDRGRAD
synthetic_repo_080,synthetic_user_0597,2024,ASCR Leadership Computing Challenge,OTHER
synthetic_repo_080,synthetic_user_0601,2024,ASCR Leadership Computing Challenge,PROSTAFF
synthetic_repo_080,synthetic_user_0652,2024,ASCR Leadership Computing Challenge,SCIENTST
synthetic_repo_080,synthetic_user_0659,2024,ASCR Leadership Computing Challenge,PROSTAFF
synthetic_repo_080,synthetic_user_0688,2024,ASCR Leadership Computing Challenge,SCIENTST
synthetic_repo_080,synthetic_user_0744,2024,ASCR Leadership Computing Challenge,UNDRGRAD
synthetic_repo_080,synthetic_user_0746,2024,ASCR Leadership Computing Challenge,FACULTY
synthetic_repo_080,synthetic_user_0749,2024,ASCR Leadership Computing Challenge,GRADUATE
synthetic_repo_080,synthetic_user_0774,2024,ASCR Leadership Computing Challenge,SCIENTST
synthetic_repo_080,synthetic_user_0787,2024,ASCR Leadership Computing Challenge,POSTDOC
synthetic_repo_080,synthetic_user_0795,2024,ASCR Leadership Computing Challenge,OTHER
synthetic_repo_080,synthetic_user_0839,2024,ASCR Leadership Computing Challenge,OTHER
synthetic_repo_080,synthetic_user_0867,2024,ASCR Leadership Computing Challenge,FACULTY
synthetic_repo_080,synthetic_user_0887,2024,ASCR Leadership Computing Challenge,FACULTY
synthetic_repo_080,synthetic_user_0925,2024,ASCR Leadership Computing Challenge,PROSTAFF
synthetic_repo_080,synthetic_user_0955,2024,ASCR Leadership Computing Challenge,FACULTY
synthetic_repo_080,synthetic_user_0970,2024,ASCR Leadership Computing Challenge,GRADUATE
synthetic_repo_080,synthetic_user_0972,2024,ASCR Leadership Computing Challenge,GRADUATE
synthetic_repo_080,synthetic_user_0990,2024,ASCR Leadership Computing Challenge,GRADUATE
synthetic_repo_080,synthetic_user_1025,2024,ASCR Leadership Computing Challenge,OTHER
synthetic_repo_080,synthetic_user_1064,2024,ASCR Leadership Computing Challenge,FACULTY
synthetic_repo_080,synthetic_user_1081,2024,ASCR Leadership Computing Challenge,POSTDOC
synthetic_repo_080,synthetic_user_1082,2024,ASCR Leadership Computing Challenge,POSTDOC
synthetic_repo_080,synthetic_user_1121,2024,ASCR Leadership Computing Challenge,NONE
synthetic_repo_080,synthetic_user_1174,2024,ASCR Leadership Computing Challenge,SCIENTST
synthetic_singleton_repo_05,synthetic_user_1197,2024,Advanced Scientific Computing Research,FACULTY
synthetic_repo_001,synthetic_user_0090,2025,Basic Energy Sciences,PROSTAFF
synthetic_repo_001,synthetic_user_0373,2025,Basic Energy Sciences,UNDRGRAD
synthetic_repo_001,synthetic_user_0864,2025,Basic Energy Sciences,POSTDOC
synthetic_repo_001,synthetic_user_0920,2025,Basic Energy Sciences,PROSTAFF
synthetic_repo_003,synthetic_user_0011,2025,Basic Energy Sciences,NONE
synthetic_repo_003,synthetic_user_0290,2025,Basic Energy Sciences,PROSTAFF
synthetic_repo_003,synthetic_user_0404,2025,Basic Energy Sciences,UNDRGRAD
synthetic_repo_003,synthetic_user_0438,2025,Basic Energy Sciences,UNDRGRAD
synthetic_repo_003,synthetic_user_0544,2025,Basic Energy Sciences,OTHER
synthetic_repo_003,synthetic_user_0656,2025,Basic Energy Sciences,FACULTY
synthetic_repo_003,synthetic_user_0673,2025,Basic Energy Sciences,GRADUATE
synthetic_repo_003,synthetic_user_0731,2025,Basic Energy Sciences,PROSTAFF
synthetic_repo_003,synthetic_user_0920,2025,Basic Energy Sciences,PROSTAFF
synthetic_repo_003,synthetic_user_0922,2025,Basic Energy Sciences,POSTDOC
synthetic_repo_003,synthetic_user_0959,2025,Basic Energy Sciences,PROSTAFF
synthetic_repo_005,synthetic_user_0011,2025,Basic Energy Sciences,NONE
synthetic_repo_005,synthetic_user_0090,2025,Basic Energy Sciences,PROSTAFF
synthetic_repo_005,synthetic_user_0280,2025,Basic Energy Sciences,FACULTY
synthetic_repo_005,synthetic_user_0290,2025,Basic Energy Sciences,PROSTAFF
synthetic_repo_005,synthetic_user_0373,2025,Basic Energy Sciences,UNDRGRAD
synthetic_repo_005,synthetic_user_0403,2025,Basic Energy Sciences,GRADUATE
synthetic_repo_005,synthetic_user_0438,2025,Basic Energy Sciences,UNDRGRAD
synthetic_repo_005,synthetic_user_0454,2025,Basic Energy Sciences,SCIENTST
synthetic_repo_005,synthetic_user_0511,2025,Basic Energy Sciences,GRADUATE
synthetic_repo_005,synthetic_user_0522,2025,Basic Energy Sciences,POSTDOC
synthetic_repo_005,synthetic_user_0544,2025,Basic Energy Sciences,OTHER
synthetic_repo_005,synthetic_user_0640,2025,Basic Energy Sciences,NONE
synthetic_repo_005,synthetic_user_0656,2025,Basic Energy Sciences,FACULTY
synthetic_repo_005,synthetic_user_0731,2025,Basic Energy Sciences,PROSTAFF
synthetic_repo_005,synthetic_user_0864,2025,Basic Energy Sciences,POSTDOC
synthetic_repo_005,synthetic_user_0920,2025,Basic Energy Sciences,PROSTAFF
synthetic_repo_005,synthetic_user_1018,2025,Basic Energy Sciences,GRADUATE
synthetic_repo_006,synthetic_user_0011,2025,Basic Energy Sciences,NONE
synthetic_repo_006,synthetic_user_0067,2025,Basic Energy Sciences,POSTDOC
synthetic_repo_006,synthetic_user_0280,2025,Basic Energy Sciences,FACULTY
synthetic_repo_006,synthetic_user_0290,2025,Basic Energy Sciences,PROSTAFF
synthetic_repo_006,synthetic_user_0311,2025,Basic Energy Sciences,UNDRGRAD
synthetic_repo_006,synthetic_user_0337,2025,Basic Energy Sciences,SCIENTST
synthetic_repo_006,synthetic_user_0372,2025,Basic Energy Sciences,GRADUATE
synthetic_repo_006,synthetic_user_0404,2025,Basic Energy Sciences,UNDRGRAD
synthetic_repo_006,synthetic_user_0448,2025,Basic Energy Sciences,OTHER
synthetic_repo_006,synthetic_user_0522,2025,Basic Energy Sciences,POSTDOC
synthetic_repo_006,synthetic_user_0555,2025,Basic Energy Sciences,GRADUATE
synthetic_repo_006,synthetic_user_0606,2025,Basic Energy Sciences,GRADUATE
synthetic_repo_006,synthetic_user_0621,2025,Basic Energy Sciences,POSTDOC
synthetic_repo_006,synthetic_user_0640,2025,Basic Energy Sciences,NONE
synthetic_repo_006,synthetic_user_0864,2025,Basic Energy Sciences,POSTDOC
synthetic_repo_006,synthetic_user_0890,2025,Basic Energy Sciences,SCIENTST
synthetic_repo_006,synthetic_user_0922,2025,Basic Energy Sciences,POSTDOC
synthetic_repo_006,synthetic_user_1018,2025,Basic Energy Sciences,GRADUATE
synthetic_repo_007,synthetic_user_0011,2025,Basic Energy Sciences,NONE
synthetic_repo_007,synthetic_user_0067,2025,Basic Energy Sciences,POSTDOC
synthetic_repo_007,synthetic_user_0090,2025,Basic Energy Sciences,PROSTAFF
synthetic_repo_007,synthetic_user_0160,2025,Basic Energy Sciences,SCIENTST
synthetic_repo_007,synthetic_user_0280,2025,Basic Energy Sciences,FACULTY
synthetic_repo_007,synthetic_user_0290,2025,Basic Energy Sciences,PROSTAFF
synthetic_repo_007,synthetic_user_0328,2025,Basic Energy Sciences,PROSTAFF
synthetic_repo_007,synthetic_user_0403,2025,Basic Energy Sciences,GRADUATE
synthetic_repo_007,synthetic_user_0438,2025,Basic Energy Sciences,UNDRGRAD
synthetic_repo_007,synthetic_user_0448,2025,Basic Energy Sciences,OTHER
synthetic_repo_007,synthetic_user_0511,2025,Basic Energy Sciences,GRADUATE
synthetic_repo_007,synthetic_user_0544,2025,Basic Energy Sciences,OTHER
synthetic_repo_007,synthetic_user_0555,2025,Basic Energy Sciences,GRADUATE
synthetic_repo_007,synthetic_user_0621,2025,Basic Energy Sciences,POSTDOC
synthetic_repo_007,synthetic_user_0684,2025,Basic Energy Sciences,PROSTAFF
synthetic_repo_007,synthetic_user_0864,2025,Basic Energy Sciences,POSTDOC
synthetic_repo_007,synthetic_user_0920,2025,Basic Energy Sciences,PROSTAFF
synthetic_repo_007,synthetic_user_0922,2025,Basic Energy Sciences,POSTDOC
synthetic_repo_008,synthetic_user_0059,2025,Basic Energy Sciences,PROSTAFF
synthetic_repo_008,synthetic_user_0067,2025,Basic Energy Sciences,POSTDOC
synthetic_repo_008,synthetic_user_0073,2025,Basic Energy Sciences,SCIENTST
synthetic_repo_008,synthetic_user_0275,2025,Basic Energy Sciences,SCIENTST
synthetic_repo_008,synthetic_user_0280,2025,Basic Energy Sciences,FACULTY
synthetic_repo_008,synthetic_user_0328,2025,Basic Energy Sciences,PROSTAFF
synthetic_repo_008,synthetic_user_0403,2025,Basic Energy Sciences,GRADUATE
synthetic_repo_008,synthetic_user_0438,2025,Basic Energy Sciences,UNDRGRAD
synthetic_repo_008,synthetic_user_0506,2025,Basic Energy Sciences,FACULTY
synthetic_repo_008,synthetic_user_0555,2025,Basic Energy Sciences,GRADUATE
synthetic_repo_008,synthetic_user_0673,2025,Basic Energy Sciences,GRADUATE
synthetic_repo_008,synthetic_user_0684,2025,Basic Energy Sciences,PROSTAFF
synthetic_repo_008,synthetic_user_0890,2025,Basic Energy Sciences,SCIENTST
synthetic_repo_008,synthetic_user_0920,2025,Basic Energy Sciences,PROSTAFF
synthetic_repo_008,synthetic_user_1018,2025,Basic Energy Sciences,GRADUATE
synthetic_repo_008,synthetic_user_1166,2025,Basic Energy Sciences,GRADUATE
synthetic_repo_009,synthetic_user_0032,2025,Basic Energy Sciences,GRADUATE
synthetic_repo_009,synthetic_user_0067,2025,Basic Energy Sciences,POSTDOC
synthetic_repo_009,synthetic_user_0073,2025,Basic Energy Sciences,SCIENTST
synthetic_repo_009,synthetic_user_0104,2025,Basic Energy Sciences,GRADUATE
synthetic_repo_009,synthetic_user_0121,2025,Basic Energy Sciences,FACULTY
synthetic_repo_009,synthetic_user_0275,2025,Basic Energy Sciences,SCIENTST
synthetic_repo_009,synthetic_user_0280,2025,Basic Energy Sciences,FACULTY
synthetic_repo_009,synthetic_user_0285,2025,Basic Energy Sciences,PROSTAFF
synthetic_repo_009,synthetic_user_0290,2025,Basic Energy Sciences,PROSTAFF
synthetic_repo_009,synthetic_user_0327,2025,Basic Energy Sciences,POSTDOC
synthetic_repo_009,synthetic_user_0342,2025,Basic Energy Sciences,GRADUATE
synthetic_repo_009,synthetic_user_0372,2025,Basic Energy Sciences,GRADUATE
synthetic_repo_009,synthetic_user_0373,2025,Basic Energy Sciences,UNDRGRAD
synthetic_repo_009,synthetic_user_0396,2025,Basic Energy Sciences,FACULTY
synthetic_repo_009,synthetic_user_0403,2025,Basic Energy Sciences,GRADUATE
synthetic_repo_009,synthetic_user_0404,2025,Basic Energy Sciences,UNDRGRAD
synthetic_repo_009,synthetic_user_0438,2025,Basic Energy Sciences,UNDRGRAD
synthetic_repo_009,synthetic_user_0448,2025,Basic Energy Sciences,OTHER
synthetic_repo_009,synthetic_user_0463,2025,Basic Energy Sciences,GRADUATE
synthetic_repo_009,synthetic_user_0506,2025,Basic Energy Sciences,FACULTY
synthetic_repo_009,synthetic_user_0511,2025,Basic Energy Sciences,GRADUATE
synthetic_repo_009,synthetic_user_0522,2025,Basic Energy Sciences,POSTDOC
synthetic_repo_009,synthetic_user_0555,2025,Basic Energy Sciences,GRADUATE
synthetic_repo_009,synthetic_user_0621,2025,Basic Energy Sciences,POSTDOC
synthetic_repo_009,synthetic_user_0640,2025,Basic Energy Sciences,NONE
synthetic_repo_009,synthetic_user_0656,2025,Basic Energy Sciences,FACULTY
synthetic_repo_009,synthetic_user_0673,2025,Basic Energy Sciences,GRADUATE
synthetic_repo_009,synthetic_user_0684,2025,Basic Energy Sciences,PROSTAFF
synthetic_repo_009,synthetic_user_0731,2025,Basic Energy Sciences,PROSTAFF
synthetic_repo_009,synthetic_user_0864,2025,Basic Energy Sciences,POSTDOC
synthetic_repo_009,synthetic_user_0890,2025,Basic Energy Sciences,SCIENTST
synthetic_repo_009,synthetic_user_0920,2025,Basic Energy Sciences,PROSTAFF
synthetic_repo_009,synthetic_user_0959,2025,Basic Energy Sciences,PROSTAFF
synthetic_repo_009,synthetic_user_1017,2025,Basic Energy Sciences,FACULTY
synthetic_repo_009,synthetic_user_1018,2025,Basic Energy Sciences,GRADUATE
synthetic_repo_009,synthetic_user_1119,2025,Basic Energy Sciences,PROSTAFF
synthetic_repo_009,synthetic_user_1131,2025,Basic Energy Sciences,OTHER
synthetic_repo_010,synthetic_user_0001,2025,Basic Energy Sciences,POSTDOC
synthetic_repo_010,synthetic_user_0011,2025,Basic Energy Sciences,NONE
synthetic_repo_010,synthetic_user_0032,2025,Basic Energy Sciences,GRADUATE
synthetic_repo_010,synthetic_user_0059,2025,Basic Energy Sciences,PROSTAFF
synthetic_repo_010,synthetic_user_0073,2025,Basic Energy Sciences,SCIENTST
synthetic_repo_010,synthetic_user_0090,2025,Basic Energy Sciences,PROSTAFF
synthetic_repo_010,synthetic_user_0104,2025,Basic Energy Sciences,GRADUATE
synthetic_repo_010,synthetic_user_0121,2025,Basic Energy Sciences,FACULTY
synthetic_repo_010,synthetic_user_0160,2025,Basic Energy Sciences,SCIENTST
synthetic_repo_010,synthetic_user_0275,2025,Basic Energy Sciences,SCIENTST
synthetic_repo_010,synthetic_user_0280,2025,Basic Energy Sciences,FACULTY
synthetic_repo_010,synthetic_user_0290,2025,Basic Energy Sciences,PROSTAFF
synthetic_repo_010,synthetic_user_0328,2025,Basic Energy Sciences,PROSTAFF
synthetic_repo_010,synthetic_user_0342,2025,Basic Energy Sciences,GRADUATE
synthetic_repo_010,synthetic_user_0372,2025,Basic Energy Sciences,GRADUATE
synthetic_repo_010,synthetic_user_0373,2025,Basic Energy Sciences,UNDRGRAD
synthetic_repo_010,synthetic_user_0396,2025,Basic Energy Sciences,FACULTY
synthetic_repo_010,synthetic_user_0403,2025,Basic Energy Sciences,GRADUATE
synthetic_repo_010,synthetic_user_0404,2025,Basic Energy Sciences,UNDRGRAD
synthetic_repo_010,synthetic_user_0428,2025,Basic Energy Sciences,PROSTAFF
synthetic_repo_010,synthetic_user_0438,2025,Basic Energy Sciences,UNDRGRAD
synthetic_repo_010,synthetic_user_0448,2025,Basic Energy Sciences,OTHER
synthetic_repo_010,synthetic_user_0454,2025,Basic Energy Sciences,SCIENTST
synthetic_repo_010,synthetic_user_0463,2025,Basic Energy Sciences,GRADUATE
synthetic_repo_010,synthetic_user_0511,2025,Basic Energy Sciences,GRADUATE
synthetic_repo_010,synthetic_user_0522,2025,Basic Energy Sciences,POSTDOC
synthetic_repo_010,synthetic_user_0544,2025,Basic Energy Sciences,OTHER
synthetic_repo_010,synthetic_user_0555,2025,Basic Energy Sciences,GRADUATE
synthetic_repo_010,synthetic_user_0606,2025,Basic Energy Sciences,GRADUATE
synthetic_repo_010,synthetic_user_0621,2025,Basic Energy Sciences,POSTDOC
synthetic_repo_010,synthetic_user_0640,2025,Basic Energy Sciences,NONE
synthetic_repo_010,synthetic_user_0656,2025,Basic Energy Sciences,FACULTY
synthetic_repo_010,synthetic_user_0673,2025,Basic Energy Sciences,GRADUATE
synthetic_repo_010,synthetic_user_0684,2025,Basic Energy Sciences,PROSTAFF
synthetic_repo_010,synthetic_user_0704,2025,Basic Energy Sciences,GRADUATE
synthetic_repo_010,synthetic_user_0731,2025,Basic Energy Sciences,PROSTAFF
synthetic_repo_010,synthetic_user_0864,2025,Basic Energy Sciences,POSTDOC
synthetic_repo_010,synthetic_user_0881,2025,Basic Energy Sciences,SCIENTST
synthetic_repo_010,synthetic_user_0890,2025,Basic Energy Sciences,SCIENTST
synthetic_repo_010,synthetic_user_0917,2025,Basic Energy Sciences,GRADUATE
synthetic_repo_010,synthetic_user_0920,2025,Basic Energy Sciences,PROSTAFF
synthetic_repo_010,synthetic_user_0922,2025,Basic Energy Sciences,POSTDOC
synthetic_repo_010,synthetic_user_0959,2025,Basic Energy Sciences,PROSTAFF
synthetic_repo_010,synthetic_user_1017,2025,Basic Energy Sciences,FACULTY
synthetic_repo_010,synthetic_user_1018,2025,Basic Energy Sciences,GRADUATE
synthetic_repo_010,synthetic_user_1166,2025,Basic Energy Sciences,GRADUATE
synthetic_repo_011,synthetic_user_0347,2025,High Energy Physics,GRADUATE
synthetic_repo_011,synthetic_user_0898,2025,High Energy Physics,POSTDOC
synthetic_repo_011,synthetic_user_0915,2025,High Energy Physics,POSTDOC
synthetic_repo_011,synthetic_user_0933,2025,High Energy Physics,GRADUATE
synthetic_repo_013,synthetic_user_0159,2025,High Energy Physics,GRADUATE
synthetic_repo_013,synthetic_user_0450,2025,High Energy Physics,FACULTY
synthetic_repo_013,synthetic_user_0642,2025,High Energy Physics,SCIENTST
synthetic_repo_013,synthetic_user_0682,2025,High Energy Physics,POSTDOC
synthetic_repo_013,synthetic_user_0915,2025,High Energy Physics,POSTDOC
synthetic_repo_013,synthetic_user_1020,2025,High Energy Physics,GRADUATE
synthetic_repo_013,synthetic_user_1039,2025,High Energy Physics,POSTDOC
synthetic_repo_013,synthetic_user_1058,2025,High Energy Physics,SCIENTST
synthetic_repo_013,synthetic_user_1101,2025,High Energy Physics,POSTDOC
synthetic_repo_015,synthetic_user_0179,2025,High Energy Physics,PROSTAFF
synthetic_repo_015,synthetic_user_0380,2025,High Energy Physics,POSTDOC
synthetic_repo_015,synthetic_user_0427,2025,High Energy Physics,GRADUATE
synthetic_repo_015,synthetic_user_0525,2025,High Energy Physics,UNDRGRAD
synthetic_repo_015,synthetic_user_0594,2025,High Energy Physics,POSTDOC
synthetic_repo_015,synthetic_user_0618,2025,High Energy Physics,POSTDOC
synthetic_repo_015,synthetic_user_0635,2025,High Energy Physics,SCIENTST
synthetic_repo_015,synthetic_user_0682,2025,High Energy Physics,POSTDOC
synthetic_repo_015,synthetic_user_0713,2025,High Energy Physics,OTHER
synthetic_repo_015,synthetic_user_0933,2025,High Energy Physics,GRADUATE
synthetic_repo_015,synthetic_user_1020,2025,High Energy Physics,GRADUATE
synthetic_repo_015,synthetic_user_1039,2025,High Energy Physics,POSTDOC
synthetic_repo_015,synthetic_user_1058,2025,High Energy Physics,SCIENTST
synthetic_repo_015,synthetic_user_1098,2025,High Energy Physics,GRADUATE
synthetic_repo_015,synthetic_user_1101,2025,High Energy Physics,POSTDOC
synthetic_repo_016,synthetic_user_0067,2025,High Energy Physics,POSTDOC
synthetic_repo_016,synthetic_user_0162,2025,High Energy Physics,PROSTAFF
synthetic_repo_016,synthetic_user_0176,2025,High Energy Physics,OTHER
synthetic_repo_016,synthetic_user_0335,2025,High Energy Physics,POSTDOC
synthetic_repo_016,synthetic_user_0429,2025,High Energy Physics,SCIENTST
synthetic_repo_016,synthetic_user_0430,2025,High Energy Physics,FACULTY
synthetic_repo_016,synthetic_user_0434,2025,High Energy Physics,POSTDOC
synthetic_repo_016,synthetic_user_0450,2025,High Energy Physics,FACULTY
synthetic_repo_016,synthetic_user_0488,2025,High Energy Physics,FACULTY
synthetic_repo_016,synthetic_user_0529,2025,High Energy Physics,POSTDOC
synthetic_repo_016,synthetic_user_0620,2025,High Energy Physics,PROSTAFF
synthetic_repo_016,synthetic_user_0667,2025,High Energy Physics,SCIENTST
synthetic_repo_016,synthetic_user_0682,2025,High Energy Physics,POSTDOC
synthetic_repo_016,synthetic_user_0713,2025,High Energy Physics,OTHER
synthetic_repo_016,synthetic_user_0814,2025,High Energy Physics,GRADUATE
synthetic_repo_016,synthetic_user_0866,2025,High Energy Physics,PROSTAFF
synthetic_repo_016,synthetic_user_0933,2025,High Energy Physics,GRADUATE
synthetic_repo_016,synthetic_user_1101,2025,High Energy Physics,POSTDOC
synthetic_repo_017,synthetic_user_0178,2025,High Energy Physics,UNDRGRAD
synthetic_repo_017,synthetic_user_0318,2025,High Energy Physics,GRADUATE
synthetic_repo_017,synthetic_user_0335,2025,High Energy Physics,POSTDOC
synthetic_repo_017,synthetic_user_0429,2025,High Energy Physics,SCIENTST
synthetic_repo_017,synthetic_user_0430,2025,High Energy Physics,FACULTY
synthetic_repo_017,synthetic_user_0450,2025,High Energy Physics,FACULTY
synthetic_repo_017,synthetic_user_0475,2025,High Energy Physics,GRADUATE
synthetic_repo_017,synthetic_user_0529,2025,High Energy Physics,POSTDOC
synthetic_repo_017,synthetic_user_0635,2025,High Energy Physics,SCIENTST
synthetic_repo_017,synthetic_user_0642,2025,High Energy Physics,SCIENTST
synthetic_repo_017,synthetic_user_0713,2025,High Energy Physics,OTHER
synthetic_repo_017,synthetic_user_0833,2025,High Energy Physics,POSTDOC
synthetic_repo_017,synthetic_user_0915,2025,High Energy Physics,POSTDOC
synthetic_repo_017,synthetic_user_0953,2025,High Energy Physics,SCIENTST
synthetic_repo_017,synthetic_user_0965,2025,High Energy Physics,GRADUATE
synthetic_repo_017,synthetic_user_1020,2025,High Energy Physics,GRADUATE
synthetic_repo_017,synthetic_user_1039,2025,High Energy Physics,POSTDOC
synthetic_repo_017,synthetic_user_1058,2025,High Energy Physics,SCIENTST
synthetic_repo_017,synthetic_user_1101,2025,High Energy Physics,POSTDOC
synthetic_repo_017,synthetic_user_1167,2025,High Energy Physics,FACULTY
synthetic_repo_018,synthetic_user_0067,2025,High Energy Physics,POSTDOC
synthetic_repo_018,synthetic_user_0121,2025,High Energy Physics,FACULTY
synthetic_repo_018,synthetic_user_0162,2025,High Energy Physics,PROSTAFF
synthetic_repo_018,synthetic_user_0265,2025,High Energy Physics,PROSTAFF
synthetic_repo_018,synthetic_user_0335,2025,High Energy Physics,POSTDOC
synthetic_repo_018,synthetic_user_0347,2025,High Energy Physics,GRADUATE
synthetic_repo_018,synthetic_user_0380,2025,High Energy Physics,POSTDOC
synthetic_repo_018,synthetic_user_0427,2025,High Energy Physics,GRADUATE
synthetic_repo_018,synthetic_user_0429,2025,High Energy Physics,SCIENTST
synthetic_repo_018,synthetic_user_0430,2025,High Energy Physics,FACULTY
synthetic_repo_018,synthetic_user_0434,2025,High Energy Physics,POSTDOC
synthetic_repo_018,synthetic_user_0450,2025,High Energy Physics,FACULTY
synthetic_repo_018,synthetic_user_0474,2025,High Energy Physics,OTHER
synthetic_repo_018,synthetic_user_0488,2025,High Energy Physics,FACULTY
synthetic_repo_018,synthetic_user_0594,2025,High Energy Physics,POSTDOC
synthetic_repo_018,synthetic_user_0667,2025,High Energy Physics,SCIENTST
synthetic_repo_018,synthetic_user_0682,2025,High Energy Physics,POSTDOC
synthetic_repo_018,synthetic_user_0866,2025,High Energy Physics,PROSTAFF
synthetic_repo_018,synthetic_user_0915,2025,High Energy Physics,POSTDOC
synthetic_repo_018,synthetic_user_1039,2025,High Energy Physics,POSTDOC
synthetic_repo_018,synthetic_user_1058,2025,High Energy Physics,SCIENTST
synthetic_repo_018,synthetic_user_1098,2025,High Energy Physics,GRADUATE
synthetic_repo_019,synthetic_user_0159,2025,High Energy Physics,GRADUATE
synthetic_repo_019,synthetic_user_0162,2025,High Energy Physics,PROSTAFF
synthetic_repo_019,synthetic_user_0176,2025,High Energy Physics,OTHER
synthetic_repo_019,synthetic_user_0179,2025,High Energy Physics,PROSTAFF
synthetic_repo_019,synthetic_user_0224,2025,High Energy Physics,POSTDOC
synthetic_repo_019,synthetic_user_0325,2025,High Energy Physics,SCIENTST
synthetic_repo_019,synthetic_user_0341,2025,High Energy Physics,PROSTAFF
synthetic_repo_019,synthetic_user_0380,2025,High Energy Physics,POSTDOC
synthetic_repo_019,synthetic_user_0390,2025,High Energy Physics,GRADUATE
synthetic_repo_019,synthetic_user_0427,2025,High Energy Physics,GRADUATE
synthetic_repo_019,synthetic_user_0450,2025,High Energy Physics,FACULTY
synthetic_repo_019,synthetic_user_0474,2025,High Energy Physics,OTHER
synthetic_repo_019,synthetic_user_0475,2025,High Energy Physics,GRADUATE
synthetic_repo_019,synthetic_user_0488,2025,High Energy Physics,FACULTY
synthetic_repo_019,synthetic_user_0519,2025,High Energy Physics,PROSTAFF
synthetic_repo_019,synthetic_user_0529,2025,High Energy Physics,POSTDOC
synthetic_repo_019,synthetic_user_0618,2025,High Energy Physics,POSTDOC
synthetic_repo_019,synthetic_user_0635,2025,High Energy Physics,SCIENTST
synthetic_repo_019,synthetic_user_0642,2025,High Energy Physics,SCIENTST
synthetic_repo_019,synthetic_user_0665,2025,High Energy Physics,GRADUATE
synthetic_repo_019,synthetic_user_0667,2025,High Energy Physics,SCIENTST
synthetic_repo_019,synthetic_user_0682,2025,High Energy Physics,POSTDOC
synthetic_repo_019,synthetic_user_0713,2025,High Energy Physics,OTHER
synthetic_repo_019,synthetic_user_0751,2025,High Energy Physics,FACULTY
synthetic_repo_019,synthetic_user_0898,2025,High Energy Physics,POSTDOC
synthetic_repo_019,synthetic_user_0915,2025,High Energy Physics,POSTDOC
synthetic_repo_019,synthetic_user_0933,2025,High Energy Physics,GRADUATE
synthetic_repo_019,synthetic_user_0965,2025,High Energy Physics,GRADUATE
synthetic_repo_019,synthetic_user_1020,2025,High Energy Physics,GRADUATE
synthetic_repo_019,synthetic_user_1039,2025,High Energy Physics,POSTDOC
synthetic_repo_019,synthetic_user_1058,2025,High Energy Physics,SCIENTST
synthetic_repo_019,synthetic_user_1098,2025,High Energy Physics,GRADUATE
synthetic_repo_019,synthetic_user_1101,2025,High Energy Physics,POSTDOC
synthetic_repo_020,synthetic_user_0067,2025,High Energy Physics,POSTDOC
synthetic_repo_020,synthetic_user_0070,2025,High Energy Physics,UNDRGRAD
synthetic_repo_020,synthetic_user_0159,2025,High Energy Physics,GRADUATE
synthetic_repo_020,synthetic_user_0162,2025,High Energy Physics,PROSTAFF
synthetic_repo_020,synthetic_user_0176,2025,High Energy Physics,OTHER
synthetic_repo_020,synthetic_user_0178,2025,High Energy Physics,UNDRGRAD
synthetic_repo_020,synthetic_user_0179,2025,High Energy Physics,PROSTAFF
synthetic_repo_020,synthetic_user_0224,2025,High Energy Physics,POSTDOC
synthetic_repo_020,synthetic_user_0259,2025,High Energy Physics,FACULTY
synthetic_repo_020,synthetic_user_0279,2025,High Energy Physics,GRADUATE
synthetic_repo_020,synthetic_user_0318,2025,High Energy Physics,GRADUATE
synthetic_repo_020,synthetic_user_0324,2025,High Energy Physics,UNDRGRAD
synthetic_repo_020,synthetic_user_0325,2025,High Energy Physics,SCIENTST
synthetic_repo_020,synthetic_user_0335,2025,High Energy Physics,POSTDOC
synthetic_repo_020,synthetic_user_0347,2025,High Energy Physics,GRADUATE
synthetic_repo_020,synthetic_user_0380,2025,High Energy Physics,POSTDOC
synthetic_repo_020,synthetic_user_0390,2025,High Energy Physics,GRADUATE
synthetic_repo_020,synthetic_user_0427,2025,High Energy Physics,GRADUATE
synthetic_repo_020,synthetic_user_0429,2025,High Energy Physics,SCIENTST
synthetic_repo_020,synthetic_user_0430,2025,High Energy Physics,FACULTY
synthetic_repo_020,synthetic_user_0450,2025,High Energy Physics,FACULTY
synthetic_repo_020,synthetic_user_0474,2025,High Energy Physics,OTHER
synthetic_repo_020,synthetic_user_0475,2025,High Energy Physics,GRADUATE
synthetic_repo_020,synthetic_user_0488,2025,High Energy Physics,FACULTY
synthetic_repo_020,synthetic_user_0529,2025,High Energy Physics,POSTDOC
synthetic_repo_020,synthetic_user_0537,2025,High Energy Physics,SCIENTST
synthetic_repo_020,synthetic_user_0563,2025,High Energy Physics,POSTDOC
synthetic_repo_020,synthetic_user_0594,2025,High Energy Physics,POSTDOC
synthetic_repo_020,synthetic_user_0618,2025,High Energy Physics,POSTDOC
synthetic_repo_020,synthetic_user_0620,2025,High Energy Physics,PROSTAFF
synthetic_repo_020,synthetic_user_0635,2025,High Energy Physics,SCIENTST
synthetic_repo_020,synthetic_user_0642,2025,High Energy Physics,SCIENTST
synthetic_repo_020,synthetic_user_0643,2025,High Energy Physics,UNDRGRAD
synthetic_repo_020,synthetic_user_0665,2025,High Energy Physics,GRADUATE
synthetic_repo_020,synthetic_user_0667,2025,High Energy Physics,SCIENTST
synthetic_repo_020,synthetic_user_0682,2025,High Energy Physics,POSTDOC
synthetic_repo_020,synthetic_user_0713,2025,High Energy Physics,OTHER
synthetic_repo_020,synthetic_user_0751,2025,High Energy Physics,FACULTY
synthetic_repo_020,synthetic_user_0775,2025,High Energy Physics,PROSTAFF
synthetic_repo_020,synthetic_user_0833,2025,High Energy Physics,POSTDOC
synthetic_repo_020,synthetic_user_0915,2025,High Energy Physics,POSTDOC
synthetic_repo_020,synthetic_user_0919,2025,High Energy Physics,POSTDOC
synthetic_repo_020,synthetic_user_0933,2025,High Energy Physics,GRADUATE
synthetic_repo_020,synthetic_user_0965,2025,High Energy Physics,GRADUATE
synthetic_repo_020,synthetic_user_1029,2025,High Energy Physics,SCIENTST
synthetic_repo_020,synthetic_user_1039,2025,High Energy Physics,POSTDOC
synthetic_repo_020,synthetic_user_1058,2025,High Energy Physics,SCIENTST
synthetic_repo_020,synthetic_user_1077,2025,High Energy Physics,FACULTY
synthetic_repo_020,synthetic_user_1098,2025,High Energy Physics,GRADUATE
synthetic_repo_020,synthetic_user_1101,2025,High Energy Physics,POSTDOC
synthetic_repo_020,synthetic_user_1117,2025,High Energy Physics,OTHER
synthetic_repo_020,synthetic_user_1161,2025,High Energy Physics,PROSTAFF
synthetic_repo_021,synthetic_user_0130,2025,NERSC Directors Reserve,GRADUATE
synthetic_repo_021,synthetic_user_0269,2025,NERSC Directors Reserve,FACULTY
synthetic_repo_021,synthetic_user_0278,2025,NERSC Directors Reserve,PROSTAFF
synthetic_repo_021,synthetic_user_1111,2025,NERSC Directors Reserve,GRADUATE
synthetic_repo_021,synthetic_user_1155,2025,NERSC Directors Reserve,PROSTAFF
synthetic_repo_023,synthetic_user_0400,2025,NERSC Directors Reserve,PROSTAFF
synthetic_repo_023,synthetic_user_0477,2025,NERSC Directors Reserve,GRADUATE
synthetic_repo_023,synthetic_user_0554,2025,NERSC Directors Reserve,SCIENTST
synthetic_repo_023,synthetic_user_0582,2025,NERSC Directors Reserve,SCIENTST
synthetic_repo_023,synthetic_user_0977,2025,NERSC Directors Reserve,PROSTAFF
synthetic_repo_023,synthetic_user_1036,2025,NERSC Directors Reserve,NONE
synthetic_repo_023,synthetic_user_1111,2025,NERSC Directors Reserve,GRADUATE
synthetic_repo_023,synthetic_user_1155,2025,NERSC Directors Reserve,PROSTAFF
synthetic_repo_025,synthetic_user_0106,2025,NERSC Directors Reserve,GRADUATE
synthetic_repo_025,synthetic_user_0185,2025,NERSC Directors Reserve,UNDRGRAD
synthetic_repo_025,synthetic_user_0252,2025,NERSC Directors Reserve,SCIENTST
synthetic_repo_025,synthetic_user_0400,2025,NERSC Directors Reserve,PROSTAFF
synthetic_repo_025,synthetic_user_0535,2025,NERSC Directors Reserve,FACULTY
synthetic_repo_025,synthetic_user_0722,2025,NERSC Directors Reserve,POSTDOC
synthetic_repo_025,synthetic_user_0850,2025,NERSC Directors Reserve,POSTDOC
synthetic_repo_025,synthetic_user_0907,2025,NERSC Directors Reserve,PROSTAFF
synthetic_repo_025,synthetic_user_0935,2025,NERSC Directors Reserve,POSTDOC
synthetic_repo_025,synthetic_user_0960,2025,NERSC Directors Reserve,NONE
synthetic_repo_025,synthetic_user_0998,2025,NERSC Directors Reserve,SCIENTST
synthetic_repo_025,synthetic_user_1155,2025,NERSC Directors Reserve,PROSTAFF
synthetic_repo_026,synthetic_user_0130,2025,NERSC Directors Reserve,GRADUATE
synthetic_repo_026,synthetic_user_0251,2025,NERSC Directors Reserve,GRADUATE
synthetic_repo_026,synthetic_user_0278,2025,NERSC Directors Reserve,PROSTAFF
synthetic_repo_026,synthetic_user_0400,2025,NERSC Directors Reserve,PROSTAFF
synthetic_repo_026,synthetic_user_0483,2025,NERSC Directors Reserve,SCIENTST
synthetic_repo_026,synthetic_user_0554,2025,NERSC Directors Reserve,SCIENTST
synthetic_repo_026,synthetic_user_0582,2025,NERSC Directors Reserve,SCIENTST
synthetic_repo_026,synthetic_user_0719,2025,NERSC Directors Reserve,SCIENTST
synthetic_repo_026,synthetic_user_0850,2025,NERSC Directors Reserve,POSTDOC
synthetic_repo_026,synthetic_user_0907,2025,NERSC Directors Reserve,PROSTAFF
synthetic_repo_026,synthetic_user_0935,2025,NERSC Directors Reserve,POSTDOC
synthetic_repo_026,synthetic_user_1070,2025,NERSC Directors Reserve,SCIENTST
synthetic_repo_026,synthetic_user_1111,2025,NERSC Directors Reserve,GRADUATE
synthetic_repo_026,synthetic_user_1155,2025,NERSC Directors Reserve,PROSTAFF
synthetic_repo_027,synthetic_user_0080,2025,NERSC Directors Reserve,GRADUATE
synthetic_repo_027,synthetic_user_0130,2025,NERSC Directors Reserve,GRADUATE
synthetic_repo_027,synthetic_user_0185,2025,NERSC Directors Reserve,UNDRGRAD
synthetic_repo_027,synthetic_user_0269,2025,NERSC Directors Reserve,FACULTY
synthetic_repo_027,synthetic_user_0278,2025,NERSC Directors Reserve,PROSTAFF
synthetic_repo_027,synthetic_user_0477,2025,NERSC Directors Reserve,GRADUATE
synthetic_repo_027,synthetic_user_0535,2025,NERSC Directors Reserve,FACULTY
synthetic_repo_027,synthetic_user_0554,2025,NERSC Directors Reserve,SCIENTST
synthetic_repo_027,synthetic_user_0582,2025,NERSC Directors Reserve,SCIENTST
synthetic_repo_027,synthetic_user_0668,2025,NERSC Directors Reserve,UNDRGRAD
synthetic_repo_027,synthetic_user_0751,2025,NERSC Directors Reserve,FACULTY
synthetic_repo_027,synthetic_user_0824,2025,NERSC Directors Reserve,GRADUATE
synthetic_repo_027,synthetic_user_0826,2025,NERSC Directors Reserve,POSTDOC
synthetic_repo_027,synthetic_user_0907,2025,NERSC Directors Reserve,PROSTAFF
synthetic_repo_027,synthetic_user_0996,2025,NERSC Directors Reserve,SCIENTST
synthetic_repo_027,synthetic_user_0998,2025,NERSC Directors Reserve,SCIENTST
synthetic_repo_027,synthetic_user_1036,2025,NERSC Directors Reserve,NONE
synthetic_repo_027,synthetic_user_1052,2025,NERSC Directors Reserve,SCIENTST
synthetic_repo_027,synthetic_user_1111,2025,NERSC Directors Reserve,GRADUATE
synthetic_repo_027,synthetic_user_1155,2025,NERSC Directors Reserve,PROSTAFF
synthetic_repo_028,synthetic_user_0071,2025,NERSC Directors Reserve,GRADUATE
synthetic_repo_028,synthetic_user_0077,2025,NERSC Directors Reserve,POSTDOC
synthetic_repo_028,synthetic_user_0080,2025,NERSC Directors Reserve,GRADUATE
synthetic_repo_028,synthetic_user_0106,2025,NERSC Directors Reserve,GRADUATE
synthetic_repo_028,synthetic_user_0130,2025,NERSC Directors Reserve,GRADUATE
synthetic_repo_028,synthetic_user_0185,2025,NERSC Directors Reserve,UNDRGRAD
synthetic_repo_028,synthetic_user_0233,2025,NERSC Directors Reserve,PROSTAFF
synthetic_repo_028,synthetic_user_0251,2025,NERSC Directors Reserve,GRADUATE
synthetic_repo_028,synthetic_user_0278,2025,NERSC Directors Reserve,PROSTAFF
synthetic_repo_028,synthetic_user_0282,2025,NERSC Directors Reserve,SCIENTST
synthetic_repo_028,synthetic_user_0400,2025,NERSC Directors Reserve,PROSTAFF
synthetic_repo_028,synthetic_user_0545,2025,NERSC Directors Reserve,OTHER
synthetic_repo_028,synthetic_user_0554,2025,NERSC Directors Reserve,SCIENTST
synthetic_repo_028,synthetic_user_0582,2025,NERSC Directors Reserve,SCIENTST
synthetic_repo_028,synthetic_user_0751,2025,NERSC Directors Reserve,FACULTY
synthetic_repo_028,synthetic_user_0850,2025,NERSC Directors Reserve,POSTDOC
synthetic_repo_028,synthetic_user_0907,2025,NERSC Directors Reserve,PROSTAFF
synthetic_repo_028,synthetic_user_0935,2025,NERSC Directors Reserve,POSTDOC
synthetic_repo_028,synthetic_user_0960,2025,NERSC Directors Reserve,NONE
synthetic_repo_028,synthetic_user_0998,2025,NERSC Directors Reserve,SCIENTST
synthetic_repo_028,synthetic_user_1052,2025,NERSC Directors Reserve,SCIENTST
synthetic_repo_028,synthetic_user_1111,2025,NERSC Directors Reserve,GRADUATE
synthetic_repo_028,synthetic_user_1142,2025,NERSC Directors Reserve,SCIENTST
synthetic_repo_028,synthetic_user_1155,2025,NERSC Directors Reserve,PROSTAFF
synthetic_repo_029,synthetic_user_0003,2025,NERSC Directors Reserve,UNDRGRAD
synthetic_repo_029,synthetic_user_0080,2025,NERSC Directors Reserve,GRADUATE
synthetic_repo_029,synthetic_user_0130,2025,NERSC Directors Reserve,GRADUATE
synthetic_repo_029,synthetic_user_0185,2025,NERSC Directors Reserve,UNDRGRAD
synthetic_repo_029,synthetic_user_0188,2025,NERSC Directors Reserve,GRADUATE
synthetic_repo_029,synthetic_user_0251,2025,NERSC Directors Reserve,GRADUATE
synthetic_repo_029,synthetic_user_0252,2025,NERSC Directors Reserve,SCIENTST
synthetic_repo_029,synthetic_user_0269,2025,NERSC Directors Reserve,FACULTY
synthetic_repo_029,synthetic_user_0278,2025,NERSC Directors Reserve,PROSTAFF
synthetic_repo_029,synthetic_user_0291,2025,NERSC Directors Reserve,FACULTY
synthetic_repo_029,synthetic_user_0332,2025,NERSC Directors Reserve,SCIENTST
synthetic_repo_029,synthetic_user_0346,2025,NERSC Directors Reserve,GRADUATE
synthetic_repo_029,synthetic_user_0400,2025,NERSC Directors Reserve,PROSTAFF
synthetic_repo_029,synthetic_user_0475,2025,NERSC Directors Reserve,GRADUATE
synthetic_repo_029,synthetic_user_0477,2025,NERSC Directors Reserve,GRADUATE
synthetic_repo_029,synthetic_user_0512,2025,NERSC Directors Reserve,SCIENTST
synthetic_repo_029,synthetic_user_0525,2025,NERSC Directors Reserve,UNDRGRAD
synthetic_repo_029,synthetic_user_0535,2025,NERSC Directors Reserve,FACULTY
synthetic_repo_029,synthetic_user_0545,2025,NERSC Directors Reserve,OTHER
synthetic_repo_029,synthetic_user_0575,2025,NERSC Directors Reserve,SCIENTST
synthetic_repo_029,synthetic_user_0582,2025,NERSC Directors Reserve,SCIENTST
synthetic_repo_029,synthetic_user_0668,2025,NERSC Directors Reserve,UNDRGRAD
synthetic_repo_029,synthetic_user_0676,2025,NERSC Directors Reserve,POSTDOC
synthetic_repo_029,synthetic_user_0722,2025,NERSC Directors Reserve,POSTDOC
synthetic_repo_029,synthetic_user_0826,2025,NERSC Directors Reserve,POSTDOC
synthetic_repo_029,synthetic_user_0850,2025,NERSC Directors Reserve,POSTDOC
synthetic_repo_029,synthetic_user_0907,2025,NERSC Directors Reserve,PROSTAFF
synthetic_repo_029,synthetic_user_0935,2025,NERSC Directors Reserve,POSTDOC
synthetic_repo_029,synthetic_user_0960,2025,NERSC Directors Reserve,NONE
synthetic_repo_029,synthetic_user_0977,2025,NERSC Directors Reserve,PROSTAFF
synthetic_repo_029,synthetic_user_0996,2025,NERSC Directors Reserve,SCIENTST
synthetic_repo_029,synthetic_user_0998,2025,NERSC Directors Reserve,SCIENTST
synthetic_repo_029,synthetic_user_1048,2025,NERSC Directors Reserve,POSTDOC
synthetic_repo_029,synthetic_user_1052,2025,NERSC Directors Reserve,SCIENTST
synthetic_repo_029,synthetic_user_1069,2025,NERSC Directors Reserve,UNDRGRAD
synthetic_repo_029,synthetic_user_1070,2025,NERSC Directors Reserve,SCIENTST
synthetic_repo_029,synthetic_user_1111,2025,NERSC Directors Reserve,GRADUATE
synthetic_repo_029,synthetic_user_1155,2025,NERSC Directors Reserve,PROSTAFF
synthetic_repo_030,synthetic_user_0003,2025,NERSC Directors Reserve,UNDRGRAD
synthetic_repo_030,synthetic_user_0080,2025,NERSC Directors Reserve,GRADUATE
synthetic_repo_030,synthetic_user_0106,2025,NERSC Directors Reserve,GRADUATE
synthetic_repo_030,synthetic_user_0130,2025,NERSC Directors Reserve,GRADUATE
synthetic_repo_030,synthetic_user_0153,2025,NERSC Directors Reserve,PROSTAFF
synthetic_repo_030,synthetic_user_0185,2025,NERSC Directors Reserve,UNDRGRAD
synthetic_repo_030,synthetic_user_0188,2025,NERSC Directors Reserve,GRADUATE
synthetic_repo_030,synthetic_user_0251,2025,NERSC Directors Reserve,GRADUATE
synthetic_repo_030,synthetic_user_0252,2025,NERSC Directors Reserve,SCIENTST
synthetic_repo_030,synthetic_user_0269,2025,NERSC Directors Reserve,FACULTY
synthetic_repo_030,synthetic_user_0278,2025,NERSC Directors Reserve,PROSTAFF
synthetic_repo_030,synthetic_user_0332,2025,NERSC Directors Reserve,SCIENTST
synthetic_repo_030,synthetic_user_0346,2025,NERSC Directors Reserve,GRADUATE
synthetic_repo_030,synthetic_user_0400,2025,NERSC Directors Reserve,PROSTAFF
synthetic_repo_030,synthetic_user_0419,2025,NERSC Directors Reserve,SCIENTST
synthetic_repo_030,synthetic_user_0475,2025,NERSC Directors Reserve,GRADUATE
synthetic_repo_030,synthetic_user_0477,2025,NERSC Directors Reserve,GRADUATE
synthetic_repo_030,synthetic_user_0483,2025,NERSC Directors Reserve,SCIENTST
synthetic_repo_030,synthetic_user_0501,2025,NERSC Directors Reserve,FACULTY
synthetic_repo_030,synthetic_user_0512,2025,NERSC Directors Reserve,SCIENTST
synthetic_repo_030,synthetic_user_0525,2025,NERSC Directors Reserve,UNDRGRAD
synthetic_repo_030,synthetic_user_0545,2025,NERSC Directors Reserve,OTHER
synthetic_repo_030,synthetic_user_0554,2025,NERSC Directors Reserve,SCIENTST
synthetic_repo_030,synthetic_user_0575,2025,NERSC Directors Reserve,SCIENTST
synthetic_repo_030,synthetic_user_0578,2025,NERSC Directors Reserve,GRADUATE
synthetic_repo_030,synthetic_user_0582,2025,NERSC Directors Reserve,SCIENTST
synthetic_repo_030,synthetic_user_0668,2025,NERSC Directors Reserve,UNDRGRAD
synthetic_repo_030,synthetic_user_0676,2025,NERSC Directors Reserve,POSTDOC
synthetic_repo_030,synthetic_user_0679,2025,NERSC Directors Reserve,SCIENTST
synthetic_repo_030,synthetic_user_0719,2025,NERSC Directors Reserve,SCIENTST
synthetic_repo_030,synthetic_user_0722,2025,NERSC Directors Reserve,POSTDOC
synthetic_repo_030,synthetic_user_0751,2025,NERSC Directors Reserve,FACULTY
synthetic_repo_030,synthetic_user_0773,2025,NERSC Directors Reserve,SCIENTST
synthetic_repo_030,synthetic_user_0799,2025,NERSC Directors Reserve,PROSTAFF
synthetic_repo_030,synthetic_user_0826,2025,NERSC Directors Reserve,POSTDOC
synthetic_repo_030,synthetic_user_0850,2025,NERSC Directors Reserve,POSTDOC
synthetic_repo_030,synthetic_user_0907,2025,NERSC Directors Reserve,PROSTAFF
synthetic_repo_030,synthetic_user_0935,2025,NERSC Directors Reserve,POSTDOC
synthetic_repo_030,synthetic_user_0960,2025,NERSC Directors Reserve,NONE
synthetic_repo_030,synthetic_user_0996,2025,NERSC Directors Reserve,SCIENTST
synthetic_repo_030,synthetic_user_0998,2025,NERSC Directors Reserve,SCIENTST
synthetic_repo_030,synthetic_user_1011,2025,NERSC Directors Reserve,SCIENTST
synthetic_repo_030,synthetic_user_1048,2025,NERSC Directors Reserve,POSTDOC
synthetic_repo_030,synthetic_user_1052,2025,NERSC Directors Reserve,SCIENTST
synthetic_repo_030,synthetic_user_1069,2025,NERSC Directors Reserve,UNDRGRAD
synthetic_repo_030,synthetic_user_1070,2025,NERSC Directors Reserve,SCIENTST
synthetic_repo_030,synthetic_user_1111,2025,NERSC Directors Reserve,GRADUATE
synthetic_repo_030,synthetic_user_1142,2025,NERSC Directors Reserve,SCIENTST
synthetic_repo_030,synthetic_user_1144,2025,NERSC Directors Reserve,GRADUATE
synthetic_repo_030,synthetic_user_1155,2025,NERSC Directors Reserve,PROSTAFF
synthetic_repo_031,synthetic_user_0068,2025,Biological and Environmental Research,FACULTY
synthetic_repo_031,synthetic_user_0085,2025,Biological and Environmental Research,GRADUATE
synthetic_repo_031,synthetic_user_0156,2025,Biological and Environmental Research,PROSTAFF
synthetic_repo_031,synthetic_user_0533,2025,Biological and Environmental Research,OTHER
synthetic_repo_031,synthetic_user_0538,2025,Biological and Environmental Research,POSTDOC
synthetic_repo_031,synthetic_user_0623,2025,Biological and Environmental Research,POSTDOC
synthetic_repo_031,synthetic_user_0799,2025,Biological and Environmental Research,PROSTAFF
synthetic_repo_033,synthetic_user_0013,2025,Biological and Environmental Research,OTHER
synthetic_repo_033,synthetic_user_0099,2025,Biological and Environmental Research,GRADUATE
synthetic_repo_033,synthetic_user_0490,2025,Biological and Environmental Research,PROSTAFF
synthetic_repo_033,synthetic_user_0538,2025,Biological and Environmental Research,POSTDOC
synthetic_repo_033,synthetic_user_0540,2025,Biological and Environmental Research,GRADUATE
synthetic_repo_033,synthetic_user_0623,2025,Biological and Environmental Research,POSTDOC
synthetic_repo_033,synthetic_user_0793,2025,Biological and Environmental Research,POSTDOC
synthetic_repo_035,synthetic_user_0013,2025,Biological and Environmental Research,OTHER
synthetic_repo_035,synthetic_user_0085,2025,Biological and Environmental Research,GRADUATE
synthetic_repo_035,synthetic_user_0156,2025,Biological and Environmental Research,PROSTAFF
synthetic_repo_035,synthetic_user_0268,2025,Biological and Environmental Research,GRADUATE
synthetic_repo_035,synthetic_user_0416,2025,Biological and Environmental Research,GRADUATE
synthetic_repo_035,synthetic_user_0469,2025,Biological and Environmental Research,GRADUATE
synthetic_repo_035,synthetic_user_0490,2025,Biological and Environmental Research,PROSTAFF
synthetic_repo_035,synthetic_user_0533,2025,Biological and Environmental Research,OTHER
synthetic_repo_035,synthetic_user_0538,2025,Biological and Environmental Research,POSTDOC
synthetic_repo_035,synthetic_user_0540,2025,Biological and Environmental Research,GRADUATE
synthetic_repo_035,synthetic_user_0569,2025,Biological and Environmental Research,PROSTAFF
synthetic_repo_035,synthetic_user_0669,2025,Biological and Environmental Research,SCIENTST
synthetic_repo_035,synthetic_user_0674,2025,Biological and Environmental Research,SCIENTST
synthetic_repo_035,synthetic_user_0799,2025,Biological and Environmental Research,PROSTAFF
synthetic_repo_035,synthetic_user_1041,2025,Biological and Environmental Research,FACULTY
synthetic_repo_035,synthetic_user_1118,2025,Biological and Environmental Research,POSTDOC
synthetic_repo_035,synthetic_user_1129,2025,Biological and Environmental Research,SCIENTST
synthetic_repo_036,synthetic_user_0013,2025,Biological and Environmental Research,OTHER
synthetic_repo_036,synthetic_user_0156,2025,Biological and Environmental Research,PROSTAFF
synthetic_repo_036,synthetic_user_0182,2025,Biological and Environmental Research,PROSTAFF
synthetic_repo_036,synthetic_user_0220,2025,Biological and Environmental Research,NONE
synthetic_repo_036,synthetic_user_0298,2025,Biological and Environmental Research,PROSTAFF
synthetic_repo_036,synthetic_user_0424,2025,Biological and Environmental Research,PROSTAFF
synthetic_repo_036,synthetic_user_0453,2025,Biological and Environmental Research,SCIENTST
synthetic_repo_036,synthetic_user_0464,2025,Biological and Environmental Research,POSTDOC
synthetic_repo_036,synthetic_user_0470,2025,Biological and Environmental Research,PROSTAFF
synthetic_repo_036,synthetic_user_0533,2025,Biological and Environmental Research,OTHER
synthetic_repo_036,synthetic_user_0538,2025,Biological and Environmental Research,POSTDOC
synthetic_repo_036,synthetic_user_0569,2025,Biological and Environmental Research,PROSTAFF
synthetic_repo_036,synthetic_user_0623,2025,Biological and Environmental Research,POSTDOC
synthetic_repo_036,synthetic_user_0674,2025,Biological and Environmental Research,SCIENTST
synthetic_repo_036,synthetic_user_0847,2025,Biological and Environmental Research,SCIENTST
synthetic_repo_036,synthetic_user_1003,2025,Biological and Environmental Research,UNDRGRAD
synthetic_repo_036,synthetic_user_1118,2025,Biological and Environmental Research,POSTDOC
synthetic_repo_037,synthetic_user_0010,2025,Biological and Environmental Research,GRADUATE
synthetic_repo_037,synthetic_user_0013,2025,Biological and Environmental Research,OTHER
synthetic_repo_037,synthetic_user_0068,2025,Biological and Environmental Research,FACULTY
synthetic_repo_037,synthetic_user_0097,2025,Biological and Environmental Research,GRADUATE
synthetic_repo_037,synthetic_user_0099,2025,Biological and Environmental Research,GRADUATE
synthetic_repo_037,synthetic_user_0105,2025,Biological and Environmental Research,PROSTAFF
synthetic_repo_037,synthetic_user_0220,2025,Biological and Environmental Research,NONE
synthetic_repo_037,synthetic_user_0464,2025,Biological and Environmental Research,POSTDOC
synthetic_repo_037,synthetic_user_0469,2025,Biological and Environmental Research,GRADUATE
synthetic_repo_037,synthetic_user_0533,2025,Biological and Environmental Research,OTHER
synthetic_repo_037,synthetic_user_0538,2025,Biological and Environmental Research,POSTDOC
synthetic_repo_037,synthetic_user_0540,2025,Biological and Environmental Research,GRADUATE
synthetic_repo_037,synthetic_user_0591,2025,Biological and Environmental Research,PROSTAFF
synthetic_repo_037,synthetic_user_0623,2025,Biological and Environmental Research,POSTDOC
synthetic_repo_037,synthetic_user_0674,2025,Biological and Environmental Research,SCIENTST
synthetic_repo_037,synthetic_user_0793,2025,Biological and Environmental Research,POSTDOC
synthetic_repo_037,synthetic_user_0847,2025,Biological and Environmental Research,SCIENTST
synthetic_repo_037,synthetic_user_0904,2025,Biological and Environmental Research,GRADUATE
synthetic_repo_037,synthetic_user_1041,2025,Biological and Environmental Research,FACULTY
synthetic_repo_037,synthetic_user_1129,2025,Biological and Environmental Research,SCIENTST
synthetic_repo_037,synthetic_user_1165,2025,Biological and Environmental Research,FACULTY
synthetic_repo_038,synthetic_user_0013,2025,Biological and Environmental Research,OTHER
synthetic_repo_038,synthetic_user_0099,2025,Biological and Environmental Research,GRADUATE
synthetic_repo_038,synthetic_user_0105,2025,Biological and Environmental Research,PROSTAFF
synthetic_repo_038,synthetic_user_0220,2025,Biological and Environmental Research,NONE
synthetic_repo_038,synthetic_user_0268,2025,Biological and Environmental Research,GRADUATE
synthetic_repo_038,synthetic_user_0453,2025,Biological and Environmental Research,SCIENTST
synthetic_repo_038,synthetic_user_0464,2025,Biological and Environmental Research,POSTDOC
synthetic_repo_038,synthetic_user_0470,2025,Biological and Environmental Research,PROSTAFF
synthetic_repo_038,synthetic_user_0473,2025,Biological and Environmental Research,UNDRGRAD
synthetic_repo_038,synthetic_user_0490,2025,Biological and Environmental Research,PROSTAFF
synthetic_repo_038,synthetic_user_0512,2025,Biological and Environmental Research,SCIENTST
synthetic_repo_038,synthetic_user_0533,2025,Biological and Environmental Research,OTHER
synthetic_repo_038,synthetic_user_0538,2025,Biological and Environmental Research,POSTDOC
synthetic_repo_038,synthetic_user_0569,2025,Biological and Environmental Research,PROSTAFF
synthetic_repo_038,synthetic_user_0589,2025,Biological and Environmental Research,PROSTAFF
synthetic_repo_038,synthetic_user_0623,2025,Biological and Environmental Research,POSTDOC
synthetic_repo_038,synthetic_user_0669,2025,Biological and Environmental Research,SCIENTST
synthetic_repo_038,synthetic_user_0674,2025,Biological and Environmental Research,SCIENTST
synthetic_repo_038,synthetic_user_0847,2025,Biological and Environmental Research,SCIENTST
synthetic_repo_038,synthetic_user_0904,2025,Biological and Environmental Research,GRADUATE
synthetic_repo_038,synthetic_user_0916,2025,Biological and Environmental Research,UNDRGRAD
synthetic_repo_038,synthetic_user_1129,2025,Biological and Environmental Research,SCIENTST
synthetic_repo_038,synthetic_user_1165,2025,Biological and Environmental Research,FACULTY
synthetic_repo_039,synthetic_user_0013,2025,Biological and Environmental Research,OTHER
synthetic_repo_039,synthetic_user_0068,2025,Biological and Environmental Research,FACULTY
synthetic_repo_039,synthetic_user_0085,2025,Biological and Environmental Research,GRADUATE
synthetic_repo_039,synthetic_user_0099,2025,Biological and Environmental Research,GRADUATE
synthetic_repo_039,synthetic_user_0105,2025,Biological and Environmental Research,PROSTAFF
synthetic_repo_039,synthetic_user_0156,2025,Biological and Environmental Research,PROSTAFF
synthetic_repo_039,synthetic_user_0220,2025,Biological and Environmental Research,NONE
synthetic_repo_039,synthetic_user_0268,2025,Biological and Environmental Research,GRADUATE
synthetic_repo_039,synthetic_user_0354,2025,Biological and Environmental Research,SCIENTST
synthetic_repo_039,synthetic_user_0416,2025,Biological and Environmental Research,GRADUATE
synthetic_repo_039,synthetic_user_0464,2025,Biological and Environmental Research,POSTDOC
synthetic_repo_039,synthetic_user_0469,2025,Biological and Environmental Research,GRADUATE
synthetic_repo_039,synthetic_user_0470,2025,Biological and Environmental Research,PROSTAFF
synthetic_repo_039,synthetic_user_0473,2025,Biological and Environmental Research,UNDRGRAD
synthetic_repo_039,synthetic_user_0476,2025,Biological and Environmental Research,GRADUATE
synthetic_repo_039,synthetic_user_0490,2025,Biological and Environmental Research,PROSTAFF
synthetic_repo_039,synthetic_user_0512,2025,Biological and Environmental Research,SCIENTST
synthetic_repo_039,synthetic_user_0532,2025,Biological and Environmental Research,GRADUATE
synthetic_repo_039,synthetic_user_0533,2025,Biological and Environmental Research,OTHER
synthetic_repo_039,synthetic_user_0538,2025,Biological and Environmental Research,POSTDOC
synthetic_repo_039,synthetic_user_0540,2025,Biological and Environmental Research,GRADUATE
synthetic_repo_039,synthetic_user_0569,2025,Biological and Environmental Research,PROSTAFF
synthetic_repo_039,synthetic_user_0591,2025,Biological and Environmental Research,PROSTAFF
synthetic_repo_039,synthetic_user_0597,2025,Biological and Environmental Research,OTHER
synthetic_repo_039,synthetic_user_0623,2025,Biological and Environmental Research,POSTDOC
synthetic_repo_039,synthetic_user_0669,2025,Biological and Environmental Research,SCIENTST
synthetic_repo_039,synthetic_user_0674,2025,Biological and Environmental Research,SCIENTST
synthetic_repo_039,synthetic_user_0705,2025,Biological and Environmental Research,SCIENTST
synthetic_repo_039,synthetic_user_0793,2025,Biological and Environmental Research,POSTDOC
synthetic_repo_039,synthetic_user_0799,2025,Biological and Environmental Research,PROSTAFF
synthetic_repo_039,synthetic_user_0845,2025,Biological and Environmental Research,SCIENTST
synthetic_repo_039,synthetic_user_0847,2025,Biological and Environmental Research,SCIENTST
synthetic_repo_039,synthetic_user_0866,2025,Biological and Environmental Research,PROSTAFF
synthetic_repo_039,synthetic_user_0873,2025,Biological and Environmental Research,GRADUATE
synthetic_repo_039,synthetic_user_0893,2025,Biological and Environmental Research,GRADUATE
synthetic_repo_039,synthetic_user_0916,2025,Biological and Environmental Research,UNDRGRAD
synthetic_repo_039,synthetic_user_1118,2025,Biological and Environmental Research,POSTDOC
synthetic_repo_039,synthetic_user_1129,2025,Biological and Environmental Research,SCIENTST
synthetic_repo_039,synthetic_user_1184,2025,Biological and Environmental Research,FACULTY
synthetic_repo_039,synthetic_user_1191,2025,Biological and Environmental Research,SCIENTST
synthetic_repo_040,synthetic_user_0001,2025,Biological and Environmental Research,POSTDOC
synthetic_repo_040,synthetic_user_0013,2025,Biological and Environmental Research,OTHER
synthetic_repo_040,synthetic_user_0068,2025,Biological and Environmental Research,FACULTY
synthetic_repo_040,synthetic_user_0085,2025,Biological and Environmental Research,GRADUATE
synthetic_repo_040,synthetic_user_0097,2025,Biological and Environmental Research,GRADUATE
synthetic_repo_040,synthetic_user_0099,2025,Biological and Environmental Research,GRADUATE
synthetic_repo_040,synthetic_user_0105,2025,Biological and Environmental Research,PROSTAFF
synthetic_repo_040,synthetic_user_0109,2025,Biological and Environmental Research,UNDRGRAD
synthetic_repo_040,synthetic_user_0156,2025,Biological and Environmental Research,PROSTAFF
synthetic_repo_040,synthetic_user_0163,2025,Biological and Environmental Research,GRADUATE
synthetic_repo_040,synthetic_user_0220,2025,Biological and Environmental Research,NONE
synthetic_repo_040,synthetic_user_0268,2025,Biological and Environmental Research,GRADUATE
synthetic_repo_040,synthetic_user_0284,2025,Biological and Environmental Research,GRADUATE
synthetic_repo_040,synthetic_user_0352,2025,Biological and Environmental Research,OTHER
synthetic_repo_040,synthetic_user_0412,2025,Biological and Environmental Research,PROSTAFF
synthetic_repo_040,synthetic_user_0416,2025,Biological and Environmental Research,GRADUATE
synthetic_repo_040,synthetic_user_0424,2025,Biological and Environmental Research,PROSTAFF
synthetic_repo_040,synthetic_user_0444,2025,Biological and Environmental Research,POSTDOC
synthetic_repo_040,synthetic_user_0453,2025,Biological and Environmental Research,SCIENTST
synthetic_repo_040,synthetic_user_0464,2025,Biological and Environmental Research,POSTDOC
synthetic_repo_040,synthetic_user_0469,2025,Biological and Environmental Research,GRADUATE
synthetic_repo_040,synthetic_user_0470,2025,Biological and Environmental Research,PROSTAFF
synthetic_repo_040,synthetic_user_0473,2025,Biological and Environmental Research,UNDRGRAD
synthetic_repo_040,synthetic_user_0476,2025,Biological and Environmental Research,GRADUATE
synthetic_repo_040,synthetic_user_0490,2025,Biological and Environmental Research,PROSTAFF
synthetic_repo_040,synthetic_user_0512,2025,Biological and Environmental Research,SCIENTST
synthetic_repo_040,synthetic_user_0532,2025,Biological and Environmental Research,GRADUATE
synthetic_repo_040,synthetic_user_0533,2025,Biological and Environmental Research,OTHER
synthetic_repo_040,synthetic_user_0538,2025,Biological and Environmental Research,POSTDOC
synthetic_repo_040,synthetic_user_0540,2025,Biological and Environmental Research,GRADUATE
synthetic_repo_040,synthetic_user_0569,2025,Biological and Environmental Research,PROSTAFF
synthetic_repo_040,synthetic_user_0589,2025,Biological and Environmental Research,PROSTAFF
synthetic_repo_040,synthetic_user_0591,2025,Biological and Environmental Research,PROSTAFF
synthetic_repo_040,synthetic_user_0597,2025,Biological and Environmental Research,OTHER
synthetic_repo_040,synthetic_user_0623,2025,Biological and Environmental Research,POSTDOC
synthetic_repo_040,synthetic_user_0669,2025,Biological and Environmental Research,SCIENTST
synthetic_repo_040,synthetic_user_0674,2025,Biological and Environmental Research,SCIENTST
synthetic_repo_040,synthetic_user_0705,2025,Biological and Environmental Research,SCIENTST
synthetic_repo_040,synthetic_user_0754,2025,Biological and Environmental Research,POSTDOC
synthetic_repo_040,synthetic_user_0812,2025,Biological and Environmental Research,SCIENTST
synthetic_repo_040,synthetic_user_0829,2025,Biological and Environmental Research,POSTDOC
synthetic_repo_040,synthetic_user_0847,2025,Biological and Environmental Research,SCIENTST
synthetic_repo_040,synthetic_user_0866,2025,Biological and Environmental Research,PROSTAFF
synthetic_repo_040,synthetic_user_0873,2025,Biological and Environmental Research,GRADUATE
synthetic_repo_040,synthetic_user_0904,2025,Biological and Environmental Research,GRADUATE
synthetic_repo_040,synthetic_user_0916,2025,Biological and Environmental Research,UNDRGRAD
synthetic_repo_040,synthetic_user_1129,2025,Biological and Environmental Research,SCIENTST
synthetic_repo_040,synthetic_user_1165,2025,Biological and Environmental Research,FACULTY
synthetic_repo_040,synthetic_user_1184,2025,Biological and Environmental Research,FACULTY
synthetic_repo_040,synthetic_user_1190,2025,Biological and Environmental Research,FACULTY
synthetic_repo_040,synthetic_user_1191,2025,Biological and Environmental Research,SCIENTST
synthetic_repo_041,synthetic_user_0147,2025,Advanced Scientific Computing Research,FACULTY
synthetic_repo_041,synthetic_user_0241,2025,Advanced Scientific Computing Research,GRADUATE
synthetic_repo_041,synthetic_user_0402,2025,Advanced Scientific Computing Research,GRADUATE
synthetic_repo_041,synthetic_user_0502,2025,Advanced Scientific Computing Research,FACULTY
synthetic_repo_041,synthetic_user_0984,2025,Advanced Scientific Computing Research,OTHER
synthetic_repo_043,synthetic_user_0038,2025,Advanced Scientific Computing Research,UNDRGRAD
synthetic_repo_043,synthetic_user_0102,2025,Advanced Scientific Computing Research,FACULTY
synthetic_repo_043,synthetic_user_0276,2025,Advanced Scientific Computing Research,GRADUATE
synthetic_repo_043,synthetic_user_0336,2025,Advanced Scientific Computing Research,POSTDOC
synthetic_repo_043,synthetic_user_0402,2025,Advanced Scientific Computing Research,GRADUATE
synthetic_repo_043,synthetic_user_0462,2025,Advanced Scientific Computing Research,PROSTAFF
synthetic_repo_043,synthetic_user_0577,2025,Advanced Scientific Computing Research,OTHER
synthetic_repo_043,synthetic_user_0625,2025,Advanced Scientific Computing Research,UNDRGRAD
synthetic_repo_043,synthetic_user_0979,2025,Advanced Scientific Computing Research,GRADUATE
synthetic_repo_045,synthetic_user_0057,2025,Advanced Scientific Computing Research,POSTDOC
synthetic_repo_045,synthetic_user_0075,2025,Advanced Scientific Computing Research,OTHER
synthetic_repo_045,synthetic_user_0147,2025,Advanced Scientific Computing Research,FACULTY
synthetic_repo_045,synthetic_user_0240,2025,Advanced Scientific Computing Research,SCIENTST
synthetic_repo_045,synthetic_user_0336,2025,Advanced Scientific Computing Research,POSTDOC
synthetic_repo_045,synthetic_user_0402,2025,Advanced Scientific Computing Research,GRADUATE
synthetic_repo_045,synthetic_user_0502,2025,Advanced Scientific Computing Research,FACULTY
synthetic_repo_045,synthetic_user_0577,2025,Advanced Scientific Computing Research,OTHER
synthetic_repo_045,synthetic_user_0625,2025,Advanced Scientific Computing Research,UNDRGRAD
synthetic_repo_045,synthetic_user_0645,2025,Advanced Scientific Computing Research,GRADUATE
synthetic_repo_045,synthetic_user_0852,2025,Advanced Scientific Computing Research,FACULTY
synthetic_repo_045,synthetic_user_0930,2025,Advanced Scientific Computing Research,POSTDOC
synthetic_repo_045,synthetic_user_0984,2025,Advanced Scientific Computing Research,OTHER
synthetic_repo_045,synthetic_user_1007,2025,Advanced Scientific Computing Research,POSTDOC
synthetic_repo_045,synthetic_user_1013,2025,Advanced Scientific Computing Research,FACULTY
synthetic_repo_046,synthetic_user_0018,2025,Advanced Scientific Computing Research,GRADUATE
synthetic_repo_046,synthetic_user_0057,2025,Advanced Scientific Computing Research,POSTDOC
synthetic_repo_046,synthetic_user_0102,2025,Advanced Scientific Computing Research,FACULTY
synthetic_repo_046,synthetic_user_0147,2025,Advanced Scientific Computing Research,FACULTY
synthetic_repo_046,synthetic_user_0241,2025,Advanced Scientific Computing Research,GRADUATE
synthetic_repo_046,synthetic_user_0276,2025,Advanced Scientific Computing Research,GRADUATE
synthetic_repo_046,synthetic_user_0336,2025,Advanced Scientific Computing Research,POSTDOC
synthetic_repo_046,synthetic_user_0338,2025,Advanced Scientific Computing Research,UNDRGRAD
synthetic_repo_046,synthetic_user_0381,2025,Advanced Scientific Computing Research,FACULTY
synthetic_repo_046,synthetic_user_0402,2025,Advanced Scientific Computing Research,GRADUATE
synthetic_repo_046,synthetic_user_0645,2025,Advanced Scientific Computing Research,GRADUATE
synthetic_repo_046,synthetic_user_0755,2025,Advanced Scientific Computing Research,GRADUATE
synthetic_repo_046,synthetic_user_0979,2025,Advanced Scientific Computing Research,GRADUATE
synthetic_repo_046,synthetic_user_0999,2025,Advanced Scientific Computing Research,NONE
synthetic_repo_046,synthetic_user_1007,2025,Advanced Scientific Computing Research,POSTDOC
synthetic_repo_046,synthetic_user_1040,2025,Advanced Scientific Computing Research,FACULTY
synthetic_repo_046,synthetic_user_1122,2025,Advanced Scientific Computing Research,POSTDOC
synthetic_repo_047,synthetic_user_0038,2025,Advanced Scientific Computing Research,UNDRGRAD
synthetic_repo_047,synthetic_user_0057,2025,Advanced Scientific Computing Research,POSTDOC
synthetic_repo_047,synthetic_user_0075,2025,Advanced Scientific Computing Research,OTHER
synthetic_repo_047,synthetic_user_0087,2025,Advanced Scientific Computing Research,GRADUATE
synthetic_repo_047,synthetic_user_0102,2025,Advanced Scientific Computing Research,FACULTY
synthetic_repo_047,synthetic_user_0146,2025,Advanced Scientific Computing Research,GRADUATE
synthetic_repo_047,synthetic_user_0147,2025,Advanced Scientific Computing Research,FACULTY
synthetic_repo_047,synthetic_user_0240,2025,Advanced Scientific Computing Research,SCIENTST
synthetic_repo_047,synthetic_user_0241,2025,Advanced Scientific Computing Research,GRADUATE
synthetic_repo_047,synthetic_user_0276,2025,Advanced Scientific Computing Research,GRADUATE
synthetic_repo_047,synthetic_user_0338,2025,Advanced Scientific Computing Research,UNDRGRAD
synthetic_repo_047,synthetic_user_0504,2025,Advanced Scientific Computing Research,SCIENTST
synthetic_repo_047,synthetic_user_0565,2025,Advanced Scientific Computing Research,FACULTY
synthetic_repo_047,synthetic_user_0577,2025,Advanced Scientific Computing Research,OTHER
synthetic_repo_047,synthetic_user_0625,2025,Advanced Scientific Computing Research,UNDRGRAD
synthetic_repo_047,synthetic_user_0645,2025,Advanced Scientific Computing Research,GRADUATE
synthetic_repo_047,synthetic_user_0755,2025,Advanced Scientific Computing Research,GRADUATE
synthetic_repo_047,synthetic_user_0979,2025,Advanced Scientific Computing Research,GRADUATE
synthetic_repo_047,synthetic_user_0985,2025,Advanced Scientific Computing Research,GRADUATE
synthetic_repo_047,synthetic_user_1007,2025,Advanced Scientific Computing Research,POSTDOC
synthetic_repo_047,synthetic_user_1099,2025,Advanced Scientific Computing Research,SCIENTST
synthetic_repo_047,synthetic_user_1192,2025,Advanced Scientific Computing Research,GRADUATE
synthetic_repo_048,synthetic_user_0038,2025,Advanced Scientific Computing Research,UNDRGRAD
synthetic_repo_048,synthetic_user_0057,2025,Advanced Scientific Computing Research,POSTDOC
synthetic_repo_048,synthetic_user_0075,2025,Advanced Scientific Computing Research,OTHER
synthetic_repo_048,synthetic_user_0102,2025,Advanced Scientific Computing Research,FACULTY
synthetic_repo_048,synthetic_user_0147,2025,Advanced Scientific Computing Research,FACULTY
synthetic_repo_048,synthetic_user_0189,2025,Advanced Scientific Computing Research,SCIENTST
synthetic_repo_048,synthetic_user_0240,2025,Advanced Scientific Computing Research,SCIENTST
synthetic_repo_048,synthetic_user_0241,2025,Advanced Scientific Computing Research,GRADUATE
synthetic_repo_048,synthetic_user_0276,2025,Advanced Scientific Computing Research,GRADUATE
synthetic_repo_048,synthetic_user_0402,2025,Advanced Scientific Computing Research,GRADUATE
synthetic_repo_048,synthetic_user_0405,2025,Advanced Scientific Computing Research,GRADUATE
synthetic_repo_048,synthetic_user_0462,2025,Advanced Scientific Computing Research,PROSTAFF
synthetic_repo_048,synthetic_user_0502,2025,Advanced Scientific Computing Research,FACULTY
synthetic_repo_048,synthetic_user_0504,2025,Advanced Scientific Computing Research,SCIENTST
synthetic_repo_048,synthetic_user_0577,2025,Advanced Scientific Computing Research,OTHER
synthetic_repo_048,synthetic_user_0625,2025,Advanced Scientific Computing Research,UNDRGRAD
synthetic_repo_048,synthetic_user_0645,2025,Advanced Scientific Computing Research,GRADUATE
synthetic_repo_048,synthetic_user_0711,2025,Advanced Scientific Computing Research,GRADUATE
synthetic_repo_048,synthetic_user_0721,2025,Advanced Scientific Computing Research,UNDRGRAD
synthetic_repo_048,synthetic_user_0755,2025,Advanced Scientific Computing Research,GRADUATE
synthetic_repo_048,synthetic_user_0894,2025,Advanced Scientific Computing Research,POSTDOC
synthetic_repo_048,synthetic_user_0930,2025,Advanced Scientific Computing Research,POSTDOC
synthetic_repo_048,synthetic_user_0984,2025,Advanced Scientific Computing Research,OTHER
synthetic_repo_048,synthetic_user_0985,2025,Advanced Scientific Computing Research,GRADUATE
synthetic_repo_048,synthetic_user_1007,2025,Advanced Scientific Computing Research,POSTDOC
synthetic_repo_048,synthetic_user_1091,2025,Advanced Scientific Computing Research,FACULTY
synthetic_repo_048,synthetic_user_1117,2025,Advanced Scientific Computing Research,OTHER
synthetic_repo_049,synthetic_user_0038,2025,Advanced Scientific Computing Research,UNDRGRAD
synthetic_repo_049,synthetic_user_0057,2025,Advanced Scientific Computing Research,POSTDOC
synthetic_repo_049,synthetic_user_0098,2025,Advanced Scientific Computing Research,SCIENTST
synthetic_repo_049,synthetic_user_0102,2025,Advanced Scientific Computing Research,FACULTY
synthetic_repo_049,synthetic_user_0112,2025,Advanced Scientific Computing Research,GRADUATE
synthetic_repo_049,synthetic_user_0119,2025,Advanced Scientific Computing Research,UNDRGRAD
synthetic_repo_049,synthetic_user_0146,2025,Advanced Scientific Computing Research,GRADUATE
synthetic_repo_049,synthetic_user_0147,2025,Advanced Scientific Computing Research,FACULTY
synthetic_repo_049,synthetic_user_0238,2025,Advanced Scientific Computing Research,FACULTY
synthetic_repo_049,synthetic_user_0240,2025,Advanced Scientific Computing Research,SCIENTST
synthetic_repo_049,synthetic_user_0241,2025,Advanced Scientific Computing Research,GRADUATE
synthetic_repo_049,synthetic_user_0276,2025,Advanced Scientific Computing Research,GRADUATE
synthetic_repo_049,synthetic_user_0336,2025,Advanced Scientific Computing Research,POSTDOC
synthetic_repo_049,synthetic_user_0402,2025,Advanced Scientific Computing Research,GRADUATE
synthetic_repo_049,synthetic_user_0407,2025,Advanced Scientific Computing Research,UNDRGRAD
synthetic_repo_049,synthetic_user_0415,2025,Advanced Scientific Computing Research,GRADUATE
synthetic_repo_049,synthetic_user_0462,2025,Advanced Scientific Computing Research,PROSTAFF
synthetic_repo_049,synthetic_user_0502,2025,Advanced Scientific Computing Research,FACULTY
synthetic_repo_049,synthetic_user_0504,2025,Advanced Scientific Computing Research,SCIENTST
synthetic_repo_049,synthetic_user_0625,2025,Advanced Scientific Computing Research,UNDRGRAD
synthetic_repo_049,synthetic_user_0645,2025,Advanced Scientific Computing Research,GRADUATE
synthetic_repo_049,synthetic_user_0711,2025,Advanced Scientific Computing Research,GRADUATE
synthetic_repo_049,synthetic_user_0755,2025,Advanced Scientific Computing Research,GRADUATE
synthetic_repo_049,synthetic_user_0877,2025,Advanced Scientific Computing Research,SCIENTST
synthetic_repo_049,synthetic_user_0886,2025,Advanced Scientific Computing Research,SCIENTST
synthetic_repo_049,synthetic_user_0894,2025,Advanced Scientific Computing Research,POSTDOC
synthetic_repo_049,synthetic_user_0979,2025,Advanced Scientific Computing Research,GRADUATE
synthetic_repo_049,synthetic_user_0984,2025,Advanced Scientific Computing Research,OTHER
synthetic_repo_049,synthetic_user_0985,2025,Advanced Scientific Computing Research,GRADUATE
synthetic_repo_049,synthetic_user_0999,2025,Advanced Scientific Computing Research,NONE
synthetic_repo_049,synthetic_user_1007,2025,Advanced Scientific Computing Research,POSTDOC
synthetic_repo_049,synthetic_user_1075,2025,Advanced Scientific Computing Research,POSTDOC
synthetic_repo_049,synthetic_user_1091,2025,Advanced Scientific Computing Research,FACULTY
synthetic_repo_049,synthetic_user_1150,2025,Advanced Scientific Computing Research,PROSTAFF
synthetic_repo_049,synthetic_user_1187,2025,Advanced Scientific Computing Research,FACULTY
synthetic_repo_050,synthetic_user_0018,2025,Advanced Scientific Computing Research,GRADUATE
synthetic_repo_050,synthetic_user_0038,2025,Advanced Scientific Computing Research,UNDRGRAD
synthetic_repo_050,synthetic_user_0057,2025,Advanced Scientific Computing Research,POSTDOC
synthetic_repo_050,synthetic_user_0098,2025,Advanced Scientific Computing Research,SCIENTST
synthetic_repo_050,synthetic_user_0102,2025,Advanced Scientific Computing Research,FACULTY
synthetic_repo_050,synthetic_user_0112,2025,Advanced Scientific Computing Research,GRADUATE
synthetic_repo_050,synthetic_user_0119,2025,Advanced Scientific Computing Research,UNDRGRAD
synthetic_repo_050,synthetic_user_0146,2025,Advanced Scientific Computing Research,GRADUATE
synthetic_repo_050,synthetic_user_0147,2025,Advanced Scientific Computing Research,FACULTY
synthetic_repo_050,synthetic_user_0189,2025,Advanced Scientific Computing Research,SCIENTST
synthetic_repo_050,synthetic_user_0201,2025,Advanced Scientific Computing Research,POSTDOC
synthetic_repo_050,synthetic_user_0221,2025,Advanced Scientific Computing Research,GRADUATE
synthetic_repo_050,synthetic_user_0238,2025,Advanced Scientific Computing Research,FACULTY
synthetic_repo_050,synthetic_user_0240,2025,Advanced Scientific Computing Research,SCIENTST
synthetic_repo_050,synthetic_user_0241,2025,Advanced Scientific Computing Research,GRADUATE
synthetic_repo_050,synthetic_user_0269,2025,Advanced Scientific Computing Research,FACULTY
synthetic_repo_050,synthetic_user_0276,2025,Advanced Scientific Computing Research,GRADUATE
synthetic_repo_050,synthetic_user_0336,2025,Advanced Scientific Computing Research,POSTDOC
synthetic_repo_050,synthetic_user_0338,2025,Advanced Scientific Computing Research,UNDRGRAD
synthetic_repo_050,synthetic_user_0402,2025,Advanced Scientific Computing Research,GRADUATE
synthetic_repo_050,synthetic_user_0415,2025,Advanced Scientific Computing Research,GRADUATE
synthetic_repo_050,synthetic_user_0426,2025,Advanced Scientific Computing Research,GRADUATE
synthetic_repo_050,synthetic_user_0462,2025,Advanced Scientific Computing Research,PROSTAFF
synthetic_repo_050,synthetic_user_0480,2025,Advanced Scientific Computing Research,FACULTY
synthetic_repo_050,synthetic_user_0502,2025,Advanced Scientific Computing Research,FACULTY
synthetic_repo_050,synthetic_user_0504,2025,Advanced Scientific Computing Research,SCIENTST
synthetic_repo_050,synthetic_user_0558,2025,Advanced Scientific Computing Research,POSTDOC
synthetic_repo_050,synthetic_user_0565,2025,Advanced Scientific Computing Research,FACULTY
synthetic_repo_050,synthetic_user_0625,2025,Advanced Scientific Computing Research,UNDRGRAD
synthetic_repo_050,synthetic_user_0638,2025,Advanced Scientific Computing Research,SCIENTST
synthetic_repo_050,synthetic_user_0645,2025,Advanced Scientific Computing Research,GRADUATE
synthetic_repo_050,synthetic_user_0711,2025,Advanced Scientific Computing Research,GRADUATE
synthetic_repo_050,synthetic_user_0721,2025,Advanced Scientific Computing Research,UNDRGRAD
synthetic_repo_050,synthetic_user_0755,2025,Advanced Scientific Computing Research,GRADUATE
synthetic_repo_050,synthetic_user_0852,2025,Advanced Scientific Computing Research,FACULTY
synthetic_repo_050,synthetic_user_0886,2025,Advanced Scientific Computing Research,SCIENTST
synthetic_repo_050,synthetic_user_0894,2025,Advanced Scientific Computing Research,POSTDOC
synthetic_repo_050,synthetic_user_0930,2025,Advanced Scientific Computing Research,POSTDOC
synthetic_repo_050,synthetic_user_0932,2025,Advanced Scientific Computing Research,PROSTAFF
synthetic_repo_050,synthetic_user_0934,2025,Advanced Scientific Computing Research,FACULTY
synthetic_repo_050,synthetic_user_0952,2025,Advanced Scientific Computing Research,SCIENTST
synthetic_repo_050,synthetic_user_0979,2025,Advanced Scientific Computing Research,GRADUATE
synthetic_repo_050,synthetic_user_0984,2025,Advanced Scientific Computing Research,OTHER
synthetic_repo_050,synthetic_user_0985,2025,Advanced Scientific Computing Research,GRADUATE
synthetic_repo_050,synthetic_user_0992,2025,Advanced Scientific Computing Research,GRADUATE
synthetic_repo_050,synthetic_user_0999,2025,Advanced Scientific Computing Research,NONE
synthetic_repo_050,synthetic_user_1007,2025,Advanced Scientific Computing Research,POSTDOC
synthetic_repo_050,synthetic_user_1013,2025,Advanced Scientific Computing Research,FACULTY
synthetic_repo_050,synthetic_user_1091,2025,Advanced Scientific Computing Research,FACULTY
synthetic_repo_050,synthetic_user_1099,2025,Advanced Scientific Computing Research,SCIENTST
synthetic_repo_050,synthetic_user_1109,2025,Advanced Scientific Computing Research,OTHER
synthetic_repo_050,synthetic_user_1117,2025,Advanced Scientific Computing Research,OTHER
synthetic_repo_050,synthetic_user_1122,2025,Advanced Scientific Computing Research,POSTDOC
synthetic_repo_050,synthetic_user_1150,2025,Advanced Scientific Computing Research,PROSTAFF
synthetic_repo_050,synthetic_user_1192,2025,Advanced Scientific Computing Research,GRADUATE
synthetic_repo_051,synthetic_user_0130,2025,Fusion Energy Sciences,GRADUATE
synthetic_repo_051,synthetic_user_0291,2025,Fusion Energy Sciences,FACULTY
synthetic_repo_051,synthetic_user_0543,2025,Fusion Energy Sciences,SCIENTST
synthetic_repo_051,synthetic_user_0750,2025,Fusion Energy Sciences,SCIENTST
synthetic_repo_051,synthetic_user_0995,2025,Fusion Energy Sciences,FACULTY
synthetic_repo_053,synthetic_user_0107,2025,Fusion Energy Sciences,PROSTAFF
synthetic_repo_053,synthetic_user_0249,2025,Fusion Energy Sciences,PROSTAFF
synthetic_repo_053,synthetic_user_0341,2025,Fusion Energy Sciences,PROSTAFF
synthetic_repo_053,synthetic_user_0566,2025,Fusion Energy Sciences,UNDRGRAD
synthetic_repo_053,synthetic_user_0598,2025,Fusion Energy Sciences,SCIENTST
synthetic_repo_053,synthetic_user_0869,2025,Fusion Energy Sciences,GRADUATE
synthetic_repo_053,synthetic_user_0995,2025,Fusion Energy Sciences,FACULTY
synthetic_repo_053,synthetic_user_1014,2025,Fusion Energy Sciences,SCIENTST
synthetic_repo_053,synthetic_user_1065,2025,Fusion Energy Sciences,FACULTY
synthetic_repo_055,synthetic_user_0194,2025,Fusion Energy Sciences,UNDRGRAD
synthetic_repo_055,synthetic_user_0253,2025,Fusion Energy Sciences,POSTDOC
synthetic_repo_055,synthetic_user_0369,2025,Fusion Energy Sciences,OTHER
synthetic_repo_055,synthetic_user_0516,2025,Fusion Energy Sciences,FACULTY
synthetic_repo_055,synthetic_user_0566,2025,Fusion Energy Sciences,UNDRGRAD
synthetic_repo_055,synthetic_user_0579,2025,Fusion Energy Sciences,GRADUATE
synthetic_repo_055,synthetic_user_0632,2025,Fusion Energy Sciences,PROSTAFF
synthetic_repo_055,synthetic_user_0750,2025,Fusion Energy Sciences,SCIENTST
synthetic_repo_055,synthetic_user_0869,2025,Fusion Energy Sciences,GRADUATE
synthetic_repo_055,synthetic_user_0969,2025,Fusion Energy Sciences,POSTDOC
synthetic_repo_055,synthetic_user_0995,2025,Fusion Energy Sciences,FACULTY
synthetic_repo_055,synthetic_user_1123,2025,Fusion Energy Sciences,FACULTY
synthetic_repo_055,synthetic_user_1152,2025,Fusion Energy Sciences,PROSTAFF
synthetic_repo_055,synthetic_user_1157,2025,Fusion Energy Sciences,GRADUATE
synthetic_repo_055,synthetic_user_1175,2025,Fusion Energy Sciences,GRADUATE
synthetic_repo_056,synthetic_user_0244,2025,Fusion Energy Sciences,POSTDOC
synthetic_repo_056,synthetic_user_0249,2025,Fusion Energy Sciences,PROSTAFF
synthetic_repo_056,synthetic_user_0329,2025,Fusion Energy Sciences,PROSTAFF
synthetic_repo_056,synthetic_user_0404,2025,Fusion Energy Sciences,UNDRGRAD
synthetic_repo_056,synthetic_user_0411,2025,Fusion Energy Sciences,POSTDOC
synthetic_repo_056,synthetic_user_0468,2025,Fusion Energy Sciences,NONE
synthetic_repo_056,synthetic_user_0543,2025,Fusion Energy Sciences,SCIENTST
synthetic_repo_056,synthetic_user_0552,2025,Fusion Energy Sciences,UNDRGRAD
synthetic_repo_056,synthetic_user_0598,2025,Fusion Energy Sciences,SCIENTST
synthetic_repo_056,synthetic_user_0632,2025,Fusion Energy Sciences,PROSTAFF
synthetic_repo_056,synthetic_user_0851,2025,Fusion Energy Sciences,GRADUATE
synthetic_repo_056,synthetic_user_0969,2025,Fusion Energy Sciences,POSTDOC
synthetic_repo_056,synthetic_user_0995,2025,Fusion Energy Sciences,FACULTY
synthetic_repo_056,synthetic_user_1008,2025,Fusion Energy Sciences,FACULTY
synthetic_repo_056,synthetic_user_1065,2025,Fusion Energy Sciences,FACULTY
synthetic_repo_056,synthetic_user_1123,2025,Fusion Energy Sciences,FACULTY
synthetic_repo_056,synthetic_user_1152,2025,Fusion Energy Sciences,PROSTAFF
synthetic_repo_056,synthetic_user_1157,2025,Fusion Energy Sciences,GRADUATE
synthetic_repo_057,synthetic_user_0107,2025,Fusion Energy Sciences,PROSTAFF
synthetic_repo_057,synthetic_user_0130,2025,Fusion Energy Sciences,GRADUATE
synthetic_repo_057,synthetic_user_0281,2025,Fusion Energy Sciences,POSTDOC
synthetic_repo_057,synthetic_user_0331,2025,Fusion Energy Sciences,SCIENTST
synthetic_repo_057,synthetic_user_0343,2025,Fusion Energy Sciences,POSTDOC
synthetic_repo_057,synthetic_user_0411,2025,Fusion Energy Sciences,POSTDOC
synthetic_repo_057,synthetic_user_0552,2025,Fusion Energy Sciences,UNDRGRAD
synthetic_repo_057,synthetic_user_0579,2025,Fusion Energy Sciences,GRADUATE
synthetic_repo_057,synthetic_user_0617,2025,Fusion Energy Sciences,GRADUATE
synthetic_repo_057,synthetic_user_0632,2025,Fusion Energy Sciences,PROSTAFF
synthetic_repo_057,synthetic_user_0750,2025,Fusion Energy Sciences,SCIENTST
synthetic_repo_057,synthetic_user_0805,2025,Fusion Energy Sciences,FACULTY
synthetic_repo_057,synthetic_user_0869,2025,Fusion Energy Sciences,GRADUATE
synthetic_repo_057,synthetic_user_0958,2025,Fusion Energy Sciences,GRADUATE
synthetic_repo_057,synthetic_user_0969,2025,Fusion Energy Sciences,POSTDOC
synthetic_repo_057,synthetic_user_0995,2025,Fusion Energy Sciences,FACULTY
synthetic_repo_057,synthetic_user_1065,2025,Fusion Energy Sciences,FACULTY
synthetic_repo_057,synthetic_user_1123,2025,Fusion Energy Sciences,FACULTY
synthetic_repo_058,synthetic_user_0107,2025,Fusion Energy Sciences,PROSTAFF
synthetic_repo_058,synthetic_user_0130,2025,Fusion Energy Sciences,GRADUATE
synthetic_repo_058,synthetic_user_0281,2025,Fusion Energy Sciences,POSTDOC
synthetic_repo_058,synthetic_user_0369,2025,Fusion Energy Sciences,OTHER
synthetic_repo_058,synthetic_user_0421,2025,Fusion Energy Sciences,POSTDOC
synthetic_repo_058,synthetic_user_0468,2025,Fusion Energy Sciences,NONE
synthetic_repo_058,synthetic_user_0516,2025,Fusion Energy Sciences,FACULTY
synthetic_repo_058,synthetic_user_0552,2025,Fusion Energy Sciences,UNDRGRAD
synthetic_repo_058,synthetic_user_0566,2025,Fusion Energy Sciences,UNDRGRAD
synthetic_repo_058,synthetic_user_0579,2025,Fusion Energy Sciences,GRADUATE
synthetic_repo_058,synthetic_user_0617,2025,Fusion Energy Sciences,GRADUATE
synthetic_repo_058,synthetic_user_0632,2025,Fusion Energy Sciences,PROSTAFF
synthetic_repo_058,synthetic_user_0869,2025,Fusion Energy Sciences,GRADUATE
synthetic_repo_058,synthetic_user_0958,2025,Fusion Energy Sciences,GRADUATE
synthetic_repo_058,synthetic_user_0995,2025,Fusion Energy Sciences,FACULTY
synthetic_repo_058,synthetic_user_1014,2025,Fusion Energy Sciences,SCIENTST
synthetic_repo_058,synthetic_user_1058,2025,Fusion Energy Sciences,SCIENTST
synthetic_repo_058,synthetic_user_1079,2025,Fusion Energy Sciences,FACULTY
synthetic_repo_058,synthetic_user_1123,2025,Fusion Energy Sciences,FACULTY
synthetic_repo_058,synthetic_user_1157,2025,Fusion Energy Sciences,GRADUATE
synthetic_repo_058,synthetic_user_1175,2025,Fusion Energy Sciences,GRADUATE
synthetic_repo_058,synthetic_user_1189,2025,Fusion Energy Sciences,UNDRGRAD
synthetic_repo_059,synthetic_user_0107,2025,Fusion Energy Sciences,PROSTAFF
synthetic_repo_059,synthetic_user_0130,2025,Fusion Energy Sciences,GRADUATE
synthetic_repo_059,synthetic_user_0249,2025,Fusion Energy Sciences,PROSTAFF
synthetic_repo_059,synthetic_user_0291,2025,Fusion Energy Sciences,FACULTY
synthetic_repo_059,synthetic_user_0329,2025,Fusion Energy Sciences,PROSTAFF
synthetic_repo_059,synthetic_user_0412,2025,Fusion Energy Sciences,PROSTAFF
synthetic_repo_059,synthetic_user_0421,2025,Fusion Energy Sciences,POSTDOC
synthetic_repo_059,synthetic_user_0470,2025,Fusion Energy Sciences,PROSTAFF
synthetic_repo_059,synthetic_user_0516,2025,Fusion Energy Sciences,FACULTY
synthetic_repo_059,synthetic_user_0552,2025,Fusion Energy Sciences,UNDRGRAD
synthetic_repo_059,synthetic_user_0566,2025,Fusion Energy Sciences,UNDRGRAD
synthetic_repo_059,synthetic_user_0572,2025,Fusion Energy Sciences,GRADUATE
synthetic_repo_059,synthetic_user_0617,2025,Fusion Energy Sciences,GRADUATE
synthetic_repo_059,synthetic_user_0632,2025,Fusion Energy Sciences,PROSTAFF
synthetic_repo_059,synthetic_user_0726,2025,Fusion Energy Sciences,POSTDOC
synthetic_repo_059,synthetic_user_0750,2025,Fusion Energy Sciences,SCIENTST
synthetic_repo_059,synthetic_user_0792,2025,Fusion Energy Sciences,PROSTAFF
synthetic_repo_059,synthetic_user_0851,2025,Fusion Energy Sciences,GRADUATE
synthetic_repo_059,synthetic_user_0869,2025,Fusion Energy Sciences,GRADUATE
synthetic_repo_059,synthetic_user_0908,2025,Fusion Energy Sciences,PROSTAFF
synthetic_repo_059,synthetic_user_0958,2025,Fusion Energy Sciences,GRADUATE
synthetic_repo_059,synthetic_user_0969,2025,Fusion Energy Sciences,POSTDOC
synthetic_repo_059,synthetic_user_0995,2025,Fusion Energy Sciences,FACULTY
synthetic_repo_059,synthetic_user_1008,2025,Fusion Energy Sciences,FACULTY
synthetic_repo_059,synthetic_user_1014,2025,Fusion Energy Sciences,SCIENTST
synthetic_repo_059,synthetic_user_1065,2025,Fusion Energy Sciences,FACULTY
synthetic_repo_059,synthetic_user_1070,2025,Fusion Energy Sciences,SCIENTST
synthetic_repo_059,synthetic_user_1083,2025,Fusion Energy Sciences,SCIENTST
synthetic_repo_059,synthetic_user_1087,2025,Fusion Energy Sciences,POSTDOC
synthetic_repo_059,synthetic_user_1123,2025,Fusion Energy Sciences,FACULTY
synthetic_repo_059,synthetic_user_1157,2025,Fusion Energy Sciences,GRADUATE
synthetic_repo_059,synthetic_user_1175,2025,Fusion Energy Sciences,GRADUATE
synthetic_repo_060,synthetic_user_0030,2025,Fusion Energy Sciences,PROSTAFF
synthetic_repo_060,synthetic_user_0107,2025,Fusion Energy Sciences,PROSTAFF
synthetic_repo_060,synthetic_user_0130,2025,Fusion Energy Sciences,GRADUATE
synthetic_repo_060,synthetic_user_0199,2025,Fusion Energy Sciences,SCIENTST
synthetic_repo_060,synthetic_user_0244,2025,Fusion Energy Sciences,POSTDOC
synthetic_repo_060,synthetic_user_0249,2025,Fusion Energy Sciences,PROSTAFF
synthetic_repo_060,synthetic_user_0253,2025,Fusion Energy Sciences,POSTDOC
synthetic_repo_060,synthetic_user_0329,2025,Fusion Energy Sciences,PROSTAFF
synthetic_repo_060,synthetic_user_0331,2025,Fusion Energy Sciences,SCIENTST
synthetic_repo_060,synthetic_user_0341,2025,Fusion Energy Sciences,PROSTAFF
synthetic_repo_060,synthetic_user_0343,2025,Fusion Energy Sciences,POSTDOC
synthetic_repo_060,synthetic_user_0369,2025,Fusion Energy Sciences,OTHER
synthetic_repo_060,synthetic_user_0404,2025,Fusion Energy Sciences,UNDRGRAD
synthetic_repo_060,synthetic_user_0411,2025,Fusion Energy Sciences,POSTDOC
synthetic_repo_060,synthetic_user_0412,2025,Fusion Energy Sciences,PROSTAFF
synthetic_repo_060,synthetic_user_0421,2025,Fusion Energy Sciences,POSTDOC
synthetic_repo_060,synthetic_user_0466,2025,Fusion Energy Sciences,POSTDOC
synthetic_repo_060,synthetic_user_0468,2025,Fusion Energy Sciences,NONE
synthetic_repo_060,synthetic_user_0470,2025,Fusion Energy Sciences,PROSTAFF
synthetic_repo_060,synthetic_user_0516,2025,Fusion Energy Sciences,FACULTY
synthetic_repo_060,synthetic_user_0523,2025,Fusion Energy Sciences,POSTDOC
synthetic_repo_060,synthetic_user_0552,2025,Fusion Energy Sciences,UNDRGRAD
synthetic_repo_060,synthetic_user_0566,2025,Fusion Energy Sciences,UNDRGRAD
synthetic_repo_060,synthetic_user_0579,2025,Fusion Energy Sciences,GRADUATE
synthetic_repo_060,synthetic_user_0598,2025,Fusion Energy Sciences,SCIENTST
synthetic_repo_060,synthetic_user_0611,2025,Fusion Energy Sciences,PROSTAFF
synthetic_repo_060,synthetic_user_0617,2025,Fusion Energy Sciences,GRADUATE
synthetic_repo_060,synthetic_user_0632,2025,Fusion Energy Sciences,PROSTAFF
synthetic_repo_060,synthetic_user_0692,2025,Fusion Energy Sciences,GRADUATE
synthetic_repo_060,synthetic_user_0726,2025,Fusion Energy Sciences,POSTDOC
synthetic_repo_060,synthetic_user_0750,2025,Fusion Energy Sciences,SCIENTST
synthetic_repo_060,synthetic_user_0792,2025,Fusion Energy Sciences,PROSTAFF
synthetic_repo_060,synthetic_user_0805,2025,Fusion Energy Sciences,FACULTY
synthetic_repo_060,synthetic_user_0851,2025,Fusion Energy Sciences,GRADUATE
synthetic_repo_060,synthetic_user_0869,2025,Fusion Energy Sciences,GRADUATE
synthetic_repo_060,synthetic_user_0908,2025,Fusion Energy Sciences,PROSTAFF
synthetic_repo_060,synthetic_user_0927,2025,Fusion Energy Sciences,FACULTY
synthetic_repo_060,synthetic_user_0945,2025,Fusion Energy Sciences,SCIENTST
synthetic_repo_060,synthetic_user_0946,2025,Fusion Energy Sciences,FACULTY
synthetic_repo_060,synthetic_user_0958,2025,Fusion Energy Sciences,GRADUATE
synthetic_repo_060,synthetic_user_0969,2025,Fusion Energy Sciences,POSTDOC
synthetic_repo_060,synthetic_user_0991,2025,Fusion Energy Sciences,FACULTY
synthetic_repo_060,synthetic_user_0995,2025,Fusion Energy Sciences,FACULTY
synthetic_repo_060,synthetic_user_1008,2025,Fusion Energy Sciences,FACULTY
synthetic_repo_060,synthetic_user_1014,2025,Fusion Energy Sciences,SCIENTST
synthetic_repo_060,synthetic_user_1058,2025,Fusion Energy Sciences,SCIENTST
synthetic_repo_060,synthetic_user_1065,2025,Fusion Energy Sciences,FACULTY
synthetic_repo_060,synthetic_user_1070,2025,Fusion Energy Sciences,SCIENTST
synthetic_repo_060,synthetic_user_1079,2025,Fusion Energy Sciences,FACULTY
synthetic_repo_060,synthetic_user_1083,2025,Fusion Energy Sciences,SCIENTST
synthetic_repo_060,synthetic_user_1086,2025,Fusion Energy Sciences,GRADUATE
synthetic_repo_060,synthetic_user_1087,2025,Fusion Energy Sciences,POSTDOC
synthetic_repo_060,synthetic_user_1123,2025,Fusion Energy Sciences,FACULTY
synthetic_repo_060,synthetic_user_1152,2025,Fusion Energy Sciences,PROSTAFF
synthetic_repo_060,synthetic_user_1157,2025,Fusion Energy Sciences,GRADUATE
synthetic_repo_060,synthetic_user_1175,2025,Fusion Energy Sciences,GRADUATE
synthetic_repo_060,synthetic_user_1189,2025,Fusion Energy Sciences,UNDRGRAD
synthetic_repo_061,synthetic_user_0049,2025,Nuclear Physics,PROSTAFF
synthetic_repo_061,synthetic_user_0122,2025,Nuclear Physics,POSTDOC
synthetic_repo_061,synthetic_user_0681,2025,Nuclear Physics,GRADUATE
synthetic_repo_061,synthetic_user_0748,2025,Nuclear Physics,UNDRGRAD
synthetic_repo_061,synthetic_user_0846,2025,Nuclear Physics,GRADUATE
synthetic_repo_061,synthetic_user_1074,2025,Nuclear Physics,POSTDOC
synthetic_repo_063,synthetic_user_0025,2025,Nuclear Physics,POSTDOC
synthetic_repo_063,synthetic_user_0068,2025,Nuclear Physics,FACULTY
synthetic_repo_063,synthetic_user_0596,2025,Nuclear Physics,POSTDOC
synthetic_repo_063,synthetic_user_0653,2025,Nuclear Physics,POSTDOC
synthetic_repo_063,synthetic_user_0735,2025,Nuclear Physics,POSTDOC
synthetic_repo_063,synthetic_user_0802,2025,Nuclear Physics,POSTDOC
synthetic_repo_063,synthetic_user_0861,2025,Nuclear Physics,UNDRGRAD
synthetic_repo_063,synthetic_user_1074,2025,Nuclear Physics,POSTDOC
synthetic_repo_063,synthetic_user_1094,2025,Nuclear Physics,UNDRGRAD
synthetic_repo_063,synthetic_user_1130,2025,Nuclear Physics,PROSTAFF
synthetic_repo_065,synthetic_user_0025,2025,Nuclear Physics,POSTDOC
synthetic_repo_065,synthetic_user_0068,2025,Nuclear Physics,FACULTY
synthetic_repo_065,synthetic_user_0596,2025,Nuclear Physics,POSTDOC
synthetic_repo_065,synthetic_user_0653,2025,Nuclear Physics,POSTDOC
synthetic_repo_065,synthetic_user_0660,2025,Nuclear Physics,PROSTAFF
synthetic_repo_065,synthetic_user_0734,2025,Nuclear Physics,SCIENTST
synthetic_repo_065,synthetic_user_0748,2025,Nuclear Physics,UNDRGRAD
synthetic_repo_065,synthetic_user_0771,2025,Nuclear Physics,PROSTAFF
synthetic_repo_065,synthetic_user_0817,2025,Nuclear Physics,PROSTAFF
synthetic_repo_065,synthetic_user_0846,2025,Nuclear Physics,GRADUATE
synthetic_repo_065,synthetic_user_0861,2025,Nuclear Physics,UNDRGRAD
synthetic_repo_065,synthetic_user_0863,2025,Nuclear Physics,PROSTAFF
synthetic_repo_065,synthetic_user_0913,2025,Nuclear Physics,FACULTY
synthetic_repo_065,synthetic_user_1003,2025,Nuclear Physics,UNDRGRAD
synthetic_repo_065,synthetic_user_1074,2025,Nuclear Physics,POSTDOC
synthetic_repo_065,synthetic_user_1094,2025,Nuclear Physics,UNDRGRAD
synthetic_repo_065,synthetic_user_1107,2025,Nuclear Physics,PROSTAFF
synthetic_repo_066,synthetic_user_0049,2025,Nuclear Physics,PROSTAFF
synthetic_repo_066,synthetic_user_0065,2025,Nuclear Physics,NONE
synthetic_repo_066,synthetic_user_0080,2025,Nuclear Physics,GRADUATE
synthetic_repo_066,synthetic_user_0339,2025,Nuclear Physics,SCIENTST
synthetic_repo_066,synthetic_user_0375,2025,Nuclear Physics,POSTDOC
synthetic_repo_066,synthetic_user_0623,2025,Nuclear Physics,POSTDOC
synthetic_repo_066,synthetic_user_0677,2025,Nuclear Physics,FACULTY
synthetic_repo_066,synthetic_user_0710,2025,Nuclear Physics,SCIENTST
synthetic_repo_066,synthetic_user_0748,2025,Nuclear Physics,UNDRGRAD
synthetic_repo_066,synthetic_user_0758,2025,Nuclear Physics,POSTDOC
synthetic_repo_066,synthetic_user_0771,2025,Nuclear Physics,PROSTAFF
synthetic_repo_066,synthetic_user_0802,2025,Nuclear Physics,POSTDOC
synthetic_repo_066,synthetic_user_0817,2025,Nuclear Physics,PROSTAFF
synthetic_repo_066,synthetic_user_0861,2025,Nuclear Physics,UNDRGRAD
synthetic_repo_066,synthetic_user_0897,2025,Nuclear Physics,POSTDOC
synthetic_repo_066,synthetic_user_1003,2025,Nuclear Physics,UNDRGRAD
synthetic_repo_066,synthetic_user_1089,2025,Nuclear Physics,POSTDOC
synthetic_repo_066,synthetic_user_1107,2025,Nuclear Physics,PROSTAFF
synthetic_repo_066,synthetic_user_1130,2025,Nuclear Physics,PROSTAFF
synthetic_repo_067,synthetic_user_0025,2025,Nuclear Physics,POSTDOC
synthetic_repo_067,synthetic_user_0049,2025,Nuclear Physics,PROSTAFF
synthetic_repo_067,synthetic_user_0080,2025,Nuclear Physics,GRADUATE
synthetic_repo_067,synthetic_user_0122,2025,Nuclear Physics,POSTDOC
synthetic_repo_067,synthetic_user_0212,2025,Nuclear Physics,PROSTAFF
synthetic_repo_067,synthetic_user_0219,2025,Nuclear Physics,FACULTY
synthetic_repo_067,synthetic_user_0301,2025,Nuclear Physics,FACULTY
synthetic_repo_067,synthetic_user_0339,2025,Nuclear Physics,SCIENTST
synthetic_repo_067,synthetic_user_0454,2025,Nuclear Physics,SCIENTST
synthetic_repo_067,synthetic_user_0623,2025,Nuclear Physics,POSTDOC
synthetic_repo_067,synthetic_user_0658,2025,Nuclear Physics,GRADUATE
synthetic_repo_067,synthetic_user_0677,2025,Nuclear Physics,FACULTY
synthetic_repo_067,synthetic_user_0748,2025,Nuclear Physics,UNDRGRAD
synthetic_repo_067,synthetic_user_0758,2025,Nuclear Physics,POSTDOC
synthetic_repo_067,synthetic_user_0789,2025,Nuclear Physics,SCIENTST
synthetic_repo_067,synthetic_user_0802,2025,Nuclear Physics,POSTDOC
synthetic_repo_067,synthetic_user_0817,2025,Nuclear Physics,PROSTAFF
synthetic_repo_067,synthetic_user_0828,2025,Nuclear Physics,POSTDOC
synthetic_repo_067,synthetic_user_0861,2025,Nuclear Physics,UNDRGRAD
synthetic_repo_067,synthetic_user_0927,2025,Nuclear Physics,FACULTY
synthetic_repo_067,synthetic_user_1074,2025,Nuclear Physics,POSTDOC
synthetic_repo_067,synthetic_user_1089,2025,Nuclear Physics,POSTDOC
synthetic_repo_067,synthetic_user_1107,2025,Nuclear Physics,PROSTAFF
synthetic_repo_067,synthetic_user_1130,2025,Nuclear Physics,PROSTAFF
synthetic_repo_068,synthetic_user_0025,2025,Nuclear Physics,POSTDOC
synthetic_repo_068,synthetic_user_0068,2025,Nuclear Physics,FACULTY
synthetic_repo_068,synthetic_user_0080,2025,Nuclear Physics,GRADUATE
synthetic_repo_068,synthetic_user_0103,2025,Nuclear Physics,FACULTY
synthetic_repo_068,synthetic_user_0104,2025,Nuclear Physics,GRADUATE
synthetic_repo_068,synthetic_user_0198,2025,Nuclear Physics,GRADUATE
synthetic_repo_068,synthetic_user_0201,2025,Nuclear Physics,POSTDOC
synthetic_repo_068,synthetic_user_0226,2025,Nuclear Physics,POSTDOC
synthetic_repo_068,synthetic_user_0339,2025,Nuclear Physics,SCIENTST
synthetic_repo_068,synthetic_user_0375,2025,Nuclear Physics,POSTDOC
synthetic_repo_068,synthetic_user_0596,2025,Nuclear Physics,POSTDOC
synthetic_repo_068,synthetic_user_0610,2025,Nuclear Physics,OTHER
synthetic_repo_068,synthetic_user_0623,2025,Nuclear Physics,POSTDOC
synthetic_repo_068,synthetic_user_0660,2025,Nuclear Physics,PROSTAFF
synthetic_repo_068,synthetic_user_0710,2025,Nuclear Physics,SCIENTST
synthetic_repo_068,synthetic_user_0789,2025,Nuclear Physics,SCIENTST
synthetic_repo_068,synthetic_user_0802,2025,Nuclear Physics,POSTDOC
synthetic_repo_068,synthetic_user_0817,2025,Nuclear Physics,PROSTAFF
synthetic_repo_068,synthetic_user_0846,2025,Nuclear Physics,GRADUATE
synthetic_repo_068,synthetic_user_0861,2025,Nuclear Physics,UNDRGRAD
synthetic_repo_068,synthetic_user_1074,2025,Nuclear Physics,POSTDOC
synthetic_repo_068,synthetic_user_1089,2025,Nuclear Physics,POSTDOC
synthetic_repo_069,synthetic_user_0021,2025,Nuclear Physics,OTHER
synthetic_repo_069,synthetic_user_0025,2025,Nuclear Physics,POSTDOC
synthetic_repo_069,synthetic_user_0049,2025,Nuclear Physics,PROSTAFF
synthetic_repo_069,synthetic_user_0065,2025,Nuclear Physics,NONE
synthetic_repo_069,synthetic_user_0080,2025,Nuclear Physics,GRADUATE
synthetic_repo_069,synthetic_user_0104,2025,Nuclear Physics,GRADUATE
synthetic_repo_069,synthetic_user_0122,2025,Nuclear Physics,POSTDOC
synthetic_repo_069,synthetic_user_0226,2025,Nuclear Physics,POSTDOC
synthetic_repo_069,synthetic_user_0301,2025,Nuclear Physics,FACULTY
synthetic_repo_069,synthetic_user_0339,2025,Nuclear Physics,SCIENTST
synthetic_repo_069,synthetic_user_0367,2025,Nuclear Physics,FACULTY
synthetic_repo_069,synthetic_user_0375,2025,Nuclear Physics,POSTDOC
synthetic_repo_069,synthetic_user_0454,2025,Nuclear Physics,SCIENTST
synthetic_repo_069,synthetic_user_0464,2025,Nuclear Physics,POSTDOC
synthetic_repo_069,synthetic_user_0596,2025,Nuclear Physics,POSTDOC
synthetic_repo_069,synthetic_user_0623,2025,Nuclear Physics,POSTDOC
synthetic_repo_069,synthetic_user_0653,2025,Nuclear Physics,POSTDOC
synthetic_repo_069,synthetic_user_0660,2025,Nuclear Physics,PROSTAFF
synthetic_repo_069,synthetic_user_0670,2025,Nuclear Physics,PROSTAFF
synthetic_repo_069,synthetic_user_0710,2025,Nuclear Physics,SCIENTST
synthetic_repo_069,synthetic_user_0735,2025,Nuclear Physics,POSTDOC
synthetic_repo_069,synthetic_user_0748,2025,Nuclear Physics,UNDRGRAD
synthetic_repo_069,synthetic_user_0789,2025,Nuclear Physics,SCIENTST
synthetic_repo_069,synthetic_user_0802,2025,Nuclear Physics,POSTDOC
synthetic_repo_069,synthetic_user_0817,2025,Nuclear Physics,PROSTAFF
synthetic_repo_069,synthetic_user_0861,2025,Nuclear Physics,UNDRGRAD
synthetic_repo_069,synthetic_user_0897,2025,Nuclear Physics,POSTDOC
synthetic_repo_069,synthetic_user_0927,2025,Nuclear Physics,FACULTY
synthetic_repo_069,synthetic_user_1003,2025,Nuclear Physics,UNDRGRAD
synthetic_repo_069,synthetic_user_1074,2025,Nuclear Physics,POSTDOC
synthetic_repo_069,synthetic_user_1089,2025,Nuclear Physics,POSTDOC
synthetic_repo_069,synthetic_user_1094,2025,Nuclear Physics,UNDRGRAD
synthetic_repo_069,synthetic_user_1107,2025,Nuclear Physics,PROSTAFF
synthetic_repo_069,synthetic_user_1130,2025,Nuclear Physics,PROSTAFF
synthetic_repo_070,synthetic_user_0020,2025,Nuclear Physics,FACULTY
synthetic_repo_070,synthetic_user_0021,2025,Nuclear Physics,OTHER
synthetic_repo_070,synthetic_user_0025,2025,Nuclear Physics,POSTDOC
synthetic_repo_070,synthetic_user_0049,2025,Nuclear Physics,PROSTAFF
synthetic_repo_070,synthetic_user_0064,2025,Nuclear Physics,OTHER
synthetic_repo_070,synthetic_user_0068,2025,Nuclear Physics,FACULTY
synthetic_repo_070,synthetic_user_0080,2025,Nuclear Physics,GRADUATE
synthetic_repo_070,synthetic_user_0103,2025,Nuclear Physics,FACULTY
synthetic_repo_070,synthetic_user_0104,2025,Nuclear Physics,GRADUATE
synthetic_repo_070,synthetic_user_0122,2025,Nuclear Physics,POSTDOC
synthetic_repo_070,synthetic_user_0189,2025,Nuclear Physics,SCIENTST
synthetic_repo_070,synthetic_user_0198,2025,Nuclear Physics,GRADUATE
synthetic_repo_070,synthetic_user_0212,2025,Nuclear Physics,PROSTAFF
synthetic_repo_070,synthetic_user_0219,2025,Nuclear Physics,FACULTY
synthetic_repo_070,synthetic_user_0226,2025,Nuclear Physics,POSTDOC
synthetic_repo_070,synthetic_user_0254,2025,Nuclear Physics,POSTDOC
synthetic_repo_070,synthetic_user_0293,2025,Nuclear Physics,GRADUATE
synthetic_repo_070,synthetic_user_0301,2025,Nuclear Physics,FACULTY
synthetic_repo_070,synthetic_user_0339,2025,Nuclear Physics,SCIENTST
synthetic_repo_070,synthetic_user_0367,2025,Nuclear Physics,FACULTY
synthetic_repo_070,synthetic_user_0375,2025,Nuclear Physics,POSTDOC
synthetic_repo_070,synthetic_user_0382,2025,Nuclear Physics,POSTDOC
synthetic_repo_070,synthetic_user_0417,2025,Nuclear Physics,GRADUATE
synthetic_repo_070,synthetic_user_0454,2025,Nuclear Physics,SCIENTST
synthetic_repo_070,synthetic_user_0464,2025,Nuclear Physics,POSTDOC
synthetic_repo_070,synthetic_user_0596,2025,Nuclear Physics,POSTDOC
synthetic_repo_070,synthetic_user_0609,2025,Nuclear Physics,PROSTAFF
synthetic_repo_070,synthetic_user_0610,2025,Nuclear Physics,OTHER
synthetic_repo_070,synthetic_user_0623,2025,Nuclear Physics,POSTDOC
synthetic_repo_070,synthetic_user_0629,2025,Nuclear Physics,SCIENTST
synthetic_repo_070,synthetic_user_0641,2025,Nuclear Physics,GRADUATE
synthetic_repo_070,synthetic_user_0653,2025,Nuclear Physics,POSTDOC
synthetic_repo_070,synthetic_user_0658,2025,Nuclear Physics,GRADUATE
synthetic_repo_070,synthetic_user_0660,2025,Nuclear Physics,PROSTAFF
synthetic_repo_070,synthetic_user_0670,2025,Nuclear Physics,PROSTAFF
synthetic_repo_070,synthetic_user_0677,2025,Nuclear Physics,FACULTY
synthetic_repo_070,synthetic_user_0681,2025,Nuclear Physics,GRADUATE
synthetic_repo_070,synthetic_user_0710,2025,Nuclear Physics,SCIENTST
synthetic_repo_070,synthetic_user_0734,2025,Nuclear Physics,SCIENTST
synthetic_repo_070,synthetic_user_0735,2025,Nuclear Physics,POSTDOC
synthetic_repo_070,synthetic_user_0748,2025,Nuclear Physics,UNDRGRAD
synthetic_repo_070,synthetic_user_0758,2025,Nuclear Physics,POSTDOC
synthetic_repo_070,synthetic_user_0771,2025,Nuclear Physics,PROSTAFF
synthetic_repo_070,synthetic_user_0779,2025,Nuclear Physics,PROSTAFF
synthetic_repo_070,synthetic_user_0789,2025,Nuclear Physics,SCIENTST
synthetic_repo_070,synthetic_user_0802,2025,Nuclear Physics,POSTDOC
synthetic_repo_070,synthetic_user_0817,2025,Nuclear Physics,PROSTAFF
synthetic_repo_070,synthetic_user_0828,2025,Nuclear Physics,POSTDOC
synthetic_repo_070,synthetic_user_0846,2025,Nuclear Physics,GRADUATE
synthetic_repo_070,synthetic_user_0861,2025,Nuclear Physics,UNDRGRAD
synthetic_repo_070,synthetic_user_0863,2025,Nuclear Physics,PROSTAFF
synthetic_repo_070,synthetic_user_0881,2025,Nuclear Physics,SCIENTST
synthetic_repo_070,synthetic_user_0897,2025,Nuclear Physics,POSTDOC
synthetic_repo_070,synthetic_user_0899,2025,Nuclear Physics,FACULTY
synthetic_repo_070,synthetic_user_0913,2025,Nuclear Physics,FACULTY
synthetic_repo_070,synthetic_user_0927,2025,Nuclear Physics,FACULTY
synthetic_repo_070,synthetic_user_0974,2025,Nuclear Physics,SCIENTST
synthetic_repo_070,synthetic_user_1003,2025,Nuclear Physics,UNDRGRAD
synthetic_repo_070,synthetic_user_1022,2025,Nuclear Physics,NONE
synthetic_repo_070,synthetic_user_1074,2025,Nuclear Physics,POSTDOC
synthetic_repo_070,synthetic_user_1089,2025,Nuclear Physics,POSTDOC
synthetic_repo_070,synthetic_user_1094,2025,Nuclear Physics,UNDRGRAD
synthetic_repo_070,synthetic_user_1107,2025,Nuclear Physics,PROSTAFF
synthetic_repo_070,synthetic_user_1130,2025,Nuclear Physics,PROSTAFF
synthetic_repo_071,synthetic_user_0267,2025,ASCR Leadership Computing Challenge,SCIENTST
synthetic_repo_071,synthetic_user_0359,2025,ASCR Leadership Computing Challenge,PROSTAFF
synthetic_repo_071,synthetic_user_0549,2025,ASCR Leadership Computing Challenge,GRADUATE
synthetic_repo_071,synthetic_user_0867,2025,ASCR Leadership Computing Challenge,FACULTY
synthetic_repo_071,synthetic_user_1056,2025,ASCR Leadership Computing Challenge,SCIENTST
synthetic_repo_073,synthetic_user_0037,2025,ASCR Leadership Computing Challenge,PROSTAFF
synthetic_repo_073,synthetic_user_0112,2025,ASCR Leadership Computing Challenge,GRADUATE
synthetic_repo_073,synthetic_user_0261,2025,ASCR Leadership Computing Challenge,FACULTY
synthetic_repo_073,synthetic_user_0267,2025,ASCR Leadership Computing Challenge,SCIENTST
synthetic_repo_073,synthetic_user_0345,2025,ASCR Leadership Computing Challenge,PROSTAFF
synthetic_repo_073,synthetic_user_0359,2025,ASCR Leadership Computing Challenge,PROSTAFF
synthetic_repo_073,synthetic_user_0441,2025,ASCR Leadership Computing Challenge,POSTDOC
synthetic_repo_073,synthetic_user_0744,2025,ASCR Leadership Computing Challenge,UNDRGRAD
synthetic_repo_073,synthetic_user_0839,2025,ASCR Leadership Computing Challenge,OTHER
synthetic_repo_075,synthetic_user_0037,2025,ASCR Leadership Computing Challenge,PROSTAFF
synthetic_repo_075,synthetic_user_0267,2025,ASCR Leadership Computing Challenge,SCIENTST
synthetic_repo_075,synthetic_user_0359,2025,ASCR Leadership Computing Challenge,PROSTAFF
synthetic_repo_075,synthetic_user_0433,2025,ASCR Leadership Computing Challenge,SCIENTST
synthetic_repo_075,synthetic_user_0434,2025,ASCR Leadership Computing Challenge,POSTDOC
synthetic_repo_075,synthetic_user_0441,2025,ASCR Leadership Computing Challenge,POSTDOC
synthetic_repo_075,synthetic_user_0549,2025,ASCR Leadership Computing Challenge,GRADUATE
synthetic_repo_075,synthetic_user_0601,2025,ASCR Leadership Computing Challenge,PROSTAFF
synthetic_repo_075,synthetic_user_0744,2025,ASCR Leadership Computing Challenge,UNDRGRAD
synthetic_repo_075,synthetic_user_0839,2025,ASCR Leadership Computing Challenge,OTHER
synthetic_repo_075,synthetic_user_0887,2025,ASCR Leadership Computing Challenge,FACULTY
synthetic_repo_075,synthetic_user_1025,2025,ASCR Leadership Computing Challenge,OTHER
synthetic_repo_075,synthetic_user_1056,2025,ASCR Leadership Computing Challenge,SCIENTST
synthetic_repo_076,synthetic_user_0029,2025,ASCR Leadership Computing Challenge,UNDRGRAD
synthetic_repo_076,synthetic_user_0246,2025,ASCR Leadership Computing Challenge,PROSTAFF
synthetic_repo_076,synthetic_user_0312,2025,ASCR Leadership Computing Challenge,FACULTY
synthetic_repo_076,synthetic_user_0345,2025,ASCR Leadership Computing Challenge,PROSTAFF
synthetic_repo_076,synthetic_user_0369,2025,ASCR Leadership Computing Challenge,OTHER
synthetic_repo_076,synthetic_user_0433,2025,ASCR Leadership Computing Challenge,SCIENTST
synthetic_repo_076,synthetic_user_0476,2025,ASCR Leadership Computing Challenge,GRADUATE
synthetic_repo_076,synthetic_user_0549,2025,ASCR Leadership Computing Challenge,GRADUATE
synthetic_repo_076,synthetic_user_0612,2025,ASCR Leadership Computing Challenge,FACULTY
synthetic_repo_076,synthetic_user_0659,2025,ASCR Leadership Computing Challenge,PROSTAFF
synthetic_repo_076,synthetic_user_0744,2025,ASCR Leadership Computing Challenge,UNDRGRAD
synthetic_repo_076,synthetic_user_0839,2025,ASCR Leadership Computing Challenge,OTHER
synthetic_repo_076,synthetic_user_0867,2025,ASCR Leadership Computing Challenge,FACULTY
synthetic_repo_076,synthetic_user_0877,2025,ASCR Leadership Computing Challenge,SCIENTST
synthetic_repo_077,synthetic_user_0055,2025,ASCR Leadership Computing Challenge,FACULTY
synthetic_repo_077,synthetic_user_0138,2025,ASCR Leadership Computing Challenge,FACULTY
synthetic_repo_077,synthetic_user_0261,2025,ASCR Leadership Computing Challenge,FACULTY
synthetic_repo_077,synthetic_user_0267,2025,ASCR Leadership Computing Challenge,SCIENTST
synthetic_repo_077,synthetic_user_0281,2025,ASCR Leadership Computing Challenge,POSTDOC
synthetic_repo_077,synthetic_user_0312,2025,ASCR Leadership Computing Challenge,FACULTY
synthetic_repo_077,synthetic_user_0345,2025,ASCR Leadership Computing Challenge,PROSTAFF
synthetic_repo_077,synthetic_user_0433,2025,ASCR Leadership Computing Challenge,SCIENTST
synthetic_repo_077,synthetic_user_0434,2025,ASCR Leadership Computing Challenge,POSTDOC
synthetic_repo_077,synthetic_user_0441,2025,ASCR Leadership Computing Challenge,POSTDOC
synthetic_repo_077,synthetic_user_0549,2025,ASCR Leadership Computing Challenge,GRADUATE
synthetic_repo_077,synthetic_user_0566,2025,ASCR Leadership Computing Challenge,UNDRGRAD
synthetic_repo_077,synthetic_user_0652,2025,ASCR Leadership Computing Challenge,SCIENTST
synthetic_repo_077,synthetic_user_0659,2025,ASCR Leadership Computing Challenge,PROSTAFF
synthetic_repo_077,synthetic_user_0744,2025,ASCR Leadership Computing Challenge,UNDRGRAD
synthetic_repo_077,synthetic_user_0839,2025,ASCR Leadership Computing Challenge,OTHER
synthetic_repo_077,synthetic_user_0887,2025,ASCR Leadership Computing Challenge,FACULTY
synthetic_repo_077,synthetic_user_0955,2025,ASCR Leadership Computing Challenge,FACULTY
synthetic_repo_077,synthetic_user_1025,2025,ASCR Leadership Computing Challenge,OTHER
synthetic_repo_077,synthetic_user_1031,2025,ASCR Leadership Computing Challenge,SCIENTST
synthetic_repo_078,synthetic_user_0037,2025,ASCR Leadership Computing Challenge,PROSTAFF
synthetic_repo_078,synthetic_user_0112,2025,ASCR Leadership Computing Challenge,GRADUATE
synthetic_repo_078,synthetic_user_0138,2025,ASCR Leadership Computing Challenge,FACULTY
synthetic_repo_078,synthetic_user_0194,2025,ASCR Leadership Computing Challenge,UNDRGRAD
synthetic_repo_078,synthetic_user_0235,2025,ASCR Leadership Computing Challenge,UNDRGRAD
synthetic_repo_078,synthetic_user_0261,2025,ASCR Leadership Computing Challenge,FACULTY
synthetic_repo_078,synthetic_user_0267,2025,ASCR Leadership Computing Challenge,SCIENTST
synthetic_repo_078,synthetic_user_0359,2025,ASCR Leadership Computing Challenge,PROSTAFF
synthetic_repo_078,synthetic_user_0369,2025,ASCR Leadership Computing Challenge,OTHER
synthetic_repo_078,synthetic_user_0433,2025,ASCR Leadership Computing Challenge,SCIENTST
synthetic_repo_078,synthetic_user_0441,2025,ASCR Leadership Computing Challenge,POSTDOC
synthetic_repo_078,synthetic_user_0481,2025,ASCR Leadership Computing Challenge,POSTDOC
synthetic_repo_078,synthetic_user_0549,2025,ASCR Leadership Computing Challenge,GRADUATE
synthetic_repo_078,synthetic_user_0566,2025,ASCR Leadership Computing Challenge,UNDRGRAD
synthetic_repo_078,synthetic_user_0688,2025,ASCR Leadership Computing Challenge,SCIENTST
synthetic_repo_078,synthetic_user_0744,2025,ASCR Leadership Computing Challenge,UNDRGRAD
synthetic_repo_078,synthetic_user_0839,2025,ASCR Leadership Computing Challenge,OTHER
synthetic_repo_078,synthetic_user_0887,2025,ASCR Leadership Computing Challenge,FACULTY
synthetic_repo_078,synthetic_user_0955,2025,ASCR Leadership Computing Challenge,FACULTY
synthetic_repo_078,synthetic_user_1025,2025,ASCR Leadership Computing Challenge,OTHER
synthetic_repo_078,synthetic_user_1082,2025,ASCR Leadership Computing Challenge,POSTDOC
synthetic_repo_079,synthetic_user_0029,2025,ASCR Leadership Computing Challenge,UNDRGRAD
synthetic_repo_079,synthetic_user_0037,2025,ASCR Leadership Computing Challenge,PROSTAFF
synthetic_repo_079,synthetic_user_0138,2025,ASCR Leadership Computing Challenge,FACULTY
synthetic_repo_079,synthetic_user_0235,2025,ASCR Leadership Computing Challenge,UNDRGRAD
synthetic_repo_079,synthetic_user_0261,2025,ASCR Leadership Computing Challenge,FACULTY
synthetic_repo_079,synthetic_user_0264,2025,ASCR Leadership Computing Challenge,SCIENTST
synthetic_repo_079,synthetic_user_0267,2025,ASCR Leadership Computing Challenge,SCIENTST
synthetic_repo_079,synthetic_user_0277,2025,ASCR Leadership Computing Challenge,SCIENTST
synthetic_repo_079,synthetic_user_0312,2025,ASCR Leadership Computing Challenge,FACULTY
synthetic_repo_079,synthetic_user_0359,2025,ASCR Leadership Computing Challenge,PROSTAFF
synthetic_repo_079,synthetic_user_0441,2025,ASCR Leadership Computing Challenge,POSTDOC
synthetic_repo_079,synthetic_user_0446,2025,ASCR Leadership Computing Challenge,POSTDOC
synthetic_repo_079,synthetic_user_0476,2025,ASCR Leadership Computing Challenge,GRADUATE
synthetic_repo_079,synthetic_user_0481,2025,ASCR Leadership Computing Challenge,POSTDOC
synthetic_repo_079,synthetic_user_0549,2025,ASCR Leadership Computing Challenge,GRADUATE
synthetic_repo_079,synthetic_user_0560,2025,ASCR Leadership Computing Challenge,PROSTAFF
synthetic_repo_079,synthetic_user_0561,2025,ASCR Leadership Computing Challenge,POSTDOC
synthetic_repo_079,synthetic_user_0566,2025,ASCR Leadership Computing Challenge,UNDRGRAD
synthetic_repo_079,synthetic_user_0597,2025,ASCR Leadership Computing Challenge,OTHER
synthetic_repo_079,synthetic_user_0652,2025,ASCR Leadership Computing Challenge,SCIENTST
synthetic_repo_079,synthetic_user_0659,2025,ASCR Leadership Computing Challenge,PROSTAFF
synthetic_repo_079,synthetic_user_0688,2025,ASCR Leadership Computing Challenge,SCIENTST
synthetic_repo_079,synthetic_user_0744,2025,ASCR Leadership Computing Challenge,UNDRGRAD
synthetic_repo_079,synthetic_user_0795,2025,ASCR Leadership Computing Challenge,OTHER
synthetic_repo_079,synthetic_user_0839,2025,ASCR Leadership Computing Challenge,OTHER
synthetic_repo_079,synthetic_user_0867,2025,ASCR Leadership Computing Challenge,FACULTY
synthetic_repo_079,synthetic_user_0877,2025,ASCR Leadership Computing Challenge,SCIENTST
synthetic_repo_079,synthetic_user_0887,2025,ASCR Leadership Computing Challenge,FACULTY
synthetic_repo_079,synthetic_user_0955,2025,ASCR Leadership Computing Challenge,FACULTY
synthetic_repo_079,synthetic_user_0990,2025,ASCR Leadership Computing Challenge,PROSTAFF
synthetic_repo_079,synthetic_user_1025,2025,ASCR Leadership Computing Challenge,OTHER
synthetic_repo_079,synthetic_user_1056,2025,ASCR Leadership Computing Challenge,SCIENTST
synthetic_repo_079,synthetic_user_1082,2025,ASCR Leadership Computing Challenge,POSTDOC
synthetic_repo_079,synthetic_user_1133,2025,ASCR Leadership Computing Challenge,SCIENTST
synthetic_repo_080,synthetic_user_0029,2025,ASCR Leadership Computing Challenge,UNDRGRAD
synthetic_repo_080,synthetic_user_0037,2025,ASCR Leadership Computing Challenge,PROSTAFF
synthetic_repo_080,synthetic_user_0055,2025,ASCR Leadership Computing Challenge,FACULTY
synthetic_repo_080,synthetic_user_0056,2025,ASCR Leadership Computing Challenge,POSTDOC
synthetic_repo_080,synthetic_user_0065,2025,ASCR Leadership Computing Challenge,NONE
synthetic_repo_080,synthetic_user_0112,2025,ASCR Leadership Computing Challenge,GRADUATE
synthetic_repo_080,synthetic_user_0138,2025,ASCR Leadership Computing Challenge,FACULTY
synthetic_repo_080,synthetic_user_0204,2025,ASCR Leadership Computing Challenge,SCIENTST
synthetic_repo_080,synthetic_user_0235,2025,ASCR Leadership Computing Challenge,UNDRGRAD
synthetic_repo_080,synthetic_user_0261,2025,ASCR Leadership Computing Challenge,FACULTY
synthetic_repo_080,synthetic_user_0264,2025,ASCR Leadership Computing Challenge,SCIENTST
synthetic_repo_080,synthetic_user_0267,2025,ASCR Leadership Computing Challenge,SCIENTST
synthetic_repo_080,synthetic_user_0277,2025,ASCR Leadership Computing Challenge,SCIENTST
synthetic_repo_080,synthetic_user_0312,2025,ASCR Leadership Computing Challenge,FACULTY
synthetic_repo_080,synthetic_user_0324,2025,ASCR Leadership Computing Challenge,UNDRGRAD
synthetic_repo_080,synthetic_user_0345,2025,ASCR Leadership Computing Challenge,PROSTAFF
synthetic_repo_080,synthetic_user_0356,2025,ASCR Leadership Computing Challenge,SCIENTST
synthetic_repo_080,synthetic_user_0359,2025,ASCR Leadership Computing Challenge,PROSTAFF
synthetic_repo_080,synthetic_user_0369,2025,ASCR Leadership Computing Challenge,OTHER
synthetic_repo_080,synthetic_user_0433,2025,ASCR Leadership Computing Challenge,SCIENTST
synthetic_repo_080,synthetic_user_0434,2025,ASCR Leadership Computing Challenge,POSTDOC
synthetic_repo_080,synthetic_user_0441,2025,ASCR Leadership Computing Challenge,POSTDOC
synthetic_repo_080,synthetic_user_0446,2025,ASCR Leadership Computing Challenge,POSTDOC
synthetic_repo_080,synthetic_user_0476,2025,ASCR Leadership Computing Challenge,GRADUATE
synthetic_repo_080,synthetic_user_0481,2025,ASCR Leadership Computing Challenge,POSTDOC
synthetic_repo_080,synthetic_user_0549,2025,ASCR Leadership Computing Challenge,GRADUATE
synthetic_repo_080,synthetic_user_0560,2025,ASCR Leadership Computing Challenge,PROSTAFF
synthetic_repo_080,synthetic_user_0566,2025,ASCR Leadership Computing Challenge,UNDRGRAD
synthetic_repo_080,synthetic_user_0568,2025,ASCR Leadership Computing Challenge,SCIENTST
synthetic_repo_080,synthetic_user_0597,2025,ASCR Leadership Computing Challenge,OTHER
synthetic_repo_080,synthetic_user_0601,2025,ASCR Leadership Computing Challenge,PROSTAFF
synthetic_repo_080,synthetic_user_0652,2025,ASCR Leadership Computing Challenge,SCIENTST
synthetic_repo_080,synthetic_user_0659,2025,ASCR Leadership Computing Challenge,PROSTAFF
synthetic_repo_080,synthetic_user_0676,2025,ASCR Leadership Computing Challenge,POSTDOC
synthetic_repo_080,synthetic_user_0688,2025,ASCR Leadership Computing Challenge,SCIENTST
synthetic_repo_080,synthetic_user_0744,2025,ASCR Leadership Computing Challenge,UNDRGRAD
synthetic_repo_080,synthetic_user_0749,2025,ASCR Leadership Computing Challenge,GRADUATE
synthetic_repo_080,synthetic_user_0795,2025,ASCR Leadership Computing Challenge,OTHER
synthetic_repo_080,synthetic_user_0839,2025,ASCR Leadership Computing Challenge,OTHER
synthetic_repo_080,synthetic_user_0867,2025,ASCR Leadership Computing Challenge,FACULTY
synthetic_repo_080,synthetic_user_0887,2025,ASCR Leadership Computing Challenge,FACULTY
synthetic_repo_080,synthetic_user_0955,2025,ASCR Leadership Computing Challenge,FACULTY
synthetic_repo_080,synthetic_user_0990,2025,ASCR Leadership Computing Challenge,PROSTAFF
synthetic_repo_080,synthetic_user_1025,2025,ASCR Leadership Computing Challenge,OTHER
synthetic_repo_080,synthetic_user_1031,2025,ASCR Leadership Computing Challenge,SCIENTST
synthetic_repo_080,synthetic_user_1048,2025,ASCR Leadership Computing Challenge,POSTDOC
synthetic_repo_080,synthetic_user_1056,2025,ASCR Leadership Computing Challenge,SCIENTST
synthetic_repo_080,synthetic_user_1082,2025,ASCR Leadership Computing Challenge,POSTDOC
synthetic_repo_080,synthetic_user_1121,2025,ASCR Leadership Computing Challenge,NONE
synthetic_repo_080,synthetic_user_1143,2025,ASCR Leadership Computing Challenge,GRADUATE
synthetic_repo_080,synthetic_user_1159,2025,ASCR Leadership Computing Challenge,PROSTAFF
synthetic_singleton_repo_06,synthetic_user_1198,2025,Fusion Energy Sciences,POSTDOC
synthetic_repo_001,synthetic_user_0090,2026,Basic Energy Sciences,PROSTAFF
synthetic_repo_001,synthetic_user_0290,2026,Basic Energy Sciences,PROSTAFF
synthetic_repo_001,synthetic_user_0731,2026,Basic Energy Sciences,PROSTAFF
synthetic_repo_001,synthetic_user_0864,2026,Basic Energy Sciences,POSTDOC
synthetic_repo_001,synthetic_user_1017,2026,Basic Energy Sciences,FACULTY
synthetic_repo_003,synthetic_user_0011,2026,Basic Energy Sciences,NONE
synthetic_repo_003,synthetic_user_0290,2026,Basic Energy Sciences,PROSTAFF
synthetic_repo_003,synthetic_user_0404,2026,Basic Energy Sciences,UNDRGRAD
synthetic_repo_003,synthetic_user_0640,2026,Basic Energy Sciences,NONE
synthetic_repo_003,synthetic_user_0673,2026,Basic Energy Sciences,GRADUATE
synthetic_repo_003,synthetic_user_0731,2026,Basic Energy Sciences,PROSTAFF
synthetic_repo_003,synthetic_user_0959,2026,Basic Energy Sciences,PROSTAFF
synthetic_repo_006,synthetic_user_0002,2026,Basic Energy Sciences,NONE
synthetic_repo_006,synthetic_user_0011,2026,Basic Energy Sciences,NONE
synthetic_repo_006,synthetic_user_0067,2026,Basic Energy Sciences,POSTDOC
synthetic_repo_006,synthetic_user_0280,2026,Basic Energy Sciences,FACULTY
synthetic_repo_006,synthetic_user_0290,2026,Basic Energy Sciences,PROSTAFF
synthetic_repo_006,synthetic_user_0311,2026,Basic Energy Sciences,UNDRGRAD
synthetic_repo_006,synthetic_user_0337,2026,Basic Energy Sciences,SCIENTST
synthetic_repo_006,synthetic_user_0372,2026,Basic Energy Sciences,GRADUATE
synthetic_repo_006,synthetic_user_0396,2026,Basic Energy Sciences,FACULTY
synthetic_repo_006,synthetic_user_0404,2026,Basic Energy Sciences,UNDRGRAD
synthetic_repo_006,synthetic_user_0448,2026,Basic Energy Sciences,OTHER
synthetic_repo_006,synthetic_user_0555,2026,Basic Energy Sciences,GRADUATE
synthetic_repo_006,synthetic_user_0606,2026,Basic Energy Sciences,GRADUATE
synthetic_repo_006,synthetic_user_0621,2026,Basic Energy Sciences,POSTDOC
synthetic_repo_006,synthetic_user_0640,2026,Basic Energy Sciences,NONE
synthetic_repo_006,synthetic_user_0704,2026,Basic Energy Sciences,GRADUATE
synthetic_repo_006,synthetic_user_0731,2026,Basic Energy Sciences,PROSTAFF
synthetic_repo_006,synthetic_user_0864,2026,Basic Energy Sciences,POSTDOC
synthetic_repo_006,synthetic_user_1017,2026,Basic Energy Sciences,FACULTY
synthetic_repo_007,synthetic_user_0011,2026,Basic Energy Sciences,NONE
synthetic_repo_007,synthetic_user_0032,2026,Basic Energy Sciences,GRADUATE
synthetic_repo_007,synthetic_user_0067,2026,Basic Energy Sciences,POSTDOC
synthetic_repo_007,synthetic_user_0090,2026,Basic Energy Sciences,PROSTAFF
synthetic_repo_007,synthetic_user_0280,2026,Basic Energy Sciences,FACULTY
synthetic_repo_007,synthetic_user_0290,2026,Basic Energy Sciences,PROSTAFF
synthetic_repo_007,synthetic_user_0328,2026,Basic Energy Sciences,PROSTAFF
synthetic_repo_007,synthetic_user_0396,2026,Basic Energy Sciences,FACULTY
synthetic_repo_007,synthetic_user_0425,2026,Basic Energy Sciences,PROSTAFF
synthetic_repo_007,synthetic_user_0448,2026,Basic Energy Sciences,OTHER
synthetic_repo_007,synthetic_user_0506,2026,Basic Energy Sciences,FACULTY
synthetic_repo_007,synthetic_user_0555,2026,Basic Energy Sciences,GRADUATE
synthetic_repo_007,synthetic_user_0621,2026,Basic Energy Sciences,POSTDOC
synthetic_repo_007,synthetic_user_0640,2026,Basic Energy Sciences,NONE
synthetic_repo_007,synthetic_user_0704,2026,Basic Energy Sciences,GRADUATE
synthetic_repo_007,synthetic_user_0731,2026,Basic Energy Sciences,PROSTAFF
synthetic_repo_007,synthetic_user_0864,2026,Basic Energy Sciences,POSTDOC
synthetic_repo_007,synthetic_user_1017,2026,Basic Energy Sciences,FACULTY
synthetic_repo_009,synthetic_user_0002,2026,Basic Energy Sciences,NONE
synthetic_repo_009,synthetic_user_0011,2026,Basic Energy Sciences,NONE
synthetic_repo_009,synthetic_user_0032,2026,Basic Energy Sciences,GRADUATE
synthetic_repo_009,synthetic_user_0067,2026,Basic Energy Sciences,POSTDOC
synthetic_repo_009,synthetic_user_0073,2026,Basic Energy Sciences,SCIENTST
synthetic_repo_009,synthetic_user_0090,2026,Basic Energy Sciences,PROSTAFF
synthetic_repo_009,synthetic_user_0174,2026,Basic Energy Sciences,POSTDOC
synthetic_repo_009,synthetic_user_0191,2026,Basic Energy Sciences,FACULTY
synthetic_repo_009,synthetic_user_0280,2026,Basic Energy Sciences,FACULTY
synthetic_repo_009,synthetic_user_0290,2026,Basic Energy Sciences,PROSTAFF
synthetic_repo_009,synthetic_user_0311,2026,Basic Energy Sciences,UNDRGRAD
synthetic_repo_009,synthetic_user_0328,2026,Basic Energy Sciences,PROSTAFF
synthetic_repo_009,synthetic_user_0337,2026,Basic Energy Sciences,SCIENTST
synthetic_repo_009,synthetic_user_0372,2026,Basic Energy Sciences,GRADUATE
synthetic_repo_009,synthetic_user_0396,2026,Basic Energy Sciences,FACULTY
synthetic_repo_009,synthetic_user_0404,2026,Basic Energy Sciences,UNDRGRAD
synthetic_repo_009,synthetic_user_0423,2026,Basic Energy Sciences,FACULTY
synthetic_repo_009,synthetic_user_0425,2026,Basic Energy Sciences,PROSTAFF
synthetic_repo_009,synthetic_user_0448,2026,Basic Energy Sciences,OTHER
synthetic_repo_009,synthetic_user_0463,2026,Basic Energy Sciences,GRADUATE
synthetic_repo_009,synthetic_user_0506,2026,Basic Energy Sciences,FACULTY
synthetic_repo_009,synthetic_user_0522,2026,Basic Energy Sciences,POSTDOC
synthetic_repo_009,synthetic_user_0555,2026,Basic Energy Sciences,GRADUATE
synthetic_repo_009,synthetic_user_0606,2026,Basic Energy Sciences,GRADUATE
synthetic_repo_009,synthetic_user_0621,2026,Basic Energy Sciences,POSTDOC
synthetic_repo_009,synthetic_user_0640,2026,Basic Energy Sciences,NONE
synthetic_repo_009,synthetic_user_0673,2026,Basic Energy Sciences,GRADUATE
synthetic_repo_009,synthetic_user_0678,2026,Basic Energy Sciences,POSTDOC
synthetic_repo_009,synthetic_user_0704,2026,Basic Energy Sciences,GRADUATE
synthetic_repo_009,synthetic_user_0731,2026,Basic Energy Sciences,PROSTAFF
synthetic_repo_009,synthetic_user_0736,2026,Basic Energy Sciences,POSTDOC
synthetic_repo_009,synthetic_user_0846,2026,Basic Energy Sciences,GRADUATE
synthetic_repo_009,synthetic_user_0864,2026,Basic Energy Sciences,POSTDOC
synthetic_repo_009,synthetic_user_0890,2026,Basic Energy Sciences,SCIENTST
synthetic_repo_009,synthetic_user_0917,2026,Basic Energy Sciences,GRADUATE
synthetic_repo_009,synthetic_user_0959,2026,Basic Energy Sciences,PROSTAFF
synthetic_repo_009,synthetic_user_1017,2026,Basic Energy Sciences,FACULTY
synthetic_repo_009,synthetic_user_1055,2026,Basic Energy Sciences,FACULTY
synthetic_repo_009,synthetic_user_1095,2026,Basic Energy Sciences,PROSTAFF
synthetic_repo_009,synthetic_user_1119,2026,Basic Energy Sciences,PROSTAFF
synthetic_repo_010,synthetic_user_0001,2026,Basic Energy Sciences,POSTDOC
synthetic_repo_010,synthetic_user_0002,2026,Basic Energy Sciences,NONE
synthetic_repo_010,synthetic_user_0011,2026,Basic Energy Sciences,NONE
synthetic_repo_010,synthetic_user_0032,2026,Basic Energy Sciences,GRADUATE
synthetic_repo_010,synthetic_user_0067,2026,Basic Energy Sciences,POSTDOC
synthetic_repo_010,synthetic_user_0073,2026,Basic Energy Sciences,SCIENTST
synthetic_repo_010,synthetic_user_0090,2026,Basic Energy Sciences,PROSTAFF
synthetic_repo_010,synthetic_user_0174,2026,Basic Energy Sciences,POSTDOC
synthetic_repo_010,synthetic_user_0191,2026,Basic Energy Sciences,FACULTY
synthetic_repo_010,synthetic_user_0280,2026,Basic Energy Sciences,FACULTY
synthetic_repo_010,synthetic_user_0290,2026,Basic Energy Sciences,PROSTAFF
synthetic_repo_010,synthetic_user_0311,2026,Basic Energy Sciences,UNDRGRAD
synthetic_repo_010,synthetic_user_0328,2026,Basic Energy Sciences,PROSTAFF
synthetic_repo_010,synthetic_user_0337,2026,Basic Energy Sciences,SCIENTST
synthetic_repo_010,synthetic_user_0372,2026,Basic Energy Sciences,GRADUATE
synthetic_repo_010,synthetic_user_0396,2026,Basic Energy Sciences,FACULTY
synthetic_repo_010,synthetic_user_0404,2026,Basic Energy Sciences,UNDRGRAD
synthetic_repo_010,synthetic_user_0423,2026,Basic Energy Sciences,FACULTY
synthetic_repo_010,synthetic_user_0425,2026,Basic Energy Sciences,PROSTAFF
synthetic_repo_010,synthetic_user_0448,2026,Basic Energy Sciences,OTHER
synthetic_repo_010,synthetic_user_0463,2026,Basic Energy Sciences,GRADUATE
synthetic_repo_010,synthetic_user_0497,2026,Basic Energy Sciences,FACULTY
synthetic_repo_010,synthetic_user_0506,2026,Basic Energy Sciences,FACULTY
synthetic_repo_010,synthetic_user_0522,2026,Basic Energy Sciences,POSTDOC
synthetic_repo_010,synthetic_user_0555,2026,Basic Energy Sciences,GRADUATE
synthetic_repo_010,synthetic_user_0606,2026,Basic Energy Sciences,GRADUATE
synthetic_repo_010,synthetic_user_0621,2026,Basic Energy Sciences,POSTDOC
synthetic_repo_010,synthetic_user_0629,2026,Basic Energy Sciences,SCIENTST
synthetic_repo_010,synthetic_user_0640,2026,Basic Energy Sciences,NONE
synthetic_repo_010,synthetic_user_0654,2026,Basic Energy Sciences,SCIENTST
synthetic_repo_010,synthetic_user_0673,2026,Basic Energy Sciences,GRADUATE
synthetic_repo_010,synthetic_user_0678,2026,Basic Energy Sciences,POSTDOC
synthetic_repo_010,synthetic_user_0704,2026,Basic Energy Sciences,GRADUATE
synthetic_repo_010,synthetic_user_0731,2026,Basic Energy Sciences,PROSTAFF
synthetic_repo_010,synthetic_user_0736,2026,Basic Energy Sciences,POSTDOC
synthetic_repo_010,synthetic_user_0813,2026,Basic Energy Sciences,FACULTY
synthetic_repo_010,synthetic_user_0846,2026,Basic Energy Sciences,GRADUATE
synthetic_repo_010,synthetic_user_0864,2026,Basic Energy Sciences,POSTDOC
synthetic_repo_010,synthetic_user_0890,2026,Basic Energy Sciences,SCIENTST
synthetic_repo_010,synthetic_user_0917,2026,Basic Energy Sciences,GRADUATE
synthetic_repo_010,synthetic_user_0959,2026,Basic Energy Sciences,PROSTAFF
synthetic_repo_010,synthetic_user_1017,2026,Basic Energy Sciences,FACULTY
synthetic_repo_010,synthetic_user_1055,2026,Basic Energy Sciences,FACULTY
synthetic_repo_010,synthetic_user_1095,2026,Basic Energy Sciences,PROSTAFF
synthetic_repo_010,synthetic_user_1119,2026,Basic Energy Sciences,PROSTAFF
synthetic_repo_011,synthetic_user_0427,2026,High Energy Physics,GRADUATE
synthetic_repo_011,synthetic_user_0474,2026,High Energy Physics,OTHER
synthetic_repo_011,synthetic_user_0620,2026,High Energy Physics,PROSTAFF
synthetic_repo_011,synthetic_user_0682,2026,High Energy Physics,POSTDOC
synthetic_repo_011,synthetic_user_0898,2026,High Energy Physics,POSTDOC
synthetic_repo_011,synthetic_user_1039,2026,High Energy Physics,POSTDOC
synthetic_repo_013,synthetic_user_0427,2026,High Energy Physics,GRADUATE
synthetic_repo_013,synthetic_user_0474,2026,High Energy Physics,OTHER
synthetic_repo_013,synthetic_user_0537,2026,High Energy Physics,SCIENTST
synthetic_repo_013,synthetic_user_0642,2026,High Energy Physics,SCIENTST
synthetic_repo_013,synthetic_user_0682,2026,High Energy Physics,POSTDOC
synthetic_repo_013,synthetic_user_0892,2026,High Energy Physics,POSTDOC
synthetic_repo_013,synthetic_user_1020,2026,High Energy Physics,GRADUATE
synthetic_repo_013,synthetic_user_1039,2026,High Energy Physics,POSTDOC
synthetic_repo_013,synthetic_user_1101,2026,High Energy Physics,POSTDOC
synthetic_repo_016,synthetic_user_0162,2026,High Energy Physics,PROSTAFF
synthetic_repo_016,synthetic_user_0341,2026,High Energy Physics,PROSTAFF
synthetic_repo_016,synthetic_user_0380,2026,High Energy Physics,POSTDOC
synthetic_repo_016,synthetic_user_0427,2026,High Energy Physics,GRADUATE
synthetic_repo_016,synthetic_user_0429,2026,High Energy Physics,SCIENTST
synthetic_repo_016,synthetic_user_0430,2026,High Energy Physics,FACULTY
synthetic_repo_016,synthetic_user_0474,2026,High Energy Physics,OTHER
synthetic_repo_016,synthetic_user_0529,2026,High Energy Physics,POSTDOC
synthetic_repo_016,synthetic_user_0557,2026,High Energy Physics,FACULTY
synthetic_repo_016,synthetic_user_0620,2026,High Energy Physics,PROSTAFF
synthetic_repo_016,synthetic_user_0635,2026,High Energy Physics,SCIENTST
synthetic_repo_016,synthetic_user_0642,2026,High Energy Physics,SCIENTST
synthetic_repo_016,synthetic_user_0643,2026,High Energy Physics,UNDRGRAD
synthetic_repo_016,synthetic_user_0682,2026,High Energy Physics,POSTDOC
synthetic_repo_016,synthetic_user_0713,2026,High Energy Physics,PROSTAFF
synthetic_repo_016,synthetic_user_0814,2026,High Energy Physics,GRADUATE
synthetic_repo_016,synthetic_user_1020,2026,High Energy Physics,GRADUATE
synthetic_repo_016,synthetic_user_1039,2026,High Energy Physics,POSTDOC
synthetic_repo_017,synthetic_user_0067,2026,High Energy Physics,POSTDOC
synthetic_repo_017,synthetic_user_0162,2026,High Energy Physics,PROSTAFF
synthetic_repo_017,synthetic_user_0224,2026,High Energy Physics,POSTDOC
synthetic_repo_017,synthetic_user_0427,2026,High Energy Physics,GRADUATE
synthetic_repo_017,synthetic_user_0429,2026,High Energy Physics,SCIENTST
synthetic_repo_017,synthetic_user_0430,2026,High Energy Physics,FACULTY
synthetic_repo_017,synthetic_user_0431,2026,High Energy Physics,OTHER
synthetic_repo_017,synthetic_user_0474,2026,High Energy Physics,OTHER
synthetic_repo_017,synthetic_user_0525,2026,High Energy Physics,UNDRGRAD
synthetic_repo_017,synthetic_user_0529,2026,High Energy Physics,POSTDOC
synthetic_repo_017,synthetic_user_0635,2026,High Energy Physics,SCIENTST
synthetic_repo_017,synthetic_user_0643,2026,High Energy Physics,UNDRGRAD
synthetic_repo_017,synthetic_user_0682,2026,High Energy Physics,POSTDOC
synthetic_repo_017,synthetic_user_0713,2026,High Energy Physics,PROSTAFF
synthetic_repo_017,synthetic_user_0751,2026,High Energy Physics,FACULTY
synthetic_repo_017,synthetic_user_0892,2026,High Energy Physics,POSTDOC
synthetic_repo_017,synthetic_user_0953,2026,High Energy Physics,SCIENTST
synthetic_repo_017,synthetic_user_1020,2026,High Energy Physics,GRADUATE
synthetic_repo_017,synthetic_user_1039,2026,High Energy Physics,POSTDOC
synthetic_repo_017,synthetic_user_1073,2026,High Energy Physics,OTHER
synthetic_repo_017,synthetic_user_1098,2026,High Energy Physics,GRADUATE
synthetic_repo_017,synthetic_user_1167,2026,High Energy Physics,FACULTY
synthetic_repo_019,synthetic_user_0067,2026,High Energy Physics,POSTDOC
synthetic_repo_019,synthetic_user_0162,2026,High Energy Physics,PROSTAFF
synthetic_repo_019,synthetic_user_0178,2026,High Energy Physics,UNDRGRAD
synthetic_repo_019,synthetic_user_0224,2026,High Energy Physics,POSTDOC
synthetic_repo_019,synthetic_user_0341,2026,High Energy Physics,PROSTAFF
synthetic_repo_019,synthetic_user_0380,2026,High Energy Physics,POSTDOC
synthetic_repo_019,synthetic_user_0390,2026,High Energy Physics,GRADUATE
synthetic_repo_019,synthetic_user_0399,2026,High Energy Physics,POSTDOC
synthetic_repo_019,synthetic_user_0427,2026,High Energy Physics,GRADUATE
synthetic_repo_019,synthetic_user_0429,2026,High Energy Physics,SCIENTST
synthetic_repo_019,synthetic_user_0430,2026,High Energy Physics,FACULTY
synthetic_repo_019,synthetic_user_0474,2026,High Energy Physics,OTHER
synthetic_repo_019,synthetic_user_0525,2026,High Energy Physics,UNDRGRAD
synthetic_repo_019,synthetic_user_0529,2026,High Energy Physics,POSTDOC
synthetic_repo_019,synthetic_user_0537,2026,High Energy Physics,SCIENTST
synthetic_repo_019,synthetic_user_0557,2026,High Energy Physics,FACULTY
synthetic_repo_019,synthetic_user_0563,2026,High Energy Physics,POSTDOC
synthetic_repo_019,synthetic_user_0594,2026,High Energy Physics,POSTDOC
synthetic_repo_019,synthetic_user_0620,2026,High Energy Physics,PROSTAFF
synthetic_repo_019,synthetic_user_0635,2026,High Energy Physics,SCIENTST
synthetic_repo_019,synthetic_user_0642,2026,High Energy Physics,SCIENTST
synthetic_repo_019,synthetic_user_0682,2026,High Energy Physics,POSTDOC
synthetic_repo_019,synthetic_user_0713,2026,High Energy Physics,PROSTAFF
synthetic_repo_019,synthetic_user_0751,2026,High Energy Physics,FACULTY
synthetic_repo_019,synthetic_user_0775,2026,High Energy Physics,PROSTAFF
synthetic_repo_019,synthetic_user_0814,2026,High Energy Physics,GRADUATE
synthetic_repo_019,synthetic_user_0892,2026,High Energy Physics,POSTDOC
synthetic_repo_019,synthetic_user_0898,2026,High Energy Physics,POSTDOC
synthetic_repo_019,synthetic_user_0953,2026,High Energy Physics,SCIENTST
synthetic_repo_019,synthetic_user_0980,2026,High Energy Physics,GRADUATE
synthetic_repo_019,synthetic_user_1020,2026,High Energy Physics,GRADUATE
synthetic_repo_019,synthetic_user_1029,2026,High Energy Physics,SCIENTST
synthetic_repo_019,synthetic_user_1039,2026,High Energy Physics,POSTDOC
synthetic_repo_019,synthetic_user_1073,2026,High Energy Physics,OTHER
synthetic_repo_019,synthetic_user_1077,2026,High Energy Physics,FACULTY
synthetic_repo_019,synthetic_user_1098,2026,High Energy Physics,GRADUATE
synthetic_repo_019,synthetic_user_1100,2026,High Energy Physics,FACULTY
synthetic_repo_019,synthetic_user_1101,2026,High Energy Physics,POSTDOC
synthetic_repo_019,synthetic_user_1167,2026,High Energy Physics,FACULTY
synthetic_repo_019,synthetic_user_1180,2026,High Energy Physics,POSTDOC
synthetic_repo_020,synthetic_user_0067,2026,High Energy Physics,POSTDOC
synthetic_repo_020,synthetic_user_0162,2026,High Energy Physics,PROSTAFF
synthetic_repo_020,synthetic_user_0178,2026,High Energy Physics,UNDRGRAD
synthetic_repo_020,synthetic_user_0224,2026,High Energy Physics,POSTDOC
synthetic_repo_020,synthetic_user_0341,2026,High Energy Physics,PROSTAFF
synthetic_repo_020,synthetic_user_0361,2026,High Energy Physics,POSTDOC
synthetic_repo_020,synthetic_user_0380,2026,High Energy Physics,POSTDOC
synthetic_repo_020,synthetic_user_0390,2026,High Energy Physics,GRADUATE
synthetic_repo_020,synthetic_user_0399,2026,High Energy Physics,POSTDOC
synthetic_repo_020,synthetic_user_0427,2026,High Energy Physics,GRADUATE
synthetic_repo_020,synthetic_user_0429,2026,High Energy Physics,SCIENTST
synthetic_repo_020,synthetic_user_0430,2026,High Energy Physics,FACULTY
synthetic_repo_020,synthetic_user_0431,2026,High Energy Physics,OTHER
synthetic_repo_020,synthetic_user_0474,2026,High Energy Physics,OTHER
synthetic_repo_020,synthetic_user_0525,2026,High Energy Physics,UNDRGRAD
synthetic_repo_020,synthetic_user_0529,2026,High Energy Physics,POSTDOC
synthetic_repo_020,synthetic_user_0537,2026,High Energy Physics,SCIENTST
synthetic_repo_020,synthetic_user_0557,2026,High Energy Physics,FACULTY
synthetic_repo_020,synthetic_user_0563,2026,High Energy Physics,POSTDOC
synthetic_repo_020,synthetic_user_0594,2026,High Energy Physics,POSTDOC
synthetic_repo_020,synthetic_user_0620,2026,High Energy Physics,PROSTAFF
synthetic_repo_020,synthetic_user_0635,2026,High Energy Physics,SCIENTST
synthetic_repo_020,synthetic_user_0642,2026,High Energy Physics,SCIENTST
synthetic_repo_020,synthetic_user_0643,2026,High Energy Physics,UNDRGRAD
synthetic_repo_020,synthetic_user_0654,2026,High Energy Physics,SCIENTST
synthetic_repo_020,synthetic_user_0682,2026,High Energy Physics,POSTDOC
synthetic_repo_020,synthetic_user_0713,2026,High Energy Physics,PROSTAFF
synthetic_repo_020,synthetic_user_0751,2026,High Energy Physics,FACULTY
synthetic_repo_020,synthetic_user_0775,2026,High Energy Physics,PROSTAFF
synthetic_repo_020,synthetic_user_0814,2026,High Energy Physics,GRADUATE
synthetic_repo_020,synthetic_user_0892,2026,High Energy Physics,POSTDOC
synthetic_repo_020,synthetic_user_0898,2026,High Energy Physics,POSTDOC
synthetic_repo_020,synthetic_user_0953,2026,High Energy Physics,SCIENTST
synthetic_repo_020,synthetic_user_0980,2026,High Energy Physics,GRADUATE
synthetic_repo_020,synthetic_user_1020,2026,High Energy Physics,GRADUATE
synthetic_repo_020,synthetic_user_1029,2026,High Energy Physics,SCIENTST
synthetic_repo_020,synthetic_user_1039,2026,High Energy Physics,POSTDOC
synthetic_repo_020,synthetic_user_1073,2026,High Energy Physics,OTHER
synthetic_repo_020,synthetic_user_1077,2026,High Energy Physics,FACULTY
synthetic_repo_020,synthetic_user_1098,2026,High Energy Physics,GRADUATE
synthetic_repo_020,synthetic_user_1100,2026,High Energy Physics,FACULTY
synthetic_repo_020,synthetic_user_1101,2026,High Energy Physics,POSTDOC
synthetic_repo_020,synthetic_user_1167,2026,High Energy Physics,FACULTY
synthetic_repo_020,synthetic_user_1180,2026,High Energy Physics,POSTDOC
synthetic_repo_021,synthetic_user_0003,2026,NERSC Directors Reserve,UNDRGRAD
synthetic_repo_021,synthetic_user_0130,2026,NERSC Directors Reserve,GRADUATE
synthetic_repo_021,synthetic_user_0535,2026,NERSC Directors Reserve,FACULTY
synthetic_repo_021,synthetic_user_0935,2026,NERSC Directors Reserve,POSTDOC
synthetic_repo_021,synthetic_user_1111,2026,NERSC Directors Reserve,GRADUATE
synthetic_repo_023,synthetic_user_0332,2026,NERSC Directors Reserve,SCIENTST
synthetic_repo_023,synthetic_user_0525,2026,NERSC Directors Reserve,UNDRGRAD
synthetic_repo_023,synthetic_user_0528,2026,NERSC Directors Reserve,SCIENTST
synthetic_repo_023,synthetic_user_0554,2026,NERSC Directors Reserve,SCIENTST
synthetic_repo_023,synthetic_user_0849,2026,NERSC Directors Reserve,GRADUATE
synthetic_repo_023,synthetic_user_0907,2026,NERSC Directors Reserve,PROSTAFF
synthetic_repo_023,synthetic_user_0935,2026,NERSC Directors Reserve,POSTDOC
synthetic_repo_023,synthetic_user_1111,2026,NERSC Directors Reserve,GRADUATE
synthetic_repo_026,synthetic_user_0120,2026,NERSC Directors Reserve,PROSTAFF
synthetic_repo_026,synthetic_user_0130,2026,NERSC Directors Reserve,GRADUATE
synthetic_repo_026,synthetic_user_0188,2026,NERSC Directors Reserve,GRADUATE
synthetic_repo_026,synthetic_user_0252,2026,NERSC Directors Reserve,SCIENTST
synthetic_repo_026,synthetic_user_0554,2026,NERSC Directors Reserve,SCIENTST
synthetic_repo_026,synthetic_user_0575,2026,NERSC Directors Reserve,SCIENTST
synthetic_repo_026,synthetic_user_0582,2026,NERSC Directors Reserve,SCIENTST
synthetic_repo_026,synthetic_user_0599,2026,NERSC Directors Reserve,SCIENTST
synthetic_repo_026,synthetic_user_0727,2026,NERSC Directors Reserve,PROSTAFF
synthetic_repo_026,synthetic_user_0849,2026,NERSC Directors Reserve,GRADUATE
synthetic_repo_026,synthetic_user_0850,2026,NERSC Directors Reserve,POSTDOC
synthetic_repo_026,synthetic_user_0907,2026,NERSC Directors Reserve,PROSTAFF
synthetic_repo_026,synthetic_user_0935,2026,NERSC Directors Reserve,POSTDOC
synthetic_repo_026,synthetic_user_0996,2026,NERSC Directors Reserve,SCIENTST
synthetic_repo_026,synthetic_user_1011,2026,NERSC Directors Reserve,SCIENTST
synthetic_repo_026,synthetic_user_1111,2026,NERSC Directors Reserve,GRADUATE
synthetic_repo_026,synthetic_user_1142,2026,NERSC Directors Reserve,SCIENTST
synthetic_repo_027,synthetic_user_0003,2026,NERSC Directors Reserve,UNDRGRAD
synthetic_repo_027,synthetic_user_0077,2026,NERSC Directors Reserve,POSTDOC
synthetic_repo_027,synthetic_user_0080,2026,NERSC Directors Reserve,GRADUATE
synthetic_repo_027,synthetic_user_0130,2026,NERSC Directors Reserve,GRADUATE
synthetic_repo_027,synthetic_user_0528,2026,NERSC Directors Reserve,SCIENTST
synthetic_repo_027,synthetic_user_0535,2026,NERSC Directors Reserve,FACULTY
synthetic_repo_027,synthetic_user_0554,2026,NERSC Directors Reserve,SCIENTST
synthetic_repo_027,synthetic_user_0575,2026,NERSC Directors Reserve,SCIENTST
synthetic_repo_027,synthetic_user_0582,2026,NERSC Directors Reserve,SCIENTST
synthetic_repo_027,synthetic_user_0719,2026,NERSC Directors Reserve,SCIENTST
synthetic_repo_027,synthetic_user_0751,2026,NERSC Directors Reserve,FACULTY
synthetic_repo_027,synthetic_user_0771,2026,NERSC Directors Reserve,PROSTAFF
synthetic_repo_027,synthetic_user_0826,2026,NERSC Directors Reserve,POSTDOC
synthetic_repo_027,synthetic_user_0849,2026,NERSC Directors Reserve,GRADUATE
synthetic_repo_027,synthetic_user_0907,2026,NERSC Directors Reserve,PROSTAFF
synthetic_repo_027,synthetic_user_0935,2026,NERSC Directors Reserve,POSTDOC
synthetic_repo_027,synthetic_user_0937,2026,NERSC Directors Reserve,POSTDOC
synthetic_repo_027,synthetic_user_0996,2026,NERSC Directors Reserve,SCIENTST
synthetic_repo_029,synthetic_user_0003,2026,NERSC Directors Reserve,UNDRGRAD
synthetic_repo_029,synthetic_user_0080,2026,NERSC Directors Reserve,GRADUATE
synthetic_repo_029,synthetic_user_0120,2026,NERSC Directors Reserve,PROSTAFF
synthetic_repo_029,synthetic_user_0130,2026,NERSC Directors Reserve,GRADUATE
synthetic_repo_029,synthetic_user_0188,2026,NERSC Directors Reserve,GRADUATE
synthetic_repo_029,synthetic_user_0252,2026,NERSC Directors Reserve,SCIENTST
synthetic_repo_029,synthetic_user_0269,2026,NERSC Directors Reserve,FACULTY
synthetic_repo_029,synthetic_user_0282,2026,NERSC Directors Reserve,SCIENTST
synthetic_repo_029,synthetic_user_0316,2026,NERSC Directors Reserve,FACULTY
synthetic_repo_029,synthetic_user_0332,2026,NERSC Directors Reserve,SCIENTST
synthetic_repo_029,synthetic_user_0346,2026,NERSC Directors Reserve,GRADUATE
synthetic_repo_029,synthetic_user_0385,2026,NERSC Directors Reserve,OTHER
synthetic_repo_029,synthetic_user_0419,2026,NERSC Directors Reserve,SCIENTST
synthetic_repo_029,synthetic_user_0501,2026,NERSC Directors Reserve,FACULTY
synthetic_repo_029,synthetic_user_0525,2026,NERSC Directors Reserve,UNDRGRAD
synthetic_repo_029,synthetic_user_0528,2026,NERSC Directors Reserve,SCIENTST
synthetic_repo_029,synthetic_user_0535,2026,NERSC Directors Reserve,FACULTY
synthetic_repo_029,synthetic_user_0554,2026,NERSC Directors Reserve,SCIENTST
synthetic_repo_029,synthetic_user_0563,2026,NERSC Directors Reserve,POSTDOC
synthetic_repo_029,synthetic_user_0575,2026,NERSC Directors Reserve,SCIENTST
synthetic_repo_029,synthetic_user_0582,2026,NERSC Directors Reserve,SCIENTST
synthetic_repo_029,synthetic_user_0595,2026,NERSC Directors Reserve,FACULTY
synthetic_repo_029,synthetic_user_0722,2026,NERSC Directors Reserve,POSTDOC
synthetic_repo_029,synthetic_user_0727,2026,NERSC Directors Reserve,PROSTAFF
synthetic_repo_029,synthetic_user_0751,2026,NERSC Directors Reserve,FACULTY
synthetic_repo_029,synthetic_user_0773,2026,NERSC Directors Reserve,SCIENTST
synthetic_repo_029,synthetic_user_0816,2026,NERSC Directors Reserve,FACULTY
synthetic_repo_029,synthetic_user_0826,2026,NERSC Directors Reserve,POSTDOC
synthetic_repo_029,synthetic_user_0849,2026,NERSC Directors Reserve,GRADUATE
synthetic_repo_029,synthetic_user_0850,2026,NERSC Directors Reserve,POSTDOC
synthetic_repo_029,synthetic_user_0907,2026,NERSC Directors Reserve,PROSTAFF
synthetic_repo_029,synthetic_user_0935,2026,NERSC Directors Reserve,POSTDOC
synthetic_repo_029,synthetic_user_0937,2026,NERSC Directors Reserve,POSTDOC
synthetic_repo_029,synthetic_user_0996,2026,NERSC Directors Reserve,SCIENTST
synthetic_repo_029,synthetic_user_1111,2026,NERSC Directors Reserve,GRADUATE
synthetic_repo_029,synthetic_user_1142,2026,NERSC Directors Reserve,SCIENTST
synthetic_repo_030,synthetic_user_0003,2026,NERSC Directors Reserve,UNDRGRAD
synthetic_repo_030,synthetic_user_0077,2026,NERSC Directors Reserve,POSTDOC
synthetic_repo_030,synthetic_user_0080,2026,NERSC Directors Reserve,GRADUATE
synthetic_repo_030,synthetic_user_0120,2026,NERSC Directors Reserve,PROSTAFF
synthetic_repo_030,synthetic_user_0130,2026,NERSC Directors Reserve,GRADUATE
synthetic_repo_030,synthetic_user_0188,2026,NERSC Directors Reserve,GRADUATE
synthetic_repo_030,synthetic_user_0252,2026,NERSC Directors Reserve,SCIENTST
synthetic_repo_030,synthetic_user_0269,2026,NERSC Directors Reserve,FACULTY
synthetic_repo_030,synthetic_user_0282,2026,NERSC Directors Reserve,SCIENTST
synthetic_repo_030,synthetic_user_0316,2026,NERSC Directors Reserve,FACULTY
synthetic_repo_030,synthetic_user_0332,2026,NERSC Directors Reserve,SCIENTST
synthetic_repo_030,synthetic_user_0346,2026,NERSC Directors Reserve,GRADUATE
synthetic_repo_030,synthetic_user_0385,2026,NERSC Directors Reserve,OTHER
synthetic_repo_030,synthetic_user_0413,2026,NERSC Directors Reserve,FACULTY
synthetic_repo_030,synthetic_user_0419,2026,NERSC Directors Reserve,SCIENTST
synthetic_repo_030,synthetic_user_0461,2026,NERSC Directors Reserve,GRADUATE
synthetic_repo_030,synthetic_user_0501,2026,NERSC Directors Reserve,FACULTY
synthetic_repo_030,synthetic_user_0525,2026,NERSC Directors Reserve,UNDRGRAD
synthetic_repo_030,synthetic_user_0528,2026,NERSC Directors Reserve,SCIENTST
synthetic_repo_030,synthetic_user_0535,2026,NERSC Directors Reserve,FACULTY
synthetic_repo_030,synthetic_user_0554,2026,NERSC Directors Reserve,SCIENTST
synthetic_repo_030,synthetic_user_0563,2026,NERSC Directors Reserve,POSTDOC
synthetic_repo_030,synthetic_user_0575,2026,NERSC Directors Reserve,SCIENTST
synthetic_repo_030,synthetic_user_0582,2026,NERSC Directors Reserve,SCIENTST
synthetic_repo_030,synthetic_user_0595,2026,NERSC Directors Reserve,FACULTY
synthetic_repo_030,synthetic_user_0599,2026,NERSC Directors Reserve,SCIENTST
synthetic_repo_030,synthetic_user_0719,2026,NERSC Directors Reserve,SCIENTST
synthetic_repo_030,synthetic_user_0722,2026,NERSC Directors Reserve,POSTDOC
synthetic_repo_030,synthetic_user_0727,2026,NERSC Directors Reserve,PROSTAFF
synthetic_repo_030,synthetic_user_0751,2026,NERSC Directors Reserve,FACULTY
synthetic_repo_030,synthetic_user_0771,2026,NERSC Directors Reserve,PROSTAFF
synthetic_repo_030,synthetic_user_0773,2026,NERSC Directors Reserve,SCIENTST
synthetic_repo_030,synthetic_user_0799,2026,NERSC Directors Reserve,PROSTAFF
synthetic_repo_030,synthetic_user_0816,2026,NERSC Directors Reserve,FACULTY
synthetic_repo_030,synthetic_user_0826,2026,NERSC Directors Reserve,POSTDOC
synthetic_repo_030,synthetic_user_0849,2026,NERSC Directors Reserve,GRADUATE
synthetic_repo_030,synthetic_user_0850,2026,NERSC Directors Reserve,POSTDOC
synthetic_repo_030,synthetic_user_0907,2026,NERSC Directors Reserve,PROSTAFF
synthetic_repo_030,synthetic_user_0935,2026,NERSC Directors Reserve,POSTDOC
synthetic_repo_030,synthetic_user_0937,2026,NERSC Directors Reserve,POSTDOC
synthetic_repo_030,synthetic_user_0996,2026,NERSC Directors Reserve,SCIENTST
synthetic_repo_030,synthetic_user_1011,2026,NERSC Directors Reserve,SCIENTST
synthetic_repo_030,synthetic_user_1066,2026,NERSC Directors Reserve,FACULTY
synthetic_repo_030,synthetic_user_1111,2026,NERSC Directors Reserve,GRADUATE
synthetic_repo_030,synthetic_user_1142,2026,NERSC Directors Reserve,SCIENTST
synthetic_repo_030,synthetic_user_1180,2026,NERSC Directors Reserve,POSTDOC
synthetic_repo_031,synthetic_user_0068,2026,Biological and Environmental Research,FACULTY
synthetic_repo_031,synthetic_user_0085,2026,Biological and Environmental Research,PROSTAFF
synthetic_repo_031,synthetic_user_0156,2026,Biological and Environmental Research,PROSTAFF
synthetic_repo_031,synthetic_user_0533,2026,Biological and Environmental Research,OTHER
synthetic_repo_031,synthetic_user_0799,2026,Biological and Environmental Research,PROSTAFF
synthetic_repo_033,synthetic_user_0105,2026,Biological and Environmental Research,PROSTAFF
synthetic_repo_033,synthetic_user_0156,2026,Biological and Environmental Research,PROSTAFF
synthetic_repo_033,synthetic_user_0284,2026,Biological and Environmental Research,GRADUATE
synthetic_repo_033,synthetic_user_0533,2026,Biological and Environmental Research,OTHER
synthetic_repo_033,synthetic_user_0540,2026,Biological and Environmental Research,GRADUATE
synthetic_repo_033,synthetic_user_0705,2026,Biological and Environmental Research,SCIENTST
synthetic_repo_033,synthetic_user_0893,2026,Biological and Environmental Research,GRADUATE
synthetic_repo_033,synthetic_user_1191,2026,Biological and Environmental Research,SCIENTST
synthetic_repo_036,synthetic_user_0001,2026,Biological and Environmental Research,POSTDOC
synthetic_repo_036,synthetic_user_0156,2026,Biological and Environmental Research,PROSTAFF
synthetic_repo_036,synthetic_user_0220,2026,Biological and Environmental Research,NONE
synthetic_repo_036,synthetic_user_0416,2026,Biological and Environmental Research,GRADUATE
synthetic_repo_036,synthetic_user_0453,2026,Biological and Environmental Research,SCIENTST
synthetic_repo_036,synthetic_user_0460,2026,Biological and Environmental Research,SCIENTST
synthetic_repo_036,synthetic_user_0469,2026,Biological and Environmental Research,GRADUATE
synthetic_repo_036,synthetic_user_0528,2026,Biological and Environmental Research,SCIENTST
synthetic_repo_036,synthetic_user_0533,2026,Biological and Environmental Research,OTHER
synthetic_repo_036,synthetic_user_0540,2026,Biological and Environmental Research,GRADUATE
synthetic_repo_036,synthetic_user_0569,2026,Biological and Environmental Research,PROSTAFF
synthetic_repo_036,synthetic_user_0674,2026,Biological and Environmental Research,SCIENTST
synthetic_repo_036,synthetic_user_0690,2026,Biological and Environmental Research,GRADUATE
synthetic_repo_036,synthetic_user_0705,2026,Biological and Environmental Research,SCIENTST
synthetic_repo_036,synthetic_user_0847,2026,Biological and Environmental Research,SCIENTST
synthetic_repo_037,synthetic_user_0068,2026,Biological and Environmental Research,FACULTY
synthetic_repo_037,synthetic_user_0105,2026,Biological and Environmental Research,PROSTAFF
synthetic_repo_037,synthetic_user_0156,2026,Biological and Environmental Research,PROSTAFF
synthetic_repo_037,synthetic_user_0220,2026,Biological and Environmental Research,NONE
synthetic_repo_037,synthetic_user_0284,2026,Biological and Environmental Research,GRADUATE
synthetic_repo_037,synthetic_user_0460,2026,Biological and Environmental Research,SCIENTST
synthetic_repo_037,synthetic_user_0469,2026,Biological and Environmental Research,GRADUATE
synthetic_repo_037,synthetic_user_0533,2026,Biological and Environmental Research,OTHER
synthetic_repo_037,synthetic_user_0540,2026,Biological and Environmental Research,GRADUATE
synthetic_repo_037,synthetic_user_0674,2026,Biological and Environmental Research,SCIENTST
synthetic_repo_037,synthetic_user_0705,2026,Biological and Environmental Research,SCIENTST
synthetic_repo_037,synthetic_user_0812,2026,Biological and Environmental Research,SCIENTST
synthetic_repo_037,synthetic_user_0844,2026,Biological and Environmental Research,FACULTY
synthetic_repo_037,synthetic_user_0847,2026,Biological and Environmental Research,SCIENTST
synthetic_repo_037,synthetic_user_0904,2026,Biological and Environmental Research,GRADUATE
synthetic_repo_037,synthetic_user_1041,2026,Biological and Environmental Research,FACULTY
synthetic_repo_037,synthetic_user_1129,2026,Biological and Environmental Research,SCIENTST
synthetic_repo_039,synthetic_user_0068,2026,Biological and Environmental Research,FACULTY
synthetic_repo_039,synthetic_user_0085,2026,Biological and Environmental Research,PROSTAFF
synthetic_repo_039,synthetic_user_0105,2026,Biological and Environmental Research,PROSTAFF
synthetic_repo_039,synthetic_user_0109,2026,Biological and Environmental Research,UNDRGRAD
synthetic_repo_039,synthetic_user_0156,2026,Biological and Environmental Research,PROSTAFF
synthetic_repo_039,synthetic_user_0163,2026,Biological and Environmental Research,GRADUATE
synthetic_repo_039,synthetic_user_0220,2026,Biological and Environmental Research,NONE
synthetic_repo_039,synthetic_user_0268,2026,Biological and Environmental Research,GRADUATE
synthetic_repo_039,synthetic_user_0284,2026,Biological and Environmental Research,GRADUATE
synthetic_repo_039,synthetic_user_0416,2026,Biological and Environmental Research,GRADUATE
synthetic_repo_039,synthetic_user_0444,2026,Biological and Environmental Research,POSTDOC
synthetic_repo_039,synthetic_user_0453,2026,Biological and Environmental Research,SCIENTST
synthetic_repo_039,synthetic_user_0460,2026,Biological and Environmental Research,SCIENTST
synthetic_repo_039,synthetic_user_0469,2026,Biological and Environmental Research,GRADUATE
synthetic_repo_039,synthetic_user_0470,2026,Biological and Environmental Research,PROSTAFF
synthetic_repo_039,synthetic_user_0473,2026,Biological and Environmental Research,UNDRGRAD
synthetic_repo_039,synthetic_user_0528,2026,Biological and Environmental Research,SCIENTST
synthetic_repo_039,synthetic_user_0533,2026,Biological and Environmental Research,OTHER
synthetic_repo_039,synthetic_user_0540,2026,Biological and Environmental Research,GRADUATE
synthetic_repo_039,synthetic_user_0569,2026,Biological and Environmental Research,PROSTAFF
synthetic_repo_039,synthetic_user_0589,2026,Biological and Environmental Research,PROSTAFF
synthetic_repo_039,synthetic_user_0669,2026,Biological and Environmental Research,SCIENTST
synthetic_repo_039,synthetic_user_0674,2026,Biological and Environmental Research,SCIENTST
synthetic_repo_039,synthetic_user_0690,2026,Biological and Environmental Research,GRADUATE
synthetic_repo_039,synthetic_user_0705,2026,Biological and Environmental Research,SCIENTST
synthetic_repo_039,synthetic_user_0799,2026,Biological and Environmental Research,PROSTAFF
synthetic_repo_039,synthetic_user_0844,2026,Biological and Environmental Research,FACULTY
synthetic_repo_039,synthetic_user_0847,2026,Biological and Environmental Research,SCIENTST
synthetic_repo_039,synthetic_user_0873,2026,Biological and Environmental Research,GRADUATE
synthetic_repo_039,synthetic_user_0893,2026,Biological and Environmental Research,GRADUATE
synthetic_repo_039,synthetic_user_0904,2026,Biological and Environmental Research,GRADUATE
synthetic_repo_039,synthetic_user_1003,2026,Biological and Environmental Research,UNDRGRAD
synthetic_repo_039,synthetic_user_1129,2026,Biological and Environmental Research,SCIENTST
synthetic_repo_039,synthetic_user_1167,2026,Biological and Environmental Research,FACULTY
synthetic_repo_039,synthetic_user_1184,2026,Biological and Environmental Research,FACULTY
synthetic_repo_039,synthetic_user_1190,2026,Biological and Environmental Research,FACULTY
synthetic_repo_039,synthetic_user_1191,2026,Biological and Environmental Research,SCIENTST
synthetic_repo_040,synthetic_user_0001,2026,Biological and Environmental Research,POSTDOC
synthetic_repo_040,synthetic_user_0010,2026,Biological and Environmental Research,POSTDOC
synthetic_repo_040,synthetic_user_0068,2026,Biological and Environmental Research,FACULTY
synthetic_repo_040,synthetic_user_0085,2026,Biological and Environmental Research,PROSTAFF
synthetic_repo_040,synthetic_user_0105,2026,Biological and Environmental Research,PROSTAFF
synthetic_repo_040,synthetic_user_0109,2026,Biological and Environmental Research,UNDRGRAD
synthetic_repo_040,synthetic_user_0156,2026,Biological and Environmental Research,PROSTAFF
synthetic_repo_040,synthetic_user_0163,2026,Biological and Environmental Research,GRADUATE
synthetic_repo_040,synthetic_user_0182,2026,Biological and Environmental Research,PROSTAFF
synthetic_repo_040,synthetic_user_0220,2026,Biological and Environmental Research,NONE
synthetic_repo_040,synthetic_user_0242,2026,Biological and Environmental Research,GRADUATE
synthetic_repo_040,synthetic_user_0268,2026,Biological and Environmental Research,GRADUATE
synthetic_repo_040,synthetic_user_0284,2026,Biological and Environmental Research,GRADUATE
synthetic_repo_040,synthetic_user_0298,2026,Biological and Environmental Research,PROSTAFF
synthetic_repo_040,synthetic_user_0299,2026,Biological and Environmental Research,SCIENTST
synthetic_repo_040,synthetic_user_0352,2026,Biological and Environmental Research,OTHER
synthetic_repo_040,synthetic_user_0416,2026,Biological and Environmental Research,GRADUATE
synthetic_repo_040,synthetic_user_0424,2026,Biological and Environmental Research,PROSTAFF
synthetic_repo_040,synthetic_user_0444,2026,Biological and Environmental Research,POSTDOC
synthetic_repo_040,synthetic_user_0453,2026,Biological and Environmental Research,SCIENTST
synthetic_repo_040,synthetic_user_0460,2026,Biological and Environmental Research,SCIENTST
synthetic_repo_040,synthetic_user_0469,2026,Biological and Environmental Research,GRADUATE
synthetic_repo_040,synthetic_user_0470,2026,Biological and Environmental Research,PROSTAFF
synthetic_repo_040,synthetic_user_0473,2026,Biological and Environmental Research,UNDRGRAD
synthetic_repo_040,synthetic_user_0492,2026,Biological and Environmental Research,POSTDOC
synthetic_repo_040,synthetic_user_0528,2026,Biological and Environmental Research,SCIENTST
synthetic_repo_040,synthetic_user_0533,2026,Biological and Environmental Research,OTHER
synthetic_repo_040,synthetic_user_0540,2026,Biological and Environmental Research,GRADUATE
synthetic_repo_040,synthetic_user_0569,2026,Biological and Environmental Research,PROSTAFF
synthetic_repo_040,synthetic_user_0589,2026,Biological and Environmental Research,PROSTAFF
synthetic_repo_040,synthetic_user_0669,2026,Biological and Environmental Research,SCIENTST
synthetic_repo_040,synthetic_user_0674,2026,Biological and Environmental Research,SCIENTST
synthetic_repo_040,synthetic_user_0690,2026,Biological and Environmental Research,GRADUATE
synthetic_repo_040,synthetic_user_0705,2026,Biological and Environmental Research,SCIENTST
synthetic_repo_040,synthetic_user_0799,2026,Biological and Environmental Research,PROSTAFF
synthetic_repo_040,synthetic_user_0812,2026,Biological and Environmental Research,SCIENTST
synthetic_repo_040,synthetic_user_0829,2026,Biological and Environmental Research,POSTDOC
synthetic_repo_040,synthetic_user_0843,2026,Biological and Environmental Research,FACULTY
synthetic_repo_040,synthetic_user_0844,2026,Biological and Environmental Research,FACULTY
synthetic_repo_040,synthetic_user_0847,2026,Biological and Environmental Research,SCIENTST
synthetic_repo_040,synthetic_user_0873,2026,Biological and Environmental Research,GRADUATE
synthetic_repo_040,synthetic_user_0893,2026,Biological and Environmental Research,GRADUATE
synthetic_repo_040,synthetic_user_0904,2026,Biological and Environmental Research,GRADUATE
synthetic_repo_040,synthetic_user_1003,2026,Biological and Environmental Research,UNDRGRAD
synthetic_repo_040,synthetic_user_1041,2026,Biological and Environmental Research,FACULTY
synthetic_repo_040,synthetic_user_1118,2026,Biological and Environmental Research,POSTDOC
synthetic_repo_040,synthetic_user_1129,2026,Biological and Environmental Research,SCIENTST
synthetic_repo_040,synthetic_user_1167,2026,Biological and Environmental Research,FACULTY
synthetic_repo_040,synthetic_user_1184,2026,Biological and Environmental Research,FACULTY
synthetic_repo_040,synthetic_user_1190,2026,Biological and Environmental Research,FACULTY
synthetic_repo_040,synthetic_user_1191,2026,Biological and Environmental Research,SCIENTST
synthetic_repo_041,synthetic_user_0075,2026,Advanced Scientific Computing Research,OTHER
synthetic_repo_041,synthetic_user_0102,2026,Advanced Scientific Computing Research,FACULTY
synthetic_repo_041,synthetic_user_0625,2026,Advanced Scientific Computing Research,UNDRGRAD
synthetic_repo_041,synthetic_user_0638,2026,Advanced Scientific Computing Research,SCIENTST
synthetic_repo_041,synthetic_user_0852,2026,Advanced Scientific Computing Research,FACULTY
synthetic_repo_043,synthetic_user_0102,2026,Advanced Scientific Computing Research,FACULTY
synthetic_repo_043,synthetic_user_0146,2026,Advanced Scientific Computing Research,GRADUATE
synthetic_repo_043,synthetic_user_0269,2026,Advanced Scientific Computing Research,FACULTY
synthetic_repo_043,synthetic_user_0276,2026,Advanced Scientific Computing Research,GRADUATE
synthetic_repo_043,synthetic_user_0336,2026,Advanced Scientific Computing Research,POSTDOC
synthetic_repo_043,synthetic_user_0407,2026,Advanced Scientific Computing Research,UNDRGRAD
synthetic_repo_043,synthetic_user_0462,2026,Advanced Scientific Computing Research,PROSTAFF
synthetic_repo_043,synthetic_user_0625,2026,Advanced Scientific Computing Research,UNDRGRAD
synthetic_repo_043,synthetic_user_0934,2026,Advanced Scientific Computing Research,FACULTY
synthetic_repo_046,synthetic_user_0018,2026,Advanced Scientific Computing Research,GRADUATE
synthetic_repo_046,synthetic_user_0075,2026,Advanced Scientific Computing Research,OTHER
synthetic_repo_046,synthetic_user_0102,2026,Advanced Scientific Computing Research,FACULTY
synthetic_repo_046,synthetic_user_0189,2026,Advanced Scientific Computing Research,SCIENTST
synthetic_repo_046,synthetic_user_0269,2026,Advanced Scientific Computing Research,FACULTY
synthetic_repo_046,synthetic_user_0276,2026,Advanced Scientific Computing Research,GRADUATE
synthetic_repo_046,synthetic_user_0336,2026,Advanced Scientific Computing Research,POSTDOC
synthetic_repo_046,synthetic_user_0381,2026,Advanced Scientific Computing Research,FACULTY
synthetic_repo_046,synthetic_user_0415,2026,Advanced Scientific Computing Research,GRADUATE
synthetic_repo_046,synthetic_user_0462,2026,Advanced Scientific Computing Research,PROSTAFF
synthetic_repo_046,synthetic_user_0504,2026,Advanced Scientific Computing Research,SCIENTST
synthetic_repo_046,synthetic_user_0625,2026,Advanced Scientific Computing Research,UNDRGRAD
synthetic_repo_046,synthetic_user_0638,2026,Advanced Scientific Computing Research,SCIENTST
synthetic_repo_046,synthetic_user_0755,2026,Advanced Scientific Computing Research,GRADUATE
synthetic_repo_046,synthetic_user_0813,2026,Advanced Scientific Computing Research,FACULTY
synthetic_repo_046,synthetic_user_0852,2026,Advanced Scientific Computing Research,FACULTY
synthetic_repo_046,synthetic_user_0934,2026,Advanced Scientific Computing Research,FACULTY
synthetic_repo_046,synthetic_user_0992,2026,Advanced Scientific Computing Research,GRADUATE
synthetic_repo_046,synthetic_user_1091,2026,Advanced Scientific Computing Research,FACULTY
synthetic_repo_046,synthetic_user_1192,2026,Advanced Scientific Computing Research,GRADUATE
synthetic_repo_047,synthetic_user_0018,2026,Advanced Scientific Computing Research,GRADUATE
synthetic_repo_047,synthetic_user_0075,2026,Advanced Scientific Computing Research,OTHER
synthetic_repo_047,synthetic_user_0102,2026,Advanced Scientific Computing Research,FACULTY
synthetic_repo_047,synthetic_user_0146,2026,Advanced Scientific Computing Research,GRADUATE
synthetic_repo_047,synthetic_user_0276,2026,Advanced Scientific Computing Research,GRADUATE
synthetic_repo_047,synthetic_user_0336,2026,Advanced Scientific Computing Research,POSTDOC
synthetic_repo_047,synthetic_user_0415,2026,Advanced Scientific Computing Research,GRADUATE
synthetic_repo_047,synthetic_user_0462,2026,Advanced Scientific Computing Research,PROSTAFF
synthetic_repo_047,synthetic_user_0504,2026,Advanced Scientific Computing Research,SCIENTST
synthetic_repo_047,synthetic_user_0625,2026,Advanced Scientific Computing Research,UNDRGRAD
synthetic_repo_047,synthetic_user_0638,2026,Advanced Scientific Computing Research,SCIENTST
synthetic_repo_047,synthetic_user_0755,2026,Advanced Scientific Computing Research,GRADUATE
synthetic_repo_047,synthetic_user_0932,2026,Advanced Scientific Computing Research,PROSTAFF
synthetic_repo_047,synthetic_user_1099,2026,Advanced Scientific Computing Research,SCIENTST
synthetic_repo_047,synthetic_user_1150,2026,Advanced Scientific Computing Research,PROSTAFF
synthetic_repo_047,synthetic_user_1192,2026,Advanced Scientific Computing Research,GRADUATE
synthetic_repo_049,synthetic_user_0018,2026,Advanced Scientific Computing Research,GRADUATE
synthetic_repo_049,synthetic_user_0075,2026,Advanced Scientific Computing Research,OTHER
synthetic_repo_049,synthetic_user_0102,2026,Advanced Scientific Computing Research,FACULTY
synthetic_repo_049,synthetic_user_0146,2026,Advanced Scientific Computing Research,GRADUATE
synthetic_repo_049,synthetic_user_0189,2026,Advanced Scientific Computing Research,SCIENTST
synthetic_repo_049,synthetic_user_0201,2026,Advanced Scientific Computing Research,POSTDOC
synthetic_repo_049,synthetic_user_0242,2026,Advanced Scientific Computing Research,GRADUATE
synthetic_repo_049,synthetic_user_0269,2026,Advanced Scientific Computing Research,FACULTY
synthetic_repo_049,synthetic_user_0276,2026,Advanced Scientific Computing Research,GRADUATE
synthetic_repo_049,synthetic_user_0336,2026,Advanced Scientific Computing Research,POSTDOC
synthetic_repo_049,synthetic_user_0381,2026,Advanced Scientific Computing Research,FACULTY
synthetic_repo_049,synthetic_user_0407,2026,Advanced Scientific Computing Research,UNDRGRAD
synthetic_repo_049,synthetic_user_0415,2026,Advanced Scientific Computing Research,GRADUATE
synthetic_repo_049,synthetic_user_0462,2026,Advanced Scientific Computing Research,PROSTAFF
synthetic_repo_049,synthetic_user_0504,2026,Advanced Scientific Computing Research,SCIENTST
synthetic_repo_049,synthetic_user_0625,2026,Advanced Scientific Computing Research,UNDRGRAD
synthetic_repo_049,synthetic_user_0638,2026,Advanced Scientific Computing Research,SCIENTST
synthetic_repo_049,synthetic_user_0721,2026,Advanced Scientific Computing Research,UNDRGRAD
synthetic_repo_049,synthetic_user_0755,2026,Advanced Scientific Computing Research,GRADUATE
synthetic_repo_049,synthetic_user_0813,2026,Advanced Scientific Computing Research,FACULTY
synthetic_repo_049,synthetic_user_0852,2026,Advanced Scientific Computing Research,FACULTY
synthetic_repo_049,synthetic_user_0903,2026,Advanced Scientific Computing Research,FACULTY
synthetic_repo_049,synthetic_user_0932,2026,Advanced Scientific Computing Research,PROSTAFF
synthetic_repo_049,synthetic_user_0934,2026,Advanced Scientific Computing Research,FACULTY
synthetic_repo_049,synthetic_user_0992,2026,Advanced Scientific Computing Research,GRADUATE
synthetic_repo_049,synthetic_user_1075,2026,Advanced Scientific Computing Research,POSTDOC
synthetic_repo_049,synthetic_user_1091,2026,Advanced Scientific Computing Research,FACULTY
synthetic_repo_049,synthetic_user_1099,2026,Advanced Scientific Computing Research,SCIENTST
synthetic_repo_049,synthetic_user_1100,2026,Advanced Scientific Computing Research,FACULTY
synthetic_repo_049,synthetic_user_1122,2026,Advanced Scientific Computing Research,POSTDOC
synthetic_repo_049,synthetic_user_1150,2026,Advanced Scientific Computing Research,PROSTAFF
synthetic_repo_049,synthetic_user_1192,2026,Advanced Scientific Computing Research,GRADUATE
synthetic_repo_050,synthetic_user_0018,2026,Advanced Scientific Computing Research,GRADUATE
synthetic_repo_050,synthetic_user_0075,2026,Advanced Scientific Computing Research,OTHER
synthetic_repo_050,synthetic_user_0102,2026,Advanced Scientific Computing Research,FACULTY
synthetic_repo_050,synthetic_user_0146,2026,Advanced Scientific Computing Research,GRADUATE
synthetic_repo_050,synthetic_user_0189,2026,Advanced Scientific Computing Research,SCIENTST
synthetic_repo_050,synthetic_user_0201,2026,Advanced Scientific Computing Research,POSTDOC
synthetic_repo_050,synthetic_user_0242,2026,Advanced Scientific Computing Research,GRADUATE
synthetic_repo_050,synthetic_user_0269,2026,Advanced Scientific Computing Research,FACULTY
synthetic_repo_050,synthetic_user_0276,2026,Advanced Scientific Computing Research,GRADUATE
synthetic_repo_050,synthetic_user_0336,2026,Advanced Scientific Computing Research,POSTDOC
synthetic_repo_050,synthetic_user_0381,2026,Advanced Scientific Computing Research,FACULTY
synthetic_repo_050,synthetic_user_0407,2026,Advanced Scientific Computing Research,UNDRGRAD
synthetic_repo_050,synthetic_user_0415,2026,Advanced Scientific Computing Research,GRADUATE
synthetic_repo_050,synthetic_user_0462,2026,Advanced Scientific Computing Research,PROSTAFF
synthetic_repo_050,synthetic_user_0504,2026,Advanced Scientific Computing Research,SCIENTST
synthetic_repo_050,synthetic_user_0625,2026,Advanced Scientific Computing Research,UNDRGRAD
synthetic_repo_050,synthetic_user_0638,2026,Advanced Scientific Computing Research,SCIENTST
synthetic_repo_050,synthetic_user_0721,2026,Advanced Scientific Computing Research,UNDRGRAD
synthetic_repo_050,synthetic_user_0755,2026,Advanced Scientific Computing Research,GRADUATE
synthetic_repo_050,synthetic_user_0813,2026,Advanced Scientific Computing Research,FACULTY
synthetic_repo_050,synthetic_user_0852,2026,Advanced Scientific Computing Research,FACULTY
synthetic_repo_050,synthetic_user_0903,2026,Advanced Scientific Computing Research,FACULTY
synthetic_repo_050,synthetic_user_0932,2026,Advanced Scientific Computing Research,PROSTAFF
synthetic_repo_050,synthetic_user_0934,2026,Advanced Scientific Computing Research,FACULTY
synthetic_repo_050,synthetic_user_0992,2026,Advanced Scientific Computing Research,GRADUATE
synthetic_repo_050,synthetic_user_1075,2026,Advanced Scientific Computing Research,POSTDOC
synthetic_repo_050,synthetic_user_1091,2026,Advanced Scientific Computing Research,FACULTY
synthetic_repo_050,synthetic_user_1099,2026,Advanced Scientific Computing Research,SCIENTST
synthetic_repo_050,synthetic_user_1100,2026,Advanced Scientific Computing Research,FACULTY
synthetic_repo_050,synthetic_user_1122,2026,Advanced Scientific Computing Research,POSTDOC
synthetic_repo_050,synthetic_user_1150,2026,Advanced Scientific Computing Research,PROSTAFF
synthetic_repo_050,synthetic_user_1192,2026,Advanced Scientific Computing Research,GRADUATE
synthetic_repo_051,synthetic_user_0196,2026,Fusion Energy Sciences,UNDRGRAD
synthetic_repo_051,synthetic_user_0404,2026,Fusion Energy Sciences,UNDRGRAD
synthetic_repo_051,synthetic_user_0470,2026,Fusion Energy Sciences,PROSTAFF
synthetic_repo_051,synthetic_user_1189,2026,Fusion Energy Sciences,UNDRGRAD
synthetic_repo_053,synthetic_user_0341,2026,Fusion Energy Sciences,PROSTAFF
synthetic_repo_053,synthetic_user_0497,2026,Fusion Energy Sciences,FACULTY
synthetic_repo_053,synthetic_user_0566,2026,Fusion Energy Sciences,UNDRGRAD
synthetic_repo_053,synthetic_user_0572,2026,Fusion Energy Sciences,GRADUATE
synthetic_repo_053,synthetic_user_0598,2026,Fusion Energy Sciences,SCIENTST
synthetic_repo_053,synthetic_user_0617,2026,Fusion Energy Sciences,GRADUATE
synthetic_repo_053,synthetic_user_0805,2026,Fusion Energy Sciences,FACULTY
synthetic_repo_053,synthetic_user_0946,2026,Fusion Energy Sciences,FACULTY
synthetic_repo_053,synthetic_user_0969,2026,Fusion Energy Sciences,POSTDOC
synthetic_repo_053,synthetic_user_1014,2026,Fusion Energy Sciences,SCIENTST
synthetic_repo_053,synthetic_user_1123,2026,Fusion Energy Sciences,FACULTY
synthetic_repo_056,synthetic_user_0130,2026,Fusion Energy Sciences,GRADUATE
synthetic_repo_056,synthetic_user_0196,2026,Fusion Energy Sciences,UNDRGRAD
synthetic_repo_056,synthetic_user_0244,2026,Fusion Energy Sciences,POSTDOC
synthetic_repo_056,synthetic_user_0341,2026,Fusion Energy Sciences,PROSTAFF
synthetic_repo_056,synthetic_user_0343,2026,Fusion Energy Sciences,POSTDOC
synthetic_repo_056,synthetic_user_0369,2026,Fusion Energy Sciences,OTHER
synthetic_repo_056,synthetic_user_0404,2026,Fusion Energy Sciences,UNDRGRAD
synthetic_repo_056,synthetic_user_0516,2026,Fusion Energy Sciences,FACULTY
synthetic_repo_056,synthetic_user_0543,2026,Fusion Energy Sciences,SCIENTST
synthetic_repo_056,synthetic_user_0566,2026,Fusion Energy Sciences,UNDRGRAD
synthetic_repo_056,synthetic_user_0572,2026,Fusion Energy Sciences,GRADUATE
synthetic_repo_056,synthetic_user_0598,2026,Fusion Energy Sciences,SCIENTST
synthetic_repo_056,synthetic_user_0611,2026,Fusion Energy Sciences,PROSTAFF
synthetic_repo_056,synthetic_user_0617,2026,Fusion Energy Sciences,GRADUATE
synthetic_repo_056,synthetic_user_0726,2026,Fusion Energy Sciences,PROSTAFF
synthetic_repo_056,synthetic_user_0851,2026,Fusion Energy Sciences,GRADUATE
synthetic_repo_056,synthetic_user_0908,2026,Fusion Energy Sciences,PROSTAFF
synthetic_repo_056,synthetic_user_0927,2026,Fusion Energy Sciences,FACULTY
synthetic_repo_056,synthetic_user_0969,2026,Fusion Energy Sciences,POSTDOC
synthetic_repo_056,synthetic_user_1014,2026,Fusion Energy Sciences,SCIENTST
synthetic_repo_056,synthetic_user_1123,2026,Fusion Energy Sciences,FACULTY
synthetic_repo_056,synthetic_user_1189,2026,Fusion Energy Sciences,UNDRGRAD
synthetic_repo_057,synthetic_user_0130,2026,Fusion Energy Sciences,GRADUATE
synthetic_repo_057,synthetic_user_0196,2026,Fusion Energy Sciences,UNDRGRAD
synthetic_repo_057,synthetic_user_0329,2026,Fusion Energy Sciences,PROSTAFF
synthetic_repo_057,synthetic_user_0343,2026,Fusion Energy Sciences,POSTDOC
synthetic_repo_057,synthetic_user_0369,2026,Fusion Energy Sciences,OTHER
synthetic_repo_057,synthetic_user_0468,2026,Fusion Energy Sciences,NONE
synthetic_repo_057,synthetic_user_0516,2026,Fusion Energy Sciences,FACULTY
synthetic_repo_057,synthetic_user_0566,2026,Fusion Energy Sciences,UNDRGRAD
synthetic_repo_057,synthetic_user_0572,2026,Fusion Energy Sciences,GRADUATE
synthetic_repo_057,synthetic_user_0598,2026,Fusion Energy Sciences,SCIENTST
synthetic_repo_057,synthetic_user_0617,2026,Fusion Energy Sciences,GRADUATE
synthetic_repo_057,synthetic_user_0726,2026,Fusion Energy Sciences,PROSTAFF
synthetic_repo_057,synthetic_user_0805,2026,Fusion Energy Sciences,FACULTY
synthetic_repo_057,synthetic_user_0908,2026,Fusion Energy Sciences,PROSTAFF
synthetic_repo_057,synthetic_user_0969,2026,Fusion Energy Sciences,POSTDOC
synthetic_repo_057,synthetic_user_1014,2026,Fusion Energy Sciences,SCIENTST
synthetic_repo_057,synthetic_user_1083,2026,Fusion Energy Sciences,SCIENTST
synthetic_repo_057,synthetic_user_1123,2026,Fusion Energy Sciences,FACULTY
synthetic_repo_059,synthetic_user_0130,2026,Fusion Energy Sciences,GRADUATE
synthetic_repo_059,synthetic_user_0196,2026,Fusion Energy Sciences,UNDRGRAD
synthetic_repo_059,synthetic_user_0199,2026,Fusion Energy Sciences,SCIENTST
synthetic_repo_059,synthetic_user_0244,2026,Fusion Energy Sciences,POSTDOC
synthetic_repo_059,synthetic_user_0316,2026,Fusion Energy Sciences,FACULTY
synthetic_repo_059,synthetic_user_0329,2026,Fusion Energy Sciences,PROSTAFF
synthetic_repo_059,synthetic_user_0341,2026,Fusion Energy Sciences,PROSTAFF
synthetic_repo_059,synthetic_user_0343,2026,Fusion Energy Sciences,POSTDOC
synthetic_repo_059,synthetic_user_0369,2026,Fusion Energy Sciences,OTHER
synthetic_repo_059,synthetic_user_0404,2026,Fusion Energy Sciences,UNDRGRAD
synthetic_repo_059,synthetic_user_0407,2026,Fusion Energy Sciences,UNDRGRAD
synthetic_repo_059,synthetic_user_0421,2026,Fusion Energy Sciences,POSTDOC
synthetic_repo_059,synthetic_user_0468,2026,Fusion Energy Sciences,NONE
synthetic_repo_059,synthetic_user_0470,2026,Fusion Energy Sciences,PROSTAFF
synthetic_repo_059,synthetic_user_0497,2026,Fusion Energy Sciences,FACULTY
synthetic_repo_059,synthetic_user_0516,2026,Fusion Energy Sciences,FACULTY
synthetic_repo_059,synthetic_user_0543,2026,Fusion Energy Sciences,SCIENTST
synthetic_repo_059,synthetic_user_0566,2026,Fusion Energy Sciences,UNDRGRAD
synthetic_repo_059,synthetic_user_0572,2026,Fusion Energy Sciences,GRADUATE
synthetic_repo_059,synthetic_user_0598,2026,Fusion Energy Sciences,SCIENTST
synthetic_repo_059,synthetic_user_0611,2026,Fusion Energy Sciences,PROSTAFF
synthetic_repo_059,synthetic_user_0616,2026,Fusion Energy Sciences,SCIENTST
synthetic_repo_059,synthetic_user_0617,2026,Fusion Energy Sciences,GRADUATE
synthetic_repo_059,synthetic_user_0622,2026,Fusion Energy Sciences,POSTDOC
synthetic_repo_059,synthetic_user_0689,2026,Fusion Energy Sciences,SCIENTST
synthetic_repo_059,synthetic_user_0726,2026,Fusion Energy Sciences,PROSTAFF
synthetic_repo_059,synthetic_user_0805,2026,Fusion Energy Sciences,FACULTY
synthetic_repo_059,synthetic_user_0851,2026,Fusion Energy Sciences,GRADUATE
synthetic_repo_059,synthetic_user_0908,2026,Fusion Energy Sciences,PROSTAFF
synthetic_repo_059,synthetic_user_0927,2026,Fusion Energy Sciences,FACULTY
synthetic_repo_059,synthetic_user_0946,2026,Fusion Energy Sciences,FACULTY
synthetic_repo_059,synthetic_user_0969,2026,Fusion Energy Sciences,POSTDOC
synthetic_repo_059,synthetic_user_1014,2026,Fusion Energy Sciences,SCIENTST
synthetic_repo_059,synthetic_user_1033,2026,Fusion Energy Sciences,POSTDOC
synthetic_repo_059,synthetic_user_1083,2026,Fusion Energy Sciences,SCIENTST
synthetic_repo_059,synthetic_user_1087,2026,Fusion Energy Sciences,POSTDOC
synthetic_repo_059,synthetic_user_1123,2026,Fusion Energy Sciences,FACULTY
synthetic_repo_059,synthetic_user_1189,2026,Fusion Energy Sciences,UNDRGRAD
synthetic_repo_060,synthetic_user_0130,2026,Fusion Energy Sciences,GRADUATE
synthetic_repo_060,synthetic_user_0196,2026,Fusion Energy Sciences,UNDRGRAD
synthetic_repo_060,synthetic_user_0199,2026,Fusion Energy Sciences,SCIENTST
synthetic_repo_060,synthetic_user_0244,2026,Fusion Energy Sciences,POSTDOC
synthetic_repo_060,synthetic_user_0316,2026,Fusion Energy Sciences,FACULTY
synthetic_repo_060,synthetic_user_0329,2026,Fusion Energy Sciences,PROSTAFF
synthetic_repo_060,synthetic_user_0341,2026,Fusion Energy Sciences,PROSTAFF
synthetic_repo_060,synthetic_user_0343,2026,Fusion Energy Sciences,POSTDOC
synthetic_repo_060,synthetic_user_0369,2026,Fusion Energy Sciences,OTHER
synthetic_repo_060,synthetic_user_0404,2026,Fusion Energy Sciences,UNDRGRAD
synthetic_repo_060,synthetic_user_0407,2026,Fusion Energy Sciences,UNDRGRAD
synthetic_repo_060,synthetic_user_0421,2026,Fusion Energy Sciences,POSTDOC
synthetic_repo_060,synthetic_user_0468,2026,Fusion Energy Sciences,NONE
synthetic_repo_060,synthetic_user_0470,2026,Fusion Energy Sciences,PROSTAFF
synthetic_repo_060,synthetic_user_0497,2026,Fusion Energy Sciences,FACULTY
synthetic_repo_060,synthetic_user_0516,2026,Fusion Energy Sciences,FACULTY
synthetic_repo_060,synthetic_user_0543,2026,Fusion Energy Sciences,SCIENTST
synthetic_repo_060,synthetic_user_0566,2026,Fusion Energy Sciences,UNDRGRAD
synthetic_repo_060,synthetic_user_0572,2026,Fusion Energy Sciences,GRADUATE
synthetic_repo_060,synthetic_user_0598,2026,Fusion Energy Sciences,SCIENTST
synthetic_repo_060,synthetic_user_0611,2026,Fusion Energy Sciences,PROSTAFF
synthetic_repo_060,synthetic_user_0616,2026,Fusion Energy Sciences,SCIENTST
synthetic_repo_060,synthetic_user_0617,2026,Fusion Energy Sciences,GRADUATE
synthetic_repo_060,synthetic_user_0622,2026,Fusion Energy Sciences,POSTDOC
synthetic_repo_060,synthetic_user_0689,2026,Fusion Energy Sciences,SCIENTST
synthetic_repo_060,synthetic_user_0726,2026,Fusion Energy Sciences,PROSTAFF
synthetic_repo_060,synthetic_user_0805,2026,Fusion Energy Sciences,FACULTY
synthetic_repo_060,synthetic_user_0851,2026,Fusion Energy Sciences,GRADUATE
synthetic_repo_060,synthetic_user_0908,2026,Fusion Energy Sciences,PROSTAFF
synthetic_repo_060,synthetic_user_0927,2026,Fusion Energy Sciences,FACULTY
synthetic_repo_060,synthetic_user_0946,2026,Fusion Energy Sciences,FACULTY
synthetic_repo_060,synthetic_user_0969,2026,Fusion Energy Sciences,POSTDOC
synthetic_repo_060,synthetic_user_1014,2026,Fusion Energy Sciences,SCIENTST
synthetic_repo_060,synthetic_user_1033,2026,Fusion Energy Sciences,POSTDOC
synthetic_repo_060,synthetic_user_1083,2026,Fusion Energy Sciences,SCIENTST
synthetic_repo_060,synthetic_user_1087,2026,Fusion Energy Sciences,POSTDOC
synthetic_repo_060,synthetic_user_1123,2026,Fusion Energy Sciences,FACULTY
synthetic_repo_060,synthetic_user_1189,2026,Fusion Energy Sciences,UNDRGRAD
synthetic_repo_061,synthetic_user_0049,2026,Nuclear Physics,PROSTAFF
synthetic_repo_061,synthetic_user_0212,2026,Nuclear Physics,PROSTAFF
synthetic_repo_061,synthetic_user_0681,2026,Nuclear Physics,PROSTAFF
synthetic_repo_061,synthetic_user_0846,2026,Nuclear Physics,GRADUATE
synthetic_repo_061,synthetic_user_1089,2026,Nuclear Physics,POSTDOC
synthetic_repo_063,synthetic_user_0020,2026,Nuclear Physics,FACULTY
synthetic_repo_063,synthetic_user_0068,2026,Nuclear Physics,FACULTY
synthetic_repo_063,synthetic_user_0080,2026,Nuclear Physics,GRADUATE
synthetic_repo_063,synthetic_user_0198,2026,Nuclear Physics,GRADUATE
synthetic_repo_063,synthetic_user_0225,2026,Nuclear Physics,FACULTY
synthetic_repo_063,synthetic_user_0658,2026,Nuclear Physics,GRADUATE
synthetic_repo_063,synthetic_user_0789,2026,Nuclear Physics,SCIENTST
synthetic_repo_063,synthetic_user_0846,2026,Nuclear Physics,GRADUATE
synthetic_repo_066,synthetic_user_0065,2026,Nuclear Physics,NONE
synthetic_repo_066,synthetic_user_0080,2026,Nuclear Physics,GRADUATE
synthetic_repo_066,synthetic_user_0225,2026,Nuclear Physics,FACULTY
synthetic_repo_066,synthetic_user_0677,2026,Nuclear Physics,FACULTY
synthetic_repo_066,synthetic_user_0681,2026,Nuclear Physics,PROSTAFF
synthetic_repo_066,synthetic_user_0710,2026,Nuclear Physics,SCIENTST
synthetic_repo_066,synthetic_user_0758,2026,Nuclear Physics,SCIENTST
synthetic_repo_066,synthetic_user_0789,2026,Nuclear Physics,SCIENTST
synthetic_repo_066,synthetic_user_0846,2026,Nuclear Physics,GRADUATE
synthetic_repo_066,synthetic_user_1003,2026,Nuclear Physics,UNDRGRAD
synthetic_repo_066,synthetic_user_1022,2026,Nuclear Physics,NONE
synthetic_repo_066,synthetic_user_1089,2026,Nuclear Physics,POSTDOC
synthetic_repo_066,synthetic_user_1094,2026,Nuclear Physics,UNDRGRAD
synthetic_repo_067,synthetic_user_0042,2026,Nuclear Physics,GRADUATE
synthetic_repo_067,synthetic_user_0049,2026,Nuclear Physics,PROSTAFF
synthetic_repo_067,synthetic_user_0068,2026,Nuclear Physics,FACULTY
synthetic_repo_067,synthetic_user_0080,2026,Nuclear Physics,GRADUATE
synthetic_repo_067,synthetic_user_0198,2026,Nuclear Physics,GRADUATE
synthetic_repo_067,synthetic_user_0212,2026,Nuclear Physics,PROSTAFF
synthetic_repo_067,synthetic_user_0225,2026,Nuclear Physics,FACULTY
synthetic_repo_067,synthetic_user_0254,2026,Nuclear Physics,POSTDOC
synthetic_repo_067,synthetic_user_0301,2026,Nuclear Physics,FACULTY
synthetic_repo_067,synthetic_user_0367,2026,Nuclear Physics,FACULTY
synthetic_repo_067,synthetic_user_0417,2026,Nuclear Physics,GRADUATE
synthetic_repo_067,synthetic_user_0658,2026,Nuclear Physics,GRADUATE
synthetic_repo_067,synthetic_user_0677,2026,Nuclear Physics,FACULTY
synthetic_repo_067,synthetic_user_0710,2026,Nuclear Physics,SCIENTST
synthetic_repo_067,synthetic_user_0789,2026,Nuclear Physics,SCIENTST
synthetic_repo_067,synthetic_user_0828,2026,Nuclear Physics,POSTDOC
synthetic_repo_067,synthetic_user_0927,2026,Nuclear Physics,FACULTY
synthetic_repo_067,synthetic_user_0974,2026,Nuclear Physics,SCIENTST
synthetic_repo_067,synthetic_user_1089,2026,Nuclear Physics,POSTDOC
synthetic_repo_067,synthetic_user_1094,2026,Nuclear Physics,UNDRGRAD
synthetic_repo_069,synthetic_user_0020,2026,Nuclear Physics,FACULTY
synthetic_repo_069,synthetic_user_0021,2026,Nuclear Physics,OTHER
synthetic_repo_069,synthetic_user_0042,2026,Nuclear Physics,GRADUATE
synthetic_repo_069,synthetic_user_0045,2026,Nuclear Physics,SCIENTST
synthetic_repo_069,synthetic_user_0049,2026,Nuclear Physics,PROSTAFF
synthetic_repo_069,synthetic_user_0065,2026,Nuclear Physics,NONE
synthetic_repo_069,synthetic_user_0068,2026,Nuclear Physics,FACULTY
synthetic_repo_069,synthetic_user_0080,2026,Nuclear Physics,GRADUATE
synthetic_repo_069,synthetic_user_0198,2026,Nuclear Physics,GRADUATE
synthetic_repo_069,synthetic_user_0212,2026,Nuclear Physics,PROSTAFF
synthetic_repo_069,synthetic_user_0219,2026,Nuclear Physics,FACULTY
synthetic_repo_069,synthetic_user_0225,2026,Nuclear Physics,FACULTY
synthetic_repo_069,synthetic_user_0254,2026,Nuclear Physics,POSTDOC
synthetic_repo_069,synthetic_user_0258,2026,Nuclear Physics,SCIENTST
synthetic_repo_069,synthetic_user_0301,2026,Nuclear Physics,FACULTY
synthetic_repo_069,synthetic_user_0367,2026,Nuclear Physics,FACULTY
synthetic_repo_069,synthetic_user_0417,2026,Nuclear Physics,GRADUATE
synthetic_repo_069,synthetic_user_0492,2026,Nuclear Physics,POSTDOC
synthetic_repo_069,synthetic_user_0629,2026,Nuclear Physics,SCIENTST
synthetic_repo_069,synthetic_user_0658,2026,Nuclear Physics,GRADUATE
synthetic_repo_069,synthetic_user_0677,2026,Nuclear Physics,FACULTY
synthetic_repo_069,synthetic_user_0681,2026,Nuclear Physics,PROSTAFF
synthetic_repo_069,synthetic_user_0710,2026,Nuclear Physics,SCIENTST
synthetic_repo_069,synthetic_user_0758,2026,Nuclear Physics,SCIENTST
synthetic_repo_069,synthetic_user_0771,2026,Nuclear Physics,PROSTAFF
synthetic_repo_069,synthetic_user_0779,2026,Nuclear Physics,PROSTAFF
synthetic_repo_069,synthetic_user_0789,2026,Nuclear Physics,SCIENTST
synthetic_repo_069,synthetic_user_0828,2026,Nuclear Physics,POSTDOC
synthetic_repo_069,synthetic_user_0846,2026,Nuclear Physics,GRADUATE
synthetic_repo_069,synthetic_user_0927,2026,Nuclear Physics,FACULTY
synthetic_repo_069,synthetic_user_1003,2026,Nuclear Physics,UNDRGRAD
synthetic_repo_069,synthetic_user_1022,2026,Nuclear Physics,NONE
synthetic_repo_069,synthetic_user_1060,2026,Nuclear Physics,GRADUATE
synthetic_repo_069,synthetic_user_1089,2026,Nuclear Physics,POSTDOC
synthetic_repo_069,synthetic_user_1094,2026,Nuclear Physics,UNDRGRAD
synthetic_repo_070,synthetic_user_0020,2026,Nuclear Physics,FACULTY
synthetic_repo_070,synthetic_user_0021,2026,Nuclear Physics,OTHER
synthetic_repo_070,synthetic_user_0042,2026,Nuclear Physics,GRADUATE
synthetic_repo_070,synthetic_user_0045,2026,Nuclear Physics,SCIENTST
synthetic_repo_070,synthetic_user_0049,2026,Nuclear Physics,PROSTAFF
synthetic_repo_070,synthetic_user_0065,2026,Nuclear Physics,NONE
synthetic_repo_070,synthetic_user_0068,2026,Nuclear Physics,FACULTY
synthetic_repo_070,synthetic_user_0080,2026,Nuclear Physics,GRADUATE
synthetic_repo_070,synthetic_user_0189,2026,Nuclear Physics,SCIENTST
synthetic_repo_070,synthetic_user_0198,2026,Nuclear Physics,GRADUATE
synthetic_repo_070,synthetic_user_0201,2026,Nuclear Physics,POSTDOC
synthetic_repo_070,synthetic_user_0212,2026,Nuclear Physics,PROSTAFF
synthetic_repo_070,synthetic_user_0219,2026,Nuclear Physics,FACULTY
synthetic_repo_070,synthetic_user_0225,2026,Nuclear Physics,FACULTY
synthetic_repo_070,synthetic_user_0254,2026,Nuclear Physics,POSTDOC
synthetic_repo_070,synthetic_user_0258,2026,Nuclear Physics,SCIENTST
synthetic_repo_070,synthetic_user_0301,2026,Nuclear Physics,FACULTY
synthetic_repo_070,synthetic_user_0361,2026,Nuclear Physics,POSTDOC
synthetic_repo_070,synthetic_user_0367,2026,Nuclear Physics,FACULTY
synthetic_repo_070,synthetic_user_0417,2026,Nuclear Physics,GRADUATE
synthetic_repo_070,synthetic_user_0492,2026,Nuclear Physics,POSTDOC
synthetic_repo_070,synthetic_user_0610,2026,Nuclear Physics,OTHER
synthetic_repo_070,synthetic_user_0629,2026,Nuclear Physics,SCIENTST
synthetic_repo_070,synthetic_user_0658,2026,Nuclear Physics,GRADUATE
synthetic_repo_070,synthetic_user_0677,2026,Nuclear Physics,FACULTY
synthetic_repo_070,synthetic_user_0681,2026,Nuclear Physics,PROSTAFF
synthetic_repo_070,synthetic_user_0710,2026,Nuclear Physics,SCIENTST
synthetic_repo_070,synthetic_user_0758,2026,Nuclear Physics,SCIENTST
synthetic_repo_070,synthetic_user_0771,2026,Nuclear Physics,PROSTAFF
synthetic_repo_070,synthetic_user_0779,2026,Nuclear Physics,PROSTAFF
synthetic_repo_070,synthetic_user_0789,2026,Nuclear Physics,SCIENTST
synthetic_repo_070,synthetic_user_0828,2026,Nuclear Physics,POSTDOC
synthetic_repo_070,synthetic_user_0846,2026,Nuclear Physics,GRADUATE
synthetic_repo_070,synthetic_user_0927,2026,Nuclear Physics,FACULTY
synthetic_repo_070,synthetic_user_0974,2026,Nuclear Physics,SCIENTST
synthetic_repo_070,synthetic_user_1003,2026,Nuclear Physics,UNDRGRAD
synthetic_repo_070,synthetic_user_1022,2026,Nuclear Physics,NONE
synthetic_repo_070,synthetic_user_1060,2026,Nuclear Physics,GRADUATE
synthetic_repo_070,synthetic_user_1089,2026,Nuclear Physics,POSTDOC
synthetic_repo_070,synthetic_user_1094,2026,Nuclear Physics,UNDRGRAD
synthetic_repo_071,synthetic_user_0441,2026,ASCR Leadership Computing Challenge,POSTDOC
synthetic_repo_071,synthetic_user_0549,2026,ASCR Leadership Computing Challenge,GRADUATE
synthetic_repo_071,synthetic_user_0550,2026,ASCR Leadership Computing Challenge,SCIENTST
synthetic_repo_071,synthetic_user_0566,2026,ASCR Leadership Computing Challenge,UNDRGRAD
synthetic_repo_071,synthetic_user_1025,2026,ASCR Leadership Computing Challenge,OTHER
synthetic_repo_073,synthetic_user_0037,2026,ASCR Leadership Computing Challenge,PROSTAFF
synthetic_repo_073,synthetic_user_0138,2026,ASCR Leadership Computing Challenge,FACULTY
synthetic_repo_073,synthetic_user_0261,2026,ASCR Leadership Computing Challenge,FACULTY
synthetic_repo_073,synthetic_user_0359,2026,ASCR Leadership Computing Challenge,PROSTAFF
synthetic_repo_073,synthetic_user_0441,2026,ASCR Leadership Computing Challenge,POSTDOC
synthetic_repo_073,synthetic_user_0699,2026,ASCR Leadership Computing Challenge,PROSTAFF
synthetic_repo_073,synthetic_user_0744,2026,ASCR Leadership Computing Challenge,UNDRGRAD
synthetic_repo_073,synthetic_user_1025,2026,ASCR Leadership Computing Challenge,OTHER
synthetic_repo_076,synthetic_user_0056,2026,ASCR Leadership Computing Challenge,POSTDOC
synthetic_repo_076,synthetic_user_0138,2026,ASCR Leadership Computing Challenge,FACULTY
synthetic_repo_076,synthetic_user_0204,2026,ASCR Leadership Computing Challenge,SCIENTST
synthetic_repo_076,synthetic_user_0359,2026,ASCR Leadership Computing Challenge,PROSTAFF
synthetic_repo_076,synthetic_user_0369,2026,ASCR Leadership Computing Challenge,OTHER
synthetic_repo_076,synthetic_user_0441,2026,ASCR Leadership Computing Challenge,POSTDOC
synthetic_repo_076,synthetic_user_0481,2026,ASCR Leadership Computing Challenge,POSTDOC
synthetic_repo_076,synthetic_user_0549,2026,ASCR Leadership Computing Challenge,GRADUATE
synthetic_repo_076,synthetic_user_0561,2026,ASCR Leadership Computing Challenge,POSTDOC
synthetic_repo_076,synthetic_user_0566,2026,ASCR Leadership Computing Challenge,UNDRGRAD
synthetic_repo_076,synthetic_user_0612,2026,ASCR Leadership Computing Challenge,FACULTY
synthetic_repo_076,synthetic_user_0744,2026,ASCR Leadership Computing Challenge,UNDRGRAD
synthetic_repo_076,synthetic_user_0867,2026,ASCR Leadership Computing Challenge,FACULTY
synthetic_repo_076,synthetic_user_0990,2026,ASCR Leadership Computing Challenge,PROSTAFF
synthetic_repo_076,synthetic_user_1025,2026,ASCR Leadership Computing Challenge,OTHER
synthetic_repo_076,synthetic_user_1082,2026,ASCR Leadership Computing Challenge,POSTDOC
synthetic_repo_076,synthetic_user_1133,2026,ASCR Leadership Computing Challenge,SCIENTST
synthetic_repo_076,synthetic_user_1143,2026,ASCR Leadership Computing Challenge,GRADUATE
synthetic_repo_076,synthetic_user_1159,2026,ASCR Leadership Computing Challenge,PROSTAFF
synthetic_repo_077,synthetic_user_0037,2026,ASCR Leadership Computing Challenge,PROSTAFF
synthetic_repo_077,synthetic_user_0138,2026,ASCR Leadership Computing Challenge,FACULTY
synthetic_repo_077,synthetic_user_0261,2026,ASCR Leadership Computing Challenge,FACULTY
synthetic_repo_077,synthetic_user_0303,2026,ASCR Leadership Computing Challenge,GRADUATE
synthetic_repo_077,synthetic_user_0359,2026,ASCR Leadership Computing Challenge,PROSTAFF
synthetic_repo_077,synthetic_user_0369,2026,ASCR Leadership Computing Challenge,OTHER
synthetic_repo_077,synthetic_user_0441,2026,ASCR Leadership Computing Challenge,POSTDOC
synthetic_repo_077,synthetic_user_0481,2026,ASCR Leadership Computing Challenge,POSTDOC
synthetic_repo_077,synthetic_user_0549,2026,ASCR Leadership Computing Challenge,GRADUATE
synthetic_repo_077,synthetic_user_0550,2026,ASCR Leadership Computing Challenge,SCIENTST
synthetic_repo_077,synthetic_user_0561,2026,ASCR Leadership Computing Challenge,POSTDOC
synthetic_repo_077,synthetic_user_0566,2026,ASCR Leadership Computing Challenge,UNDRGRAD
synthetic_repo_077,synthetic_user_0612,2026,ASCR Leadership Computing Challenge,FACULTY
synthetic_repo_077,synthetic_user_0699,2026,ASCR Leadership Computing Challenge,PROSTAFF
synthetic_repo_077,synthetic_user_0744,2026,ASCR Leadership Computing Challenge,UNDRGRAD
synthetic_repo_077,synthetic_user_0832,2026,ASCR Leadership Computing Challenge,PROSTAFF
synthetic_repo_077,synthetic_user_0990,2026,ASCR Leadership Computing Challenge,PROSTAFF
synthetic_repo_077,synthetic_user_1025,2026,ASCR Leadership Computing Challenge,OTHER
synthetic_repo_077,synthetic_user_1056,2026,ASCR Leadership Computing Challenge,SCIENTST
synthetic_repo_077,synthetic_user_1082,2026,ASCR Leadership Computing Challenge,POSTDOC
synthetic_repo_077,synthetic_user_1143,2026,ASCR Leadership Computing Challenge,GRADUATE
synthetic_repo_079,synthetic_user_0037,2026,ASCR Leadership Computing Challenge,PROSTAFF
synthetic_repo_079,synthetic_user_0056,2026,ASCR Leadership Computing Challenge,POSTDOC
synthetic_repo_079,synthetic_user_0065,2026,ASCR Leadership Computing Challenge,NONE
synthetic_repo_079,synthetic_user_0138,2026,ASCR Leadership Computing Challenge,FACULTY
synthetic_repo_079,synthetic_user_0158,2026,ASCR Leadership Computing Challenge,PROSTAFF
synthetic_repo_079,synthetic_user_0204,2026,ASCR Leadership Computing Challenge,SCIENTST
synthetic_repo_079,synthetic_user_0261,2026,ASCR Leadership Computing Challenge,FACULTY
synthetic_repo_079,synthetic_user_0273,2026,ASCR Leadership Computing Challenge,FACULTY
synthetic_repo_079,synthetic_user_0277,2026,ASCR Leadership Computing Challenge,SCIENTST
synthetic_repo_079,synthetic_user_0303,2026,ASCR Leadership Computing Challenge,GRADUATE
synthetic_repo_079,synthetic_user_0356,2026,ASCR Leadership Computing Challenge,SCIENTST
synthetic_repo_079,synthetic_user_0359,2026,ASCR Leadership Computing Challenge,PROSTAFF
synthetic_repo_079,synthetic_user_0369,2026,ASCR Leadership Computing Challenge,OTHER
synthetic_repo_079,synthetic_user_0441,2026,ASCR Leadership Computing Challenge,POSTDOC
synthetic_repo_079,synthetic_user_0481,2026,ASCR Leadership Computing Challenge,POSTDOC
synthetic_repo_079,synthetic_user_0549,2026,ASCR Leadership Computing Challenge,GRADUATE
synthetic_repo_079,synthetic_user_0550,2026,ASCR Leadership Computing Challenge,SCIENTST
synthetic_repo_079,synthetic_user_0561,2026,ASCR Leadership Computing Challenge,POSTDOC
synthetic_repo_079,synthetic_user_0566,2026,ASCR Leadership Computing Challenge,UNDRGRAD
synthetic_repo_079,synthetic_user_0573,2026,ASCR Leadership Computing Challenge,PROSTAFF
synthetic_repo_079,synthetic_user_0599,2026,ASCR Leadership Computing Challenge,SCIENTST
synthetic_repo_079,synthetic_user_0612,2026,ASCR Leadership Computing Challenge,FACULTY
synthetic_repo_079,synthetic_user_0699,2026,ASCR Leadership Computing Challenge,PROSTAFF
synthetic_repo_079,synthetic_user_0744,2026,ASCR Leadership Computing Challenge,UNDRGRAD
synthetic_repo_079,synthetic_user_0795,2026,ASCR Leadership Computing Challenge,OTHER
synthetic_repo_079,synthetic_user_0814,2026,ASCR Leadership Computing Challenge,GRADUATE
synthetic_repo_079,synthetic_user_0832,2026,ASCR Leadership Computing Challenge,PROSTAFF
synthetic_repo_079,synthetic_user_0867,2026,ASCR Leadership Computing Challenge,FACULTY
synthetic_repo_079,synthetic_user_0990,2026,ASCR Leadership Computing Challenge,PROSTAFF
synthetic_repo_079,synthetic_user_1025,2026,ASCR Leadership Computing Challenge,OTHER
synthetic_repo_079,synthetic_user_1056,2026,ASCR Leadership Computing Challenge,SCIENTST
synthetic_repo_079,synthetic_user_1066,2026,ASCR Leadership Computing Challenge,FACULTY
synthetic_repo_079,synthetic_user_1082,2026,ASCR Leadership Computing Challenge,POSTDOC
synthetic_repo_079,synthetic_user_1121,2026,ASCR Leadership Computing Challenge,NONE
synthetic_repo_079,synthetic_user_1133,2026,ASCR Leadership Computing Challenge,SCIENTST
synthetic_repo_079,synthetic_user_1143,2026,ASCR Leadership Computing Challenge,GRADUATE
synthetic_repo_079,synthetic_user_1159,2026,ASCR Leadership Computing Challenge,PROSTAFF
synthetic_repo_080,synthetic_user_0037,2026,ASCR Leadership Computing Challenge,PROSTAFF
synthetic_repo_080,synthetic_user_0056,2026,ASCR Leadership Computing Challenge,POSTDOC
synthetic_repo_080,synthetic_user_0065,2026,ASCR Leadership Computing Challenge,NONE
synthetic_repo_080,synthetic_user_0138,2026,ASCR Leadership Computing Challenge,FACULTY
synthetic_repo_080,synthetic_user_0158,2026,ASCR Leadership Computing Challenge,PROSTAFF
synthetic_repo_080,synthetic_user_0204,2026,ASCR Leadership Computing Challenge,SCIENTST
synthetic_repo_080,synthetic_user_0261,2026,ASCR Leadership Computing Challenge,FACULTY
synthetic_repo_080,synthetic_user_0273,2026,ASCR Leadership Computing Challenge,FACULTY
synthetic_repo_080,synthetic_user_0277,2026,ASCR Leadership Computing Challenge,SCIENTST
synthetic_repo_080,synthetic_user_0303,2026,ASCR Leadership Computing Challenge,GRADUATE
synthetic_repo_080,synthetic_user_0356,2026,ASCR Leadership Computing Challenge,SCIENTST
synthetic_repo_080,synthetic_user_0359,2026,ASCR Leadership Computing Challenge,PROSTAFF
synthetic_repo_080,synthetic_user_0369,2026,ASCR Leadership Computing Challenge,OTHER
synthetic_repo_080,synthetic_user_0441,2026,ASCR Leadership Computing Challenge,POSTDOC
synthetic_repo_080,synthetic_user_0481,2026,ASCR Leadership Computing Challenge,POSTDOC
synthetic_repo_080,synthetic_user_0549,2026,ASCR Leadership Computing Challenge,GRADUATE
synthetic_repo_080,synthetic_user_0550,2026,ASCR Leadership Computing Challenge,SCIENTST
synthetic_repo_080,synthetic_user_0561,2026,ASCR Leadership Computing Challenge,POSTDOC
synthetic_repo_080,synthetic_user_0566,2026,ASCR Leadership Computing Challenge,UNDRGRAD
synthetic_repo_080,synthetic_user_0573,2026,ASCR Leadership Computing Challenge,PROSTAFF
synthetic_repo_080,synthetic_user_0599,2026,ASCR Leadership Computing Challenge,SCIENTST
synthetic_repo_080,synthetic_user_0612,2026,ASCR Leadership Computing Challenge,FACULTY
synthetic_repo_080,synthetic_user_0699,2026,ASCR Leadership Computing Challenge,PROSTAFF
synthetic_repo_080,synthetic_user_0744,2026,ASCR Leadership Computing Challenge,UNDRGRAD
synthetic_repo_080,synthetic_user_0795,2026,ASCR Leadership Computing Challenge,OTHER
synthetic_repo_080,synthetic_user_0814,2026,ASCR Leadership Computing Challenge,GRADUATE
synthetic_repo_080,synthetic_user_0832,2026,ASCR Leadership Computing Challenge,PROSTAFF
synthetic_repo_080,synthetic_user_0867,2026,ASCR Leadership Computing Challenge,FACULTY
synthetic_repo_080,synthetic_user_0990,2026,ASCR Leadership Computing Challenge,PROSTAFF
synthetic_repo_080,synthetic_user_1025,2026,ASCR Leadership Computing Challenge,OTHER
synthetic_repo_080,synthetic_user_1056,2026,ASCR Leadership Computing Challenge,SCIENTST
synthetic_repo_080,synthetic_user_1066,2026,ASCR Leadership Computing Challenge,FACULTY
synthetic_repo_080,synthetic_user_1082,2026,ASCR Leadership Computing Challenge,POSTDOC
synthetic_repo_080,synthetic_user_1121,2026,ASCR Leadership Computing Challenge,NONE
synthetic_repo_080,synthetic_user_1133,2026,ASCR Leadership Computing Challenge,SCIENTST
synthetic_repo_080,synthetic_user_1143,2026,ASCR Leadership Computing Challenge,GRADUATE
synthetic_repo_080,synthetic_user_1159,2026,ASCR Leadership Computing Challenge,PROSTAFF
synthetic_singleton_repo_07,synthetic_user_1199,2026,Nuclear Physics,FACULTY
